"Database","Nucleotide_Change","Protein_Change","Gene","Encodes","Mechanism","Resistance","Organism","Validated_by","Notes","Accession","PMID","Paper_title","Publication_year","Origin"
"ResFinder",,"A70T","gyrA",,"Target modification","Nalidixic acid, Ciprofloxacin","Campylobacter jejuni",,,"LR134511.1",8384814,"Cloning and nucleotide sequence of the Campylobacter jejuni gyrA gene and characterization of quinolone resistance mutations.","1993.0",
"ResFinder",,"D85Y","gyrA",,"Target modification","Nalidixic acid, Ciprofloxacin","Campylobacter jejuni",,"Phenotype described only in association with other mutations (T86), unknown phenotype if the present mutation occurs alone","LR134511.1",18031331,"Antibiotic resistance and resistance mechanisms in Campylobacter jejuni and Campylobacter coli.","2007.0",
"ResFinder",,"T86I","gyrA",,"Target modification","Nalidixic acid, Ciprofloxacin","Campylobacter jejuni",,,"LR134511.1",11266291,"Quinolone and macrolide resistance in Campylobacter jejuni and C. coli: resistance mechanisms and trends in human isolates.","2001.0",
"ResFinder",,"T86I","gyrA",,"Target modification","Nalidixic acid, Ciprofloxacin","Campylobacter jejuni",,,"LR134511.1","Unpublished",,,
"ResFinder",,"T86I","gyrA",,"Target modification","Nalidixic acid, Ciprofloxacin","Campylobacter jejuni",,,"LR134511.1",8384814,"Cloning and nucleotide sequence of the Campylobacter jejuni gyrA gene and characterization of quinolone resistance mutations.","1993.0",
"ResFinder",,"T86I","gyrA",,"Target modification","Nalidixic acid, Ciprofloxacin","Campylobacter jejuni",,,"LR134511.1",16713726,"Mechanisms of fluoroquinolone and macrolide resistance in Campylobacter spp.","2006.0",
"ResFinder",,"T86A","gyrA",,"Target modification","Nalidixic acid, Ciprofloxacin","Campylobacter jejuni",,,"LR134511.1",11266291,"Quinolone and macrolide resistance in Campylobacter jejuni and C. coli: resistance mechanisms and trends in human isolates.","2001.0",
"ResFinder",,"T86A","gyrA",,"Target modification","Nalidixic acid, Ciprofloxacin","Campylobacter jejuni",,,"LR134511.1","Unpublished",,,
"ResFinder",,"T86A","gyrA",,"Target modification","Nalidixic acid, Ciprofloxacin","Campylobacter jejuni",,,"LR134511.1",8384814,"Cloning and nucleotide sequence of the Campylobacter jejuni gyrA gene and characterization of quinolone resistance mutations.","1993.0",
"ResFinder",,"T86A","gyrA",,"Target modification","Nalidixic acid, Ciprofloxacin","Campylobacter jejuni",,,"LR134511.1",16713726,"Mechanisms of fluoroquinolone and macrolide resistance in Campylobacter spp.","2006.0",
"ResFinder",,"T86K","gyrA",,"Target modification","Nalidixic acid, Ciprofloxacin","Campylobacter jejuni",,,"LR134511.1",11266291,"Quinolone and macrolide resistance in Campylobacter jejuni and C. coli: resistance mechanisms and trends in human isolates.","2001.0",
"ResFinder",,"T86K","gyrA",,"Target modification","Nalidixic acid, Ciprofloxacin","Campylobacter jejuni",,,"LR134511.1","Unpublished",,,
"ResFinder",,"T86K","gyrA",,"Target modification","Nalidixic acid, Ciprofloxacin","Campylobacter jejuni",,,"LR134511.1",8384814,"Cloning and nucleotide sequence of the Campylobacter jejuni gyrA gene and characterization of quinolone resistance mutations.","1993.0",
"ResFinder",,"T86K","gyrA",,"Target modification","Nalidixic acid, Ciprofloxacin","Campylobacter jejuni",,,"LR134511.1",16713726,"Mechanisms of fluoroquinolone and macrolide resistance in Campylobacter spp.","2006.0",
"ResFinder",,"T86V","gyrA",,"Target modification","Nalidixic acid, Ciprofloxacin","Campylobacter jejuni",,,"LR134511.1",11266291,"Quinolone and macrolide resistance in Campylobacter jejuni and C. coli: resistance mechanisms and trends in human isolates.","2001.0",
"ResFinder",,"T86V","gyrA",,"Target modification","Nalidixic acid, Ciprofloxacin","Campylobacter jejuni",,,"LR134511.1","Unpublished",,,
"ResFinder",,"T86V","gyrA",,"Target modification","Nalidixic acid, Ciprofloxacin","Campylobacter jejuni",,,"LR134511.1",8384814,"Cloning and nucleotide sequence of the Campylobacter jejuni gyrA gene and characterization of quinolone resistance mutations.","1993.0",
"ResFinder",,"T86V","gyrA",,"Target modification","Nalidixic acid, Ciprofloxacin","Campylobacter jejuni",,,"LR134511.1",16713726,"Mechanisms of fluoroquinolone and macrolide resistance in Campylobacter spp.","2006.0",
"ResFinder",,"D90A","gyrA",,"Target modification","Nalidixic acid, Ciprofloxacin","Campylobacter jejuni",,,"LR134511.1",8384814,"Cloning and nucleotide sequence of the Campylobacter jejuni gyrA gene and characterization of quinolone resistance mutations.","1993.0",
"ResFinder",,"D90A","gyrA",,"Target modification","Nalidixic acid, Ciprofloxacin","Campylobacter jejuni",,,"LR134511.1",8384814,"Cloning and nucleotide sequence of the Campylobacter jejuni gyrA gene and characterization of quinolone resistance mutations.","1993.0",
"ResFinder",,"D90A","gyrA",,"Target modification","Nalidixic acid, Ciprofloxacin","Campylobacter jejuni",,,"LR134511.1",16713726,"Mechanisms of fluoroquinolone and macrolide resistance in Campylobacter spp.","2006.0",
"ResFinder",,"D90N","gyrA",,"Target modification","Nalidixic acid, Ciprofloxacin","Campylobacter jejuni",,,"LR134511.1",8384814,"Cloning and nucleotide sequence of the Campylobacter jejuni gyrA gene and characterization of quinolone resistance mutations.","1993.0",
"ResFinder",,"D90N","gyrA",,"Target modification","Nalidixic acid, Ciprofloxacin","Campylobacter jejuni",,,"LR134511.1",8384814,"Cloning and nucleotide sequence of the Campylobacter jejuni gyrA gene and characterization of quinolone resistance mutations.","1993.0",
"ResFinder",,"D90N","gyrA",,"Target modification","Nalidixic acid, Ciprofloxacin","Campylobacter jejuni",,,"LR134511.1",16713726,"Mechanisms of fluoroquinolone and macrolide resistance in Campylobacter spp.","2006.0",
"ResFinder",,"D90T","gyrA",,"Target modification","Nalidixic acid, Ciprofloxacin","Campylobacter jejuni",,,"LR134511.1",8384814,"Cloning and nucleotide sequence of the Campylobacter jejuni gyrA gene and characterization of quinolone resistance mutations.","1993.0",
"ResFinder",,"D90T","gyrA",,"Target modification","Nalidixic acid, Ciprofloxacin","Campylobacter jejuni",,,"LR134511.1",8384814,"Cloning and nucleotide sequence of the Campylobacter jejuni gyrA gene and characterization of quinolone resistance mutations.","1993.0",
"ResFinder",,"D90T","gyrA",,"Target modification","Nalidixic acid, Ciprofloxacin","Campylobacter jejuni",,,"LR134511.1",16713726,"Mechanisms of fluoroquinolone and macrolide resistance in Campylobacter spp.","2006.0",
"ResFinder",,"P104S","gyrA",,"Target modification","Nalidixic acid, Ciprofloxacin","Campylobacter jejuni",,"Phenotype described only in association with other mutations (R285), unknown phenotype if the present mutation occurs alone","LR134511.1",16713726,"Mechanisms of fluoroquinolone and macrolide resistance in Campylobacter spp.","2006.0",
"ResFinder","A2074G",,"rrl",,"Target modification","Azithromycin, Erythromycin, Clindamycin, Telithromycin","Campylobacter jejuni",,,"LR134511.1",16713726,"Mechanisms of fluoroquinolone and macrolide resistance in Campylobacter spp.","2006.0",
"ResFinder","A2074G",,"rrl",,"Target modification","Azithromycin, Erythromycin, Clindamycin, Telithromycin","Campylobacter jejuni",,,"LR134511.1",16713726,"Mechanisms of fluoroquinolone and macrolide resistance in Campylobacter spp.","2006.0",
"ResFinder","A2074G",,"rrl",,"Target modification","Azithromycin, Erythromycin, Clindamycin, Telithromycin","Campylobacter jejuni",,,"LR134511.1",16713726,"Mechanisms of fluoroquinolone and macrolide resistance in Campylobacter spp.","2006.0",
"ResFinder","A2074T",,"rrl",,"Target modification","Azithromycin, Erythromycin, Clindamycin, Telithromycin","Campylobacter jejuni",,,"LR134511.1",16713726,"Mechanisms of fluoroquinolone and macrolide resistance in Campylobacter spp.","2006.0",
"ResFinder","A2074T",,"rrl",,"Target modification","Azithromycin, Erythromycin, Clindamycin, Telithromycin","Campylobacter jejuni",,,"LR134511.1",16713726,"Mechanisms of fluoroquinolone and macrolide resistance in Campylobacter spp.","2006.0",
"ResFinder","A2074T",,"rrl",,"Target modification","Azithromycin, Erythromycin, Clindamycin, Telithromycin","Campylobacter jejuni",,,"LR134511.1",16713726,"Mechanisms of fluoroquinolone and macrolide resistance in Campylobacter spp.","2006.0",
"ResFinder","A2074C",,"rrl",,"Target modification","Azithromycin, Erythromycin, Clindamycin, Telithromycin","Campylobacter jejuni",,,"LR134511.1",16713726,"Mechanisms of fluoroquinolone and macrolide resistance in Campylobacter spp.","2006.0",
"ResFinder","A2074C",,"rrl",,"Target modification","Azithromycin, Erythromycin, Clindamycin, Telithromycin","Campylobacter jejuni",,,"LR134511.1",16713726,"Mechanisms of fluoroquinolone and macrolide resistance in Campylobacter spp.","2006.0",
"ResFinder","A2074C",,"rrl",,"Target modification","Azithromycin, Erythromycin, Clindamycin, Telithromycin","Campylobacter jejuni",,,"LR134511.1",16713726,"Mechanisms of fluoroquinolone and macrolide resistance in Campylobacter spp.","2006.0",
"ResFinder","A2075G",,"rrl",,"Target modification","Azithromycin, Erythromycin, Clindamycin, Telithromycin","Campylobacter jejuni",,,"LR134511.1",16713726,"Mechanisms of fluoroquinolone and macrolide resistance in Campylobacter spp.","2006.0",
"ResFinder",,"K43R","rpsL",,"Target modification","Streptomycin","Campylobacter jejuni",,,"CP054847.1",20370506,"Mutations in the rpsL gene are involved in streptomycin resistance in Campylobacter coli.","2010.0",
"ResFinder",,"K88R","rpsL",,"Target modification","Streptomycin","Campylobacter jejuni",,,"CP054847.1",20370506,"Mutations in the rpsL gene are involved in streptomycin resistance in Campylobacter coli.","2010.0",
"ResFinder",,"K88E","rpsL",,"Target modification","Streptomycin","Campylobacter jejuni",,,"CP054847.1",20370506,"Mutations in the rpsL gene are involved in streptomycin resistance in Campylobacter coli.","2010.0",
"ResFinder",,"K88Q","rpsL",,"Target modification","Streptomycin","Campylobacter jejuni",,,"CP054847.1",20370506,"Mutations in the rpsL gene are involved in streptomycin resistance in Campylobacter coli.","2010.0",
"ResFinder",,"A70T","gyrA",,"Target modification","Nalidixic acid, Ciprofloxacin","Campylobacter coli",,,"CP035927.1",8384814,"Cloning and nucleotide sequence of the Campylobacter jejuni gyrA gene and characterization of quinolone resistance mutations.","1993.0",
"ResFinder",,"D85Y","gyrA",,"Target modification","Nalidixic acid, Ciprofloxacin","Campylobacter coli",,"Phenotype described only in association with other mutations (T86), unknown phenotype if the present mutation occurs alone","CP035927.1",18031331,"Antibiotic resistance and resistance mechanisms in Campylobacter jejuni and Campylobacter coli.","2007.0",
"ResFinder",,"T86I","gyrA",,"Target modification","Nalidixic acid, Ciprofloxacin","Campylobacter coli",,,"CP035927.1",11266291,"Quinolone and macrolide resistance in Campylobacter jejuni and C. coli: resistance mechanisms and trends in human isolates.","2001.0",
"ResFinder",,"T86I","gyrA",,"Target modification","Nalidixic acid, Ciprofloxacin","Campylobacter coli",,,"CP035927.1","Unpublished",,,
"ResFinder",,"T86I","gyrA",,"Target modification","Nalidixic acid, Ciprofloxacin","Campylobacter coli",,,"CP035927.1",8384814,"Cloning and nucleotide sequence of the Campylobacter jejuni gyrA gene and characterization of quinolone resistance mutations.","1993.0",
"ResFinder",,"T86I","gyrA",,"Target modification","Nalidixic acid, Ciprofloxacin","Campylobacter coli",,,"CP035927.1",16713726,"Mechanisms of fluoroquinolone and macrolide resistance in Campylobacter spp.","2006.0",
"ResFinder",,"T86A","gyrA",,"Target modification","Nalidixic acid, Ciprofloxacin","Campylobacter coli",,,"CP035927.1",11266291,"Quinolone and macrolide resistance in Campylobacter jejuni and C. coli: resistance mechanisms and trends in human isolates.","2001.0",
"ResFinder",,"T86A","gyrA",,"Target modification","Nalidixic acid, Ciprofloxacin","Campylobacter coli",,,"CP035927.1","Unpublished",,,
"ResFinder",,"T86A","gyrA",,"Target modification","Nalidixic acid, Ciprofloxacin","Campylobacter coli",,,"CP035927.1",8384814,"Cloning and nucleotide sequence of the Campylobacter jejuni gyrA gene and characterization of quinolone resistance mutations.","1993.0",
"ResFinder",,"T86A","gyrA",,"Target modification","Nalidixic acid, Ciprofloxacin","Campylobacter coli",,,"CP035927.1",16713726,"Mechanisms of fluoroquinolone and macrolide resistance in Campylobacter spp.","2006.0",
"ResFinder",,"T86K","gyrA",,"Target modification","Nalidixic acid, Ciprofloxacin","Campylobacter coli",,,"CP035927.1",11266291,"Quinolone and macrolide resistance in Campylobacter jejuni and C. coli: resistance mechanisms and trends in human isolates.","2001.0",
"ResFinder",,"T86K","gyrA",,"Target modification","Nalidixic acid, Ciprofloxacin","Campylobacter coli",,,"CP035927.1","Unpublished",,,
"ResFinder",,"T86K","gyrA",,"Target modification","Nalidixic acid, Ciprofloxacin","Campylobacter coli",,,"CP035927.1",8384814,"Cloning and nucleotide sequence of the Campylobacter jejuni gyrA gene and characterization of quinolone resistance mutations.","1993.0",
"ResFinder",,"T86K","gyrA",,"Target modification","Nalidixic acid, Ciprofloxacin","Campylobacter coli",,,"CP035927.1",16713726,"Mechanisms of fluoroquinolone and macrolide resistance in Campylobacter spp.","2006.0",
"ResFinder",,"T86V","gyrA",,"Target modification","Nalidixic acid, Ciprofloxacin","Campylobacter coli",,,"CP035927.1",11266291,"Quinolone and macrolide resistance in Campylobacter jejuni and C. coli: resistance mechanisms and trends in human isolates.","2001.0",
"ResFinder",,"T86V","gyrA",,"Target modification","Nalidixic acid, Ciprofloxacin","Campylobacter coli",,,"CP035927.1","Unpublished",,,
"ResFinder",,"T86V","gyrA",,"Target modification","Nalidixic acid, Ciprofloxacin","Campylobacter coli",,,"CP035927.1",8384814,"Cloning and nucleotide sequence of the Campylobacter jejuni gyrA gene and characterization of quinolone resistance mutations.","1993.0",
"ResFinder",,"T86V","gyrA",,"Target modification","Nalidixic acid, Ciprofloxacin","Campylobacter coli",,,"CP035927.1",16713726,"Mechanisms of fluoroquinolone and macrolide resistance in Campylobacter spp.","2006.0",
"ResFinder",,"D90A","gyrA",,"Target modification","Nalidixic acid, Ciprofloxacin","Campylobacter coli",,,"CP035927.1",8384814,"Cloning and nucleotide sequence of the Campylobacter jejuni gyrA gene and characterization of quinolone resistance mutations.","1993.0",
"ResFinder",,"D90A","gyrA",,"Target modification","Nalidixic acid, Ciprofloxacin","Campylobacter coli",,,"CP035927.1",8384814,"Cloning and nucleotide sequence of the Campylobacter jejuni gyrA gene and characterization of quinolone resistance mutations.","1993.0",
"ResFinder",,"D90A","gyrA",,"Target modification","Nalidixic acid, Ciprofloxacin","Campylobacter coli",,,"CP035927.1",16713726,"Mechanisms of fluoroquinolone and macrolide resistance in Campylobacter spp.","2006.0",
"ResFinder",,"D90N","gyrA",,"Target modification","Nalidixic acid, Ciprofloxacin","Campylobacter coli",,,"CP035927.1",8384814,"Cloning and nucleotide sequence of the Campylobacter jejuni gyrA gene and characterization of quinolone resistance mutations.","1993.0",
"ResFinder",,"D90N","gyrA",,"Target modification","Nalidixic acid, Ciprofloxacin","Campylobacter coli",,,"CP035927.1",8384814,"Cloning and nucleotide sequence of the Campylobacter jejuni gyrA gene and characterization of quinolone resistance mutations.","1993.0",
"ResFinder",,"D90N","gyrA",,"Target modification","Nalidixic acid, Ciprofloxacin","Campylobacter coli",,,"CP035927.1",16713726,"Mechanisms of fluoroquinolone and macrolide resistance in Campylobacter spp.","2006.0",
"ResFinder",,"D90T","gyrA",,"Target modification","Nalidixic acid, Ciprofloxacin","Campylobacter coli",,,"CP035927.1",8384814,"Cloning and nucleotide sequence of the Campylobacter jejuni gyrA gene and characterization of quinolone resistance mutations.","1993.0",
"ResFinder",,"D90T","gyrA",,"Target modification","Nalidixic acid, Ciprofloxacin","Campylobacter coli",,,"CP035927.1",8384814,"Cloning and nucleotide sequence of the Campylobacter jejuni gyrA gene and characterization of quinolone resistance mutations.","1993.0",
"ResFinder",,"D90T","gyrA",,"Target modification","Nalidixic acid, Ciprofloxacin","Campylobacter coli",,,"CP035927.1",16713726,"Mechanisms of fluoroquinolone and macrolide resistance in Campylobacter spp.","2006.0",
"ResFinder",,"P104S","gyrA",,"Target modification","Nalidixic acid, Ciprofloxacin","Campylobacter coli",,"Phenotype described only in association with other mutations (R285), unknown phenotype if the present mutation occurs alone","CP035927.1",16713726,"Mechanisms of fluoroquinolone and macrolide resistance in Campylobacter spp.","2006.0",
"ResFinder",,"G56D","porA",,"Efflux","Ertapenem, Meropenem","Campylobacter jejuni",,"Contributes to increased resistance","YP_002344650.1",37358443,"Recurrent Campylobacter jejuni Infections with In Vivo Selection of Resistance to Macrolides and Carbapenems: Molecular Characterization of Resistance Determinants.","2023.0",
"ResFinder",,"G56D","porA",,"Efflux","Ertapenem, Meropenem","Campylobacter jejuni",,"Contributes to increased resistance","YP_002344650.1",37358443,"Recurrent Campylobacter jejuni Infections with In Vivo Selection of Resistance to Macrolides and Carbapenems: Molecular Characterization of Resistance Determinants.","2023.0",
"ResFinder",,"G56D","porA",,"Efflux","Ertapenem, Meropenem","Campylobacter jejuni",,"Contributes to increased resistance","YP_002344650.1",37358443,"Recurrent Campylobacter jejuni Infections with In Vivo Selection of Resistance to Macrolides and Carbapenems: Molecular Characterization of Resistance Determinants.","2023.0",
"ResFinder",,"G56D","porA",,"Efflux","Ertapenem, Meropenem","Campylobacter jejuni",,"Contributes to increased resistance","YP_002344650.1",37358443,"Recurrent Campylobacter jejuni Infections with In Vivo Selection of Resistance to Macrolides and Carbapenems: Molecular Characterization of Resistance Determinants.","2023.0",
"ResFinder",,"A366T","cmeA",,"Efflux","Ertapenem, Meropenem","Campylobacter jejuni",,"Contributes to increased resistance","YP_002343804.1",37358443,"Recurrent Campylobacter jejuni Infections with In Vivo Selection of Resistance to Macrolides and Carbapenems: Molecular Characterization of Resistance Determinants.","2023.0",
"ResFinder",,"A366T","cmeA",,"Efflux","Ertapenem, Meropenem","Campylobacter jejuni",,"Contributes to increased resistance","YP_002343804.1",37358443,"Recurrent Campylobacter jejuni Infections with In Vivo Selection of Resistance to Macrolides and Carbapenems: Molecular Characterization of Resistance Determinants.","2023.0",
"ResFinder",,"A366T","cmeA",,"Efflux","Ertapenem, Meropenem","Campylobacter jejuni",,"Contributes to increased resistance","YP_002343804.1",37358443,"Recurrent Campylobacter jejuni Infections with In Vivo Selection of Resistance to Macrolides and Carbapenems: Molecular Characterization of Resistance Determinants.","2023.0",
"ResFinder",,"A366T","cmeA",,"Efflux","Ertapenem, Meropenem","Campylobacter jejuni",,"Contributes to increased resistance","YP_002343804.1",37358443,"Recurrent Campylobacter jejuni Infections with In Vivo Selection of Resistance to Macrolides and Carbapenems: Molecular Characterization of Resistance Determinants.","2023.0",
"ResFinder",,"K45E","cmeB",,"Efflux","Ertapenem, Meropenem","Campylobacter jejuni",,"Contributes to increased resistance","YP_002343803.1",37358443,"Recurrent Campylobacter jejuni Infections with In Vivo Selection of Resistance to Macrolides and Carbapenems: Molecular Characterization of Resistance Determinants.","2023.0",
"ResFinder",,"K45E","cmeB",,"Efflux","Ertapenem, Meropenem","Campylobacter jejuni",,"Contributes to increased resistance","YP_002343803.1",37358443,"Recurrent Campylobacter jejuni Infections with In Vivo Selection of Resistance to Macrolides and Carbapenems: Molecular Characterization of Resistance Determinants.","2023.0",
"ResFinder",,"P172S","cmeR",,"Efflux","Ertapenem, Meropenem","Campylobacter jejuni",,"Contributes to increased resistance","YP_002343805.1",37358443,"Recurrent Campylobacter jejuni Infections with In Vivo Selection of Resistance to Macrolides and Carbapenems: Molecular Characterization of Resistance Determinants.","2023.0",
"ResFinder",,"P172S","cmeR",,"Efflux","Ertapenem, Meropenem","Campylobacter jejuni",,"Contributes to increased resistance","YP_002343805.1",37358443,"Recurrent Campylobacter jejuni Infections with In Vivo Selection of Resistance to Macrolides and Carbapenems: Molecular Characterization of Resistance Determinants.","2023.0",
"ResFinder",,"P172S","cmeR",,"Efflux","Ertapenem, Meropenem","Campylobacter jejuni",,"Contributes to increased resistance","YP_002343805.1",37358443,"Recurrent Campylobacter jejuni Infections with In Vivo Selection of Resistance to Macrolides and Carbapenems: Molecular Characterization of Resistance Determinants.","2023.0",
"ResFinder",,"P172S","cmeR",,"Efflux","Ertapenem, Meropenem","Campylobacter jejuni",,"Contributes to increased resistance","YP_002343805.1",37358443,"Recurrent Campylobacter jejuni Infections with In Vivo Selection of Resistance to Macrolides and Carbapenems: Molecular Characterization of Resistance Determinants.","2023.0",
"ResFinder",,"ins139ND","porA",,"Efflux","Ertapenem, Meropenem","Campylobacter jejuni",,"Contributes to increased resistance. The actual insertion is Asn139_Ala140insAsp, but is picked up by BLAST as N139_N139delinsND.","YP_002344650.1",37358443,"Recurrent Campylobacter jejuni Infections with In Vivo Selection of Resistance to Macrolides and Carbapenems: Molecular Characterization of Resistance Determinants.","2023.0",
"ResFinder",,"ins139D","porA",,"Efflux","Ertapenem, Meropenem","Campylobacter jejuni",,"Contributes to increased resistance","YP_002344650.1",37358443,"Recurrent Campylobacter jejuni Infections with In Vivo Selection of Resistance to Macrolides and Carbapenems: Molecular Characterization of Resistance Determinants.","2023.0",
"ResFinder",,"S83R","gyrA",,"Target modification","Nalidixic acid, Ciprofloxacin","Enterococcus faecalis",,"Phenotype described only in association with parC mutations, unknown phenotype if the present mutation occurs alone","CP046113.1",12373497,"Activity of quinolones against gram-positive cocci: mechanisms of drug action and bacterial resistance.","2002.0",
"ResFinder",,"S83R","gyrA",,"Target modification","Nalidixic acid, Ciprofloxacin","Enterococcus faecalis",,"Phenotype described only in association with parC mutations, unknown phenotype if the present mutation occurs alone","CP046113.1",9527801,"Alterations in the GyrA subunit of DNA gyrase and the ParC subunit of DNA topoisomerase IV associated with quinolone resistance in Enterococcus faecalis.","1998.0",
"ResFinder",,"S83I","gyrA",,"Target modification","Nalidixic acid, Ciprofloxacin","Enterococcus faecalis",,"Phenotype described only in association with parC mutations, unknown phenotype if the present mutation occurs alone","CP046113.1",12373497,"Activity of quinolones against gram-positive cocci: mechanisms of drug action and bacterial resistance.","2002.0",
"ResFinder",,"S83I","gyrA",,"Target modification","Nalidixic acid, Ciprofloxacin","Enterococcus faecalis",,"Phenotype described only in association with parC mutations, unknown phenotype if the present mutation occurs alone","CP046113.1",9527801,"Alterations in the GyrA subunit of DNA gyrase and the ParC subunit of DNA topoisomerase IV associated with quinolone resistance in Enterococcus faecalis.","1998.0",
"ResFinder",,"S83N","gyrA",,"Target modification","Nalidixic acid, Ciprofloxacin","Enterococcus faecalis",,"Phenotype described only in association with parC mutations, unknown phenotype if the present mutation occurs alone","CP046113.1",12373497,"Activity of quinolones against gram-positive cocci: mechanisms of drug action and bacterial resistance.","2002.0",
"ResFinder",,"S83N","gyrA",,"Target modification","Nalidixic acid, Ciprofloxacin","Enterococcus faecalis",,"Phenotype described only in association with parC mutations, unknown phenotype if the present mutation occurs alone","CP046113.1",9527801,"Alterations in the GyrA subunit of DNA gyrase and the ParC subunit of DNA topoisomerase IV associated with quinolone resistance in Enterococcus faecalis.","1998.0",
"ResFinder",,"S83L","gyrA",,"Target modification","Nalidixic acid, Ciprofloxacin","Enterococcus faecalis",,"Phenotype described only in association with parC mutations, unknown phenotype if the present mutation occurs alone","CP046113.1",12373497,"Activity of quinolones against gram-positive cocci: mechanisms of drug action and bacterial resistance.","2002.0",
"ResFinder",,"S83L","gyrA",,"Target modification","Nalidixic acid, Ciprofloxacin","Enterococcus faecalis",,"Phenotype described only in association with parC mutations, unknown phenotype if the present mutation occurs alone","CP046113.1",9527801,"Alterations in the GyrA subunit of DNA gyrase and the ParC subunit of DNA topoisomerase IV associated with quinolone resistance in Enterococcus faecalis.","1998.0",
"ResFinder",,"S83Y","gyrA",,"Target modification","Nalidixic acid, Ciprofloxacin","Enterococcus faecalis",,"Phenotype described only in association with parC mutations, unknown phenotype if the present mutation occurs alone","CP046113.1",12373497,"Activity of quinolones against gram-positive cocci: mechanisms of drug action and bacterial resistance.","2002.0",
"ResFinder",,"S83Y","gyrA",,"Target modification","Nalidixic acid, Ciprofloxacin","Enterococcus faecalis",,"Phenotype described only in association with parC mutations, unknown phenotype if the present mutation occurs alone","CP046113.1",9527801,"Alterations in the GyrA subunit of DNA gyrase and the ParC subunit of DNA topoisomerase IV associated with quinolone resistance in Enterococcus faecalis.","1998.0",
"ResFinder",,"E87K","gyrA",,"Target modification","Nalidixic acid, Ciprofloxacin","Enterococcus faecalis",,"Phenotype described only in association with parC mutations, unknown phenotype if the present mutation occurs alone","CP046113.1",12373497,"Activity of quinolones against gram-positive cocci: mechanisms of drug action and bacterial resistance.","2002.0",
"ResFinder",,"E87K","gyrA",,"Target modification","Nalidixic acid, Ciprofloxacin","Enterococcus faecalis",,"Phenotype described only in association with parC mutations, unknown phenotype if the present mutation occurs alone","CP046113.1",12373497,"Activity of quinolones against gram-positive cocci: mechanisms of drug action and bacterial resistance.","2002.0",
"ResFinder",,"E87K","gyrA",,"Target modification","Nalidixic acid, Ciprofloxacin","Enterococcus faecalis",,"Phenotype described only in association with parC mutations, unknown phenotype if the present mutation occurs alone","CP046113.1",12373497,"Activity of quinolones against gram-positive cocci: mechanisms of drug action and bacterial resistance.","2002.0",
"ResFinder",,"E87G","gyrA",,"Target modification","Nalidixic acid, Ciprofloxacin","Enterococcus faecalis",,"Phenotype described only in association with parC mutations, unknown phenotype if the present mutation occurs alone","CP046113.1",12373497,"Activity of quinolones against gram-positive cocci: mechanisms of drug action and bacterial resistance.","2002.0",
"ResFinder",,"E87G","gyrA",,"Target modification","Nalidixic acid, Ciprofloxacin","Enterococcus faecalis",,"Phenotype described only in association with parC mutations, unknown phenotype if the present mutation occurs alone","CP046113.1",12373497,"Activity of quinolones against gram-positive cocci: mechanisms of drug action and bacterial resistance.","2002.0",
"ResFinder",,"E87G","gyrA",,"Target modification","Nalidixic acid, Ciprofloxacin","Enterococcus faecalis",,"Phenotype described only in association with parC mutations, unknown phenotype if the present mutation occurs alone","CP046113.1",12373497,"Activity of quinolones against gram-positive cocci: mechanisms of drug action and bacterial resistance.","2002.0",
"ResFinder",,"E87L","gyrA",,"Target modification","Nalidixic acid, Ciprofloxacin","Enterococcus faecalis",,"Phenotype described only in association with parC mutations, unknown phenotype if the present mutation occurs alone","CP046113.1",12373497,"Activity of quinolones against gram-positive cocci: mechanisms of drug action and bacterial resistance.","2002.0",
"ResFinder",,"E87L","gyrA",,"Target modification","Nalidixic acid, Ciprofloxacin","Enterococcus faecalis",,"Phenotype described only in association with parC mutations, unknown phenotype if the present mutation occurs alone","CP046113.1",12373497,"Activity of quinolones against gram-positive cocci: mechanisms of drug action and bacterial resistance.","2002.0",
"ResFinder",,"E87L","gyrA",,"Target modification","Nalidixic acid, Ciprofloxacin","Enterococcus faecalis",,"Phenotype described only in association with parC mutations, unknown phenotype if the present mutation occurs alone","CP046113.1",12373497,"Activity of quinolones against gram-positive cocci: mechanisms of drug action and bacterial resistance.","2002.0",
"ResFinder",,"S97N","gyrA",,"Target modification","Nalidixic acid, Ciprofloxacin","Enterococcus faecalis",,"Phenotype described only in association with parC mutations, unknown phenotype if the present mutation occurs alone","CP046113.1",10508034,"Association of alterations in ParC and GyrA proteins with resistance of clinical isolates of Enterococcus faecium to nine different fluoroquinolones.","1999.0",
"ResFinder",,"S80R","parC",,"Target modification","Nalidixic acid, Ciprofloxacin","Enterococcus faecalis",,,"AB059406.1",12373497,"Activity of quinolones against gram-positive cocci: mechanisms of drug action and bacterial resistance.","2002.0",
"ResFinder",,"S80R","parC",,"Target modification","Nalidixic acid, Ciprofloxacin","Enterococcus faecalis",,,"AB059406.1",123735,"Surgical treatment for anomalous origin of left coronary artery from pulmonary artery.","1975.0",
"ResFinder",,"S80I","parC",,"Target modification","Nalidixic acid, Ciprofloxacin","Enterococcus faecalis",,,"AB059406.1",12373497,"Activity of quinolones against gram-positive cocci: mechanisms of drug action and bacterial resistance.","2002.0",
"ResFinder",,"S80I","parC",,"Target modification","Nalidixic acid, Ciprofloxacin","Enterococcus faecalis",,,"AB059406.1",123735,"Surgical treatment for anomalous origin of left coronary artery from pulmonary artery.","1975.0",
"ResFinder",,"E84A","parC",,"Target modification","Nalidixic acid, Ciprofloxacin","Enterococcus faecalis",,,"AB059406.1",12373497,"Activity of quinolones against gram-positive cocci: mechanisms of drug action and bacterial resistance.","2002.0",
"ResFinder",,"E84A","parC",,"Target modification","Nalidixic acid, Ciprofloxacin","Enterococcus faecalis",,,"AB059406.1",9527801,"Alterations in the GyrA subunit of DNA gyrase and the ParC subunit of DNA topoisomerase IV associated with quinolone resistance in Enterococcus faecalis.","1998.0",
"ResFinder",,"E84K","parC",,"Target modification","Nalidixic acid, Ciprofloxacin","Enterococcus faecalis",,,"AB059406.1",12373497,"Activity of quinolones against gram-positive cocci: mechanisms of drug action and bacterial resistance.","2002.0",
"ResFinder",,"E84K","parC",,"Target modification","Nalidixic acid, Ciprofloxacin","Enterococcus faecalis",,,"AB059406.1",9527801,"Alterations in the GyrA subunit of DNA gyrase and the ParC subunit of DNA topoisomerase IV associated with quinolone resistance in Enterococcus faecalis.","1998.0",
"ResFinder",,"E84T","parC",,"Target modification","Nalidixic acid, Ciprofloxacin","Enterococcus faecalis",,,"AB059406.1",12373497,"Activity of quinolones against gram-positive cocci: mechanisms of drug action and bacterial resistance.","2002.0",
"ResFinder",,"E84T","parC",,"Target modification","Nalidixic acid, Ciprofloxacin","Enterococcus faecalis",,,"AB059406.1",9527801,"Alterations in the GyrA subunit of DNA gyrase and the ParC subunit of DNA topoisomerase IV associated with quinolone resistance in Enterococcus faecalis.","1998.0",
"ResFinder",,"S83R","gyrA",,"Target modification","Nalidixic acid, Ciprofloxacin","Enterococcus faecium",,"Phenotype described only in association with parC mutations, unknown phenotype if the present mutation occurs alone","CP045012.1",12373497,"Activity of quinolones against gram-positive cocci: mechanisms of drug action and bacterial resistance.","2002.0",
"ResFinder",,"S83R","gyrA",,"Target modification","Nalidixic acid, Ciprofloxacin","Enterococcus faecium",,"Phenotype described only in association with parC mutations, unknown phenotype if the present mutation occurs alone","CP045012.1",9527801,"Alterations in the GyrA subunit of DNA gyrase and the ParC subunit of DNA topoisomerase IV associated with quinolone resistance in Enterococcus faecalis.","1998.0",
"ResFinder",,"S83I","gyrA",,"Target modification","Nalidixic acid, Ciprofloxacin","Enterococcus faecium",,"Phenotype described only in association with parC mutations, unknown phenotype if the present mutation occurs alone","CP045012.1",12373497,"Activity of quinolones against gram-positive cocci: mechanisms of drug action and bacterial resistance.","2002.0",
"ResFinder",,"S83I","gyrA",,"Target modification","Nalidixic acid, Ciprofloxacin","Enterococcus faecium",,"Phenotype described only in association with parC mutations, unknown phenotype if the present mutation occurs alone","CP045012.1",9527801,"Alterations in the GyrA subunit of DNA gyrase and the ParC subunit of DNA topoisomerase IV associated with quinolone resistance in Enterococcus faecalis.","1998.0",
"ResFinder",,"S83N","gyrA",,"Target modification","Nalidixic acid, Ciprofloxacin","Enterococcus faecium",,"Phenotype described only in association with parC mutations, unknown phenotype if the present mutation occurs alone","CP045012.1",12373497,"Activity of quinolones against gram-positive cocci: mechanisms of drug action and bacterial resistance.","2002.0",
"ResFinder",,"S83N","gyrA",,"Target modification","Nalidixic acid, Ciprofloxacin","Enterococcus faecium",,"Phenotype described only in association with parC mutations, unknown phenotype if the present mutation occurs alone","CP045012.1",9527801,"Alterations in the GyrA subunit of DNA gyrase and the ParC subunit of DNA topoisomerase IV associated with quinolone resistance in Enterococcus faecalis.","1998.0",
"ResFinder",,"S83L","gyrA",,"Target modification","Nalidixic acid, Ciprofloxacin","Enterococcus faecium",,"Phenotype described only in association with parC mutations, unknown phenotype if the present mutation occurs alone","CP045012.1",12373497,"Activity of quinolones against gram-positive cocci: mechanisms of drug action and bacterial resistance.","2002.0",
"ResFinder",,"S83L","gyrA",,"Target modification","Nalidixic acid, Ciprofloxacin","Enterococcus faecium",,"Phenotype described only in association with parC mutations, unknown phenotype if the present mutation occurs alone","CP045012.1",9527801,"Alterations in the GyrA subunit of DNA gyrase and the ParC subunit of DNA topoisomerase IV associated with quinolone resistance in Enterococcus faecalis.","1998.0",
"ResFinder",,"S83Y","gyrA",,"Target modification","Nalidixic acid, Ciprofloxacin","Enterococcus faecium",,"Phenotype described only in association with parC mutations, unknown phenotype if the present mutation occurs alone","CP045012.1",12373497,"Activity of quinolones against gram-positive cocci: mechanisms of drug action and bacterial resistance.","2002.0",
"ResFinder",,"S83Y","gyrA",,"Target modification","Nalidixic acid, Ciprofloxacin","Enterococcus faecium",,"Phenotype described only in association with parC mutations, unknown phenotype if the present mutation occurs alone","CP045012.1",9527801,"Alterations in the GyrA subunit of DNA gyrase and the ParC subunit of DNA topoisomerase IV associated with quinolone resistance in Enterococcus faecalis.","1998.0",
"ResFinder",,"E87K","gyrA",,"Target modification","Nalidixic acid, Ciprofloxacin","Enterococcus faecium",,"Phenotype described only in association with parC mutations, unknown phenotype if the present mutation occurs alone","CP045012.1",12373497,"Activity of quinolones against gram-positive cocci: mechanisms of drug action and bacterial resistance.","2002.0",
"ResFinder",,"E87K","gyrA",,"Target modification","Nalidixic acid, Ciprofloxacin","Enterococcus faecium",,"Phenotype described only in association with parC mutations, unknown phenotype if the present mutation occurs alone","CP045012.1",12373497,"Activity of quinolones against gram-positive cocci: mechanisms of drug action and bacterial resistance.","2002.0",
"ResFinder",,"E87K","gyrA",,"Target modification","Nalidixic acid, Ciprofloxacin","Enterococcus faecium",,"Phenotype described only in association with parC mutations, unknown phenotype if the present mutation occurs alone","CP045012.1",12373497,"Activity of quinolones against gram-positive cocci: mechanisms of drug action and bacterial resistance.","2002.0",
"ResFinder",,"E87G","gyrA",,"Target modification","Nalidixic acid, Ciprofloxacin","Enterococcus faecium",,"Phenotype described only in association with parC mutations, unknown phenotype if the present mutation occurs alone","CP045012.1",12373497,"Activity of quinolones against gram-positive cocci: mechanisms of drug action and bacterial resistance.","2002.0",
"ResFinder",,"E87G","gyrA",,"Target modification","Nalidixic acid, Ciprofloxacin","Enterococcus faecium",,"Phenotype described only in association with parC mutations, unknown phenotype if the present mutation occurs alone","CP045012.1",12373497,"Activity of quinolones against gram-positive cocci: mechanisms of drug action and bacterial resistance.","2002.0",
"ResFinder",,"E87G","gyrA",,"Target modification","Nalidixic acid, Ciprofloxacin","Enterococcus faecium",,"Phenotype described only in association with parC mutations, unknown phenotype if the present mutation occurs alone","CP045012.1",12373497,"Activity of quinolones against gram-positive cocci: mechanisms of drug action and bacterial resistance.","2002.0",
"ResFinder",,"E87L","gyrA",,"Target modification","Nalidixic acid, Ciprofloxacin","Enterococcus faecium",,"Phenotype described only in association with parC mutations, unknown phenotype if the present mutation occurs alone","CP045012.1",12373497,"Activity of quinolones against gram-positive cocci: mechanisms of drug action and bacterial resistance.","2002.0",
"ResFinder",,"E87L","gyrA",,"Target modification","Nalidixic acid, Ciprofloxacin","Enterococcus faecium",,"Phenotype described only in association with parC mutations, unknown phenotype if the present mutation occurs alone","CP045012.1",12373497,"Activity of quinolones against gram-positive cocci: mechanisms of drug action and bacterial resistance.","2002.0",
"ResFinder",,"E87L","gyrA",,"Target modification","Nalidixic acid, Ciprofloxacin","Enterococcus faecium",,"Phenotype described only in association with parC mutations, unknown phenotype if the present mutation occurs alone","CP045012.1",12373497,"Activity of quinolones against gram-positive cocci: mechanisms of drug action and bacterial resistance.","2002.0",
"ResFinder",,"S97N","gyrA",,"Target modification","Nalidixic acid, Ciprofloxacin","Enterococcus faecium",,"Phenotype described only in association with parC mutations, unknown phenotype if the present mutation occurs alone","CP045012.1",10508034,"Association of alterations in ParC and GyrA proteins with resistance of clinical isolates of Enterococcus faecium to nine different fluoroquinolones.","1999.0",
"ResFinder",,"S80R","parC",,"Target modification","Nalidixic acid, Ciprofloxacin","Enterococcus faecium",,,"LR536658.1",12373497,"Activity of quinolones against gram-positive cocci: mechanisms of drug action and bacterial resistance.","2002.0",
"ResFinder",,"S80R","parC",,"Target modification","Nalidixic acid, Ciprofloxacin","Enterococcus faecium",,,"LR536658.1",123735,"Surgical treatment for anomalous origin of left coronary artery from pulmonary artery.","1975.0",
"ResFinder",,"S80I","parC",,"Target modification","Nalidixic acid, Ciprofloxacin","Enterococcus faecium",,,"LR536658.1",12373497,"Activity of quinolones against gram-positive cocci: mechanisms of drug action and bacterial resistance.","2002.0",
"ResFinder",,"S80I","parC",,"Target modification","Nalidixic acid, Ciprofloxacin","Enterococcus faecium",,,"LR536658.1",123735,"Surgical treatment for anomalous origin of left coronary artery from pulmonary artery.","1975.0",
"ResFinder",,"E84A","parC",,"Target modification","Nalidixic acid, Ciprofloxacin","Enterococcus faecium",,,"LR536658.1",12373497,"Activity of quinolones against gram-positive cocci: mechanisms of drug action and bacterial resistance.","2002.0",
"ResFinder",,"E84A","parC",,"Target modification","Nalidixic acid, Ciprofloxacin","Enterococcus faecium",,,"LR536658.1",9527801,"Alterations in the GyrA subunit of DNA gyrase and the ParC subunit of DNA topoisomerase IV associated with quinolone resistance in Enterococcus faecalis.","1998.0",
"ResFinder",,"E84K","parC",,"Target modification","Nalidixic acid, Ciprofloxacin","Enterococcus faecium",,,"LR536658.1",12373497,"Activity of quinolones against gram-positive cocci: mechanisms of drug action and bacterial resistance.","2002.0",
"ResFinder",,"E84K","parC",,"Target modification","Nalidixic acid, Ciprofloxacin","Enterococcus faecium",,,"LR536658.1",9527801,"Alterations in the GyrA subunit of DNA gyrase and the ParC subunit of DNA topoisomerase IV associated with quinolone resistance in Enterococcus faecalis.","1998.0",
"ResFinder",,"E84T","parC",,"Target modification","Nalidixic acid, Ciprofloxacin","Enterococcus faecium",,,"LR536658.1",12373497,"Activity of quinolones against gram-positive cocci: mechanisms of drug action and bacterial resistance.","2002.0",
"ResFinder",,"E84T","parC",,"Target modification","Nalidixic acid, Ciprofloxacin","Enterococcus faecium",,,"LR536658.1",9527801,"Alterations in the GyrA subunit of DNA gyrase and the ParC subunit of DNA topoisomerase IV associated with quinolone resistance in Enterococcus faecalis.","1998.0",
"ResFinder",,"V24A","pbp5",,"Target modification","Ampicillin","Enterococcus faecium",,"The nineteen pbp5 mutations must be present simultaneously for resistance phenotype","AAK43724.1",25182648,"Enterococcus faecium PBP5-S/R, the missing link between PBP5-S and PBP5-R.","2014.0",
"ResFinder",,"S27G","pbp5",,"Target modification","Ampicillin","Enterococcus faecium",,"The nineteen pbp5 mutations must be present simultaneously for resistance phenotype","AAK43724.1",25182648,"Enterococcus faecium PBP5-S/R, the missing link between PBP5-S and PBP5-R.","2014.0",
"ResFinder",,"R34Q","pbp5",,"Target modification","Ampicillin","Enterococcus faecium",,"The nineteen pbp5 mutations must be present simultaneously for resistance phenotype","AAK43724.1",25182648,"Enterococcus faecium PBP5-S/R, the missing link between PBP5-S and PBP5-R.","2014.0",
"ResFinder",,"G66E","pbp5",,"Target modification","Ampicillin","Enterococcus faecium",,"The nineteen pbp5 mutations must be present simultaneously for resistance phenotype","AAK43724.1",25182648,"Enterococcus faecium PBP5-S/R, the missing link between PBP5-S and PBP5-R.","2014.0",
"ResFinder",,"A68T","pbp5",,"Target modification","Ampicillin","Enterococcus faecium",,"The nineteen pbp5 mutations must be present simultaneously for resistance phenotype","AAK43724.1",25182648,"Enterococcus faecium PBP5-S/R, the missing link between PBP5-S and PBP5-R.","2014.0",
"ResFinder",,"E85D","pbp5",,"Target modification","Ampicillin","Enterococcus faecium",,"The nineteen pbp5 mutations must be present simultaneously for resistance phenotype","AAK43724.1",25182648,"Enterococcus faecium PBP5-S/R, the missing link between PBP5-S and PBP5-R.","2014.0",
"ResFinder",,"E100Q","pbp5",,"Target modification","Ampicillin","Enterococcus faecium",,"The nineteen pbp5 mutations must be present simultaneously for resistance phenotype","AAK43724.1",25182648,"Enterococcus faecium PBP5-S/R, the missing link between PBP5-S and PBP5-R.","2014.0",
"ResFinder",,"K144Q","pbp5",,"Target modification","Ampicillin","Enterococcus faecium",,"The nineteen pbp5 mutations must be present simultaneously for resistance phenotype","AAK43724.1",25182648,"Enterococcus faecium PBP5-S/R, the missing link between PBP5-S and PBP5-R.","2014.0",
"ResFinder",,"T172A","pbp5",,"Target modification","Ampicillin","Enterococcus faecium",,"The nineteen pbp5 mutations must be present simultaneously for resistance phenotype","AAK43724.1",25182648,"Enterococcus faecium PBP5-S/R, the missing link between PBP5-S and PBP5-R.","2014.0",
"ResFinder",,"L177I","pbp5",,"Target modification","Ampicillin","Enterococcus faecium",,"The nineteen pbp5 mutations must be present simultaneously for resistance phenotype","AAK43724.1",25182648,"Enterococcus faecium PBP5-S/R, the missing link between PBP5-S and PBP5-R.","2014.0",
"ResFinder",,"D204G","pbp5",,"Target modification","Ampicillin","Enterococcus faecium",,"The nineteen pbp5 mutations must be present simultaneously for resistance phenotype","AAK43724.1",25182648,"Enterococcus faecium PBP5-S/R, the missing link between PBP5-S and PBP5-R.","2014.0",
"ResFinder",,"A216S","pbp5",,"Target modification","Ampicillin","Enterococcus faecium",,"The nineteen pbp5 mutations must be present simultaneously for resistance phenotype","AAK43724.1",25182648,"Enterococcus faecium PBP5-S/R, the missing link between PBP5-S and PBP5-R.","2014.0",
"ResFinder",,"T324A","pbp5",,"Target modification","Ampicillin","Enterococcus faecium",,"The nineteen pbp5 mutations must be present simultaneously for resistance phenotype","AAK43724.1",25182648,"Enterococcus faecium PBP5-S/R, the missing link between PBP5-S and PBP5-R.","2014.0",
"ResFinder",,"M485A","pbp5",,"Target modification","Ampicillin","Enterococcus faecium",,"The nineteen pbp5 mutations must be present simultaneously for resistance phenotype","AAK43724.1",25182648,"Enterococcus faecium PBP5-S/R, the missing link between PBP5-S and PBP5-R.","2014.0",
"ResFinder",,"M485A","pbp5",,"Target modification","Ampicillin","Enterococcus faecium",,"The nineteen pbp5 mutations must be present simultaneously for resistance phenotype","AAK43724.1",2518265,"[The artificial feeding of tumor patients at home. Collaboration by the nutritional team and the community nursing service].","1989.0",
"ResFinder",,"M485T","pbp5",,"Target modification","Ampicillin","Enterococcus faecium",,"The nineteen pbp5 mutations must be present simultaneously for resistance phenotype","AAK43724.1",25182648,"Enterococcus faecium PBP5-S/R, the missing link between PBP5-S and PBP5-R.","2014.0",
"ResFinder",,"M485T","pbp5",,"Target modification","Ampicillin","Enterococcus faecium",,"The nineteen pbp5 mutations must be present simultaneously for resistance phenotype","AAK43724.1",2518265,"[The artificial feeding of tumor patients at home. Collaboration by the nutritional team and the community nursing service].","1989.0",
"ResFinder",,"N496K","pbp5",,"Target modification","Ampicillin","Enterococcus faecium",,"The nineteen pbp5 mutations must be present simultaneously for resistance phenotype","AAK43724.1",25182648,"Enterococcus faecium PBP5-S/R, the missing link between PBP5-S and PBP5-R.","2014.0",
"ResFinder",,"A499T","pbp5",,"Target modification","Ampicillin","Enterococcus faecium",,"The nineteen pbp5 mutations must be present simultaneously for resistance phenotype","AAK43724.1",25182648,"Enterococcus faecium PBP5-S/R, the missing link between PBP5-S and PBP5-R.","2014.0",
"ResFinder",,"A499T","pbp5",,"Target modification","Ampicillin","Enterococcus faecium",,"The nineteen pbp5 mutations must be present simultaneously for resistance phenotype","AAK43724.1",2518265,"[The artificial feeding of tumor patients at home. Collaboration by the nutritional team and the community nursing service].","1989.0",
"ResFinder",,"A499I","pbp5",,"Target modification","Ampicillin","Enterococcus faecium",,"The nineteen pbp5 mutations must be present simultaneously for resistance phenotype","AAK43724.1",25182648,"Enterococcus faecium PBP5-S/R, the missing link between PBP5-S and PBP5-R.","2014.0",
"ResFinder",,"A499I","pbp5",,"Target modification","Ampicillin","Enterococcus faecium",,"The nineteen pbp5 mutations must be present simultaneously for resistance phenotype","AAK43724.1",2518265,"[The artificial feeding of tumor patients at home. Collaboration by the nutritional team and the community nursing service].","1989.0",
"ResFinder",,"E525D","pbp5",,"Target modification","Ampicillin","Enterococcus faecium",,"The nineteen pbp5 mutations must be present simultaneously for resistance phenotype","AAK43724.1",25182648,"Enterococcus faecium PBP5-S/R, the missing link between PBP5-S and PBP5-R.","2014.0",
"ResFinder",,"V586L","pbp5",,"Target modification","Ampicillin","Enterococcus faecium",,"Not essential for resistance phenotype","AAK43724.1",25182648,"Enterococcus faecium PBP5-S/R, the missing link between PBP5-S and PBP5-R.","2014.0",
"ResFinder",,"E629V","pbp5",,"Target modification","Ampicillin","Enterococcus faecium",,"The nineteen pbp5 mutations must be present simultaneously for resistance phenotype","AAK43724.1",25182648,"Enterococcus faecium PBP5-S/R, the missing link between PBP5-S and PBP5-R.","2014.0",
"ResFinder",,"P667S","pbp5",,"Target modification","Ampicillin","Enterococcus faecium",,"The nineteen pbp5 mutations must be present simultaneously for resistance phenotype","AAK43724.1",25182648,"Enterococcus faecium PBP5-S/R, the missing link between PBP5-S and PBP5-R.","2014.0",
"ResFinder",,"ins466S","pbp5",,"Target modification","Ampicillin","Enterococcus faecium",,"Not essential for resistance phenotype","AAK43724.1",25182648,"Enterococcus faecium PBP5-S/R, the missing link between PBP5-S and PBP5-R.","2014.0",
"ResFinder",,"ins466S","pbp5",,"Target modification","Ampicillin","Enterococcus faecium",,"Not essential for resistance phenotype","AAK43724.1",2518265,"[The artificial feeding of tumor patients at home. Collaboration by the nutritional team and the community nursing service].","1989.0",
"ResFinder",,"ins466D","pbp5",,"Target modification","Ampicillin","Enterococcus faecium",,"Not essential for resistance phenotype","AAK43724.1",25182648,"Enterococcus faecium PBP5-S/R, the missing link between PBP5-S and PBP5-R.","2014.0",
"ResFinder",,"ins466D","pbp5",,"Target modification","Ampicillin","Enterococcus faecium",,"Not essential for resistance phenotype","AAK43724.1",2518265,"[The artificial feeding of tumor patients at home. Collaboration by the nutritional team and the community nursing service].","1989.0",
"ResFinder","ins1396TCT",,"pbp5",,"Target modification","Ampicillin","Enterococcus faecium",,"Not essential for resistance phenotype","AAK43724.1",25182648,"Enterococcus faecium PBP5-S/R, the missing link between PBP5-S and PBP5-R.","2014.0",
"ResFinder","ins1396TCT",,"pbp5",,"Target modification","Ampicillin","Enterococcus faecium",,"Not essential for resistance phenotype","AAK43724.1",2518265,"[The artificial feeding of tumor patients at home. Collaboration by the nutritional team and the community nursing service].","1989.0",
"ResFinder","ins1396TCC",,"pbp5",,"Target modification","Ampicillin","Enterococcus faecium",,"Not essential for resistance phenotype","AAK43724.1",25182648,"Enterococcus faecium PBP5-S/R, the missing link between PBP5-S and PBP5-R.","2014.0",
"ResFinder","ins1396TCC",,"pbp5",,"Target modification","Ampicillin","Enterococcus faecium",,"Not essential for resistance phenotype","AAK43724.1",2518265,"[The artificial feeding of tumor patients at home. Collaboration by the nutritional team and the community nursing service].","1989.0",
"ResFinder","ins1396TCA",,"pbp5",,"Target modification","Ampicillin","Enterococcus faecium",,"Not essential for resistance phenotype","AAK43724.1",25182648,"Enterococcus faecium PBP5-S/R, the missing link between PBP5-S and PBP5-R.","2014.0",
"ResFinder","ins1396TCA",,"pbp5",,"Target modification","Ampicillin","Enterococcus faecium",,"Not essential for resistance phenotype","AAK43724.1",2518265,"[The artificial feeding of tumor patients at home. Collaboration by the nutritional team and the community nursing service].","1989.0",
"ResFinder","ins1396TCG",,"pbp5",,"Target modification","Ampicillin","Enterococcus faecium",,"Not essential for resistance phenotype","AAK43724.1",25182648,"Enterococcus faecium PBP5-S/R, the missing link between PBP5-S and PBP5-R.","2014.0",
"ResFinder","ins1396TCG",,"pbp5",,"Target modification","Ampicillin","Enterococcus faecium",,"Not essential for resistance phenotype","AAK43724.1",2518265,"[The artificial feeding of tumor patients at home. Collaboration by the nutritional team and the community nursing service].","1989.0",
"ResFinder","ins1396AGT",,"pbp5",,"Target modification","Ampicillin","Enterococcus faecium",,"Not essential for resistance phenotype","AAK43724.1",25182648,"Enterococcus faecium PBP5-S/R, the missing link between PBP5-S and PBP5-R.","2014.0",
"ResFinder","ins1396AGT",,"pbp5",,"Target modification","Ampicillin","Enterococcus faecium",,"Not essential for resistance phenotype","AAK43724.1",2518265,"[The artificial feeding of tumor patients at home. Collaboration by the nutritional team and the community nursing service].","1989.0",
"ResFinder","ins1396AGC",,"pbp5",,"Target modification","Ampicillin","Enterococcus faecium",,"Not essential for resistance phenotype","AAK43724.1",25182648,"Enterococcus faecium PBP5-S/R, the missing link between PBP5-S and PBP5-R.","2014.0",
"ResFinder","ins1396AGC",,"pbp5",,"Target modification","Ampicillin","Enterococcus faecium",,"Not essential for resistance phenotype","AAK43724.1",2518265,"[The artificial feeding of tumor patients at home. Collaboration by the nutritional team and the community nursing service].","1989.0",
"ResFinder","ins1396GAT",,"pbp5",,"Target modification","Ampicillin","Enterococcus faecium",,"Not essential for resistance phenotype","AAK43724.1",25182648,"Enterococcus faecium PBP5-S/R, the missing link between PBP5-S and PBP5-R.","2014.0",
"ResFinder","ins1396GAT",,"pbp5",,"Target modification","Ampicillin","Enterococcus faecium",,"Not essential for resistance phenotype","AAK43724.1",2518265,"[The artificial feeding of tumor patients at home. Collaboration by the nutritional team and the community nursing service].","1989.0",
"ResFinder","ins1396GAC",,"pbp5",,"Target modification","Ampicillin","Enterococcus faecium",,"Not essential for resistance phenotype","AAK43724.1",25182648,"Enterococcus faecium PBP5-S/R, the missing link between PBP5-S and PBP5-R.","2014.0",
"ResFinder","ins1396GAC",,"pbp5",,"Target modification","Ampicillin","Enterococcus faecium",,"Not essential for resistance phenotype","AAK43724.1",2518265,"[The artificial feeding of tumor patients at home. Collaboration by the nutritional team and the community nursing service].","1989.0",
"ResFinder",,"A51V","gyrA",,"Target modification","Nalidixic acid","Escherichia coli",,,"CP073768.1",11451702,"Mutation in the DNA gyrase A Gene of Escherichia coli that expands the quinolone resistance-determining region.","2001.0",
"ResFinder",,"A67S","gyrA",,"Target modification","Nalidixic acid","Escherichia coli",,,"CP073768.1",2168148,"Quinolone resistance-determining region in the DNA gyrase gyrA gene of Escherichia coli.","1990.0",
"ResFinder",,"G81C","gyrA",,"Target modification","Ciprofloxacin","Escherichia coli",,"G81D mutation confers resistance to ciprofloxacin only. If G81D and D82G are present simultaneously, there is also nalidixic acid resistance","CP073768.1",2168148,"Quinolone resistance-determining region in the DNA gyrase gyrA gene of Escherichia coli.","1990.0",
"ResFinder",,"G81C","gyrA",,"Target modification","Ciprofloxacin","Escherichia coli",,"G81D mutation confers resistance to ciprofloxacin only. If G81D and D82G are present simultaneously, there is also nalidixic acid resistance","CP073768.1",8392306,"Novel gyrA point mutation in a strain of Escherichia coli resistant to fluoroquinolones but not to nalidixic acid.","1993.0",
"ResFinder",,"G81D","gyrA",,"Target modification","Ciprofloxacin","Escherichia coli",,"G81D mutation confers resistance to ciprofloxacin only. If G81D and D82G are present simultaneously, there is also nalidixic acid resistance","CP073768.1",2168148,"Quinolone resistance-determining region in the DNA gyrase gyrA gene of Escherichia coli.","1990.0",
"ResFinder",,"G81D","gyrA",,"Target modification","Ciprofloxacin","Escherichia coli",,"G81D mutation confers resistance to ciprofloxacin only. If G81D and D82G are present simultaneously, there is also nalidixic acid resistance","CP073768.1",8392306,"Novel gyrA point mutation in a strain of Escherichia coli resistant to fluoroquinolones but not to nalidixic acid.","1993.0",
"ResFinder",,"G81C","gyrA",,"Target modification","Nalidixic acid,Ciprofloxacin","Escherichia coli",,"G81D mutation confers resistance to ciprofloxacin only. If G81D and D82G are present simultaneously, there is also nalidixic acid resistance","CP073768.1",2168148,"Quinolone resistance-determining region in the DNA gyrase gyrA gene of Escherichia coli.","1990.0",
"ResFinder",,"G81C","gyrA",,"Target modification","Nalidixic acid,Ciprofloxacin","Escherichia coli",,"G81D mutation confers resistance to ciprofloxacin only. If G81D and D82G are present simultaneously, there is also nalidixic acid resistance","CP073768.1",8392306,"Novel gyrA point mutation in a strain of Escherichia coli resistant to fluoroquinolones but not to nalidixic acid.","1993.0",
"ResFinder",,"G81D","gyrA",,"Target modification","Nalidixic acid,Ciprofloxacin","Escherichia coli",,"G81D mutation confers resistance to ciprofloxacin only. If G81D and D82G are present simultaneously, there is also nalidixic acid resistance","CP073768.1",2168148,"Quinolone resistance-determining region in the DNA gyrase gyrA gene of Escherichia coli.","1990.0",
"ResFinder",,"G81D","gyrA",,"Target modification","Nalidixic acid,Ciprofloxacin","Escherichia coli",,"G81D mutation confers resistance to ciprofloxacin only. If G81D and D82G are present simultaneously, there is also nalidixic acid resistance","CP073768.1",8392306,"Novel gyrA point mutation in a strain of Escherichia coli resistant to fluoroquinolones but not to nalidixic acid.","1993.0",
"ResFinder",,"D82G","gyrA",,"Target modification","Ciprofloxacin","Escherichia coli",,"D82G mutation confers resistance to ciprofloxacin only. If D82G and G81D are present simultaneously, there is also nalidixic acid resistance","CP073768.1",8980760,"A novel, double mutation in DNA gyrase A of Escherichia coli conferring resistance to quinolone antibiotics.","1997.0",
"ResFinder",,"D82G","gyrA",,"Target modification","Nalidixic acid,Ciprofloxacin","Escherichia coli",,"D82G mutation confers resistance to ciprofloxacin only. If D82G and G81D are present simultaneously, there is also nalidixic acid resistance","CP073768.1",8980760,"A novel, double mutation in DNA gyrase A of Escherichia coli conferring resistance to quinolone antibiotics.","1997.0",
"ResFinder",,"S83L","gyrA",,"Target modification","Nalidixic acid,Ciprofloxacin","Escherichia coli",,,"CP073768.1",8891148,"Contributions of individual mechanisms to fluoroquinolone resistance in 36 Escherichia coli strains isolated from humans and animals.","1996.0",
"ResFinder",,"S83L","gyrA",,"Target modification","Nalidixic acid,Ciprofloxacin","Escherichia coli",,,"CP073768.1",2168148,"Quinolone resistance-determining region in the DNA gyrase gyrA gene of Escherichia coli.","1990.0",
"ResFinder",,"S83L","gyrA",,"Target modification","Nalidixic acid,Ciprofloxacin","Escherichia coli",,,"CP073768.1",12654733,"Mutations in gyrA and parC genes in nalidixic acid-resistant Escherichia coli strains from food products, humans and animals.","2003.0",
"ResFinder",,"S83L","gyrA",,"Target modification","Nalidixic acid,Ciprofloxacin","Escherichia coli",,,"CP073768.1",12654733,"Mutations in gyrA and parC genes in nalidixic acid-resistant Escherichia coli strains from food products, humans and animals.","2003.0",
"ResFinder",,"S83W","gyrA",,"Target modification","Nalidixic acid,Ciprofloxacin","Escherichia coli",,,"CP073768.1",8891148,"Contributions of individual mechanisms to fluoroquinolone resistance in 36 Escherichia coli strains isolated from humans and animals.","1996.0",
"ResFinder",,"S83W","gyrA",,"Target modification","Nalidixic acid,Ciprofloxacin","Escherichia coli",,,"CP073768.1",2168148,"Quinolone resistance-determining region in the DNA gyrase gyrA gene of Escherichia coli.","1990.0",
"ResFinder",,"S83W","gyrA",,"Target modification","Nalidixic acid,Ciprofloxacin","Escherichia coli",,,"CP073768.1",12654733,"Mutations in gyrA and parC genes in nalidixic acid-resistant Escherichia coli strains from food products, humans and animals.","2003.0",
"ResFinder",,"S83W","gyrA",,"Target modification","Nalidixic acid,Ciprofloxacin","Escherichia coli",,,"CP073768.1",12654733,"Mutations in gyrA and parC genes in nalidixic acid-resistant Escherichia coli strains from food products, humans and animals.","2003.0",
"ResFinder",,"S83A","gyrA",,"Target modification","Nalidixic acid,Ciprofloxacin","Escherichia coli",,,"CP073768.1",8891148,"Contributions of individual mechanisms to fluoroquinolone resistance in 36 Escherichia coli strains isolated from humans and animals.","1996.0",
"ResFinder",,"S83A","gyrA",,"Target modification","Nalidixic acid,Ciprofloxacin","Escherichia coli",,,"CP073768.1",2168148,"Quinolone resistance-determining region in the DNA gyrase gyrA gene of Escherichia coli.","1990.0",
"ResFinder",,"S83A","gyrA",,"Target modification","Nalidixic acid,Ciprofloxacin","Escherichia coli",,,"CP073768.1",12654733,"Mutations in gyrA and parC genes in nalidixic acid-resistant Escherichia coli strains from food products, humans and animals.","2003.0",
"ResFinder",,"S83A","gyrA",,"Target modification","Nalidixic acid,Ciprofloxacin","Escherichia coli",,,"CP073768.1",12654733,"Mutations in gyrA and parC genes in nalidixic acid-resistant Escherichia coli strains from food products, humans and animals.","2003.0",
"ResFinder",,"S83V","gyrA",,"Target modification","Nalidixic acid,Ciprofloxacin","Escherichia coli",,,"CP073768.1",8891148,"Contributions of individual mechanisms to fluoroquinolone resistance in 36 Escherichia coli strains isolated from humans and animals.","1996.0",
"ResFinder",,"S83V","gyrA",,"Target modification","Nalidixic acid,Ciprofloxacin","Escherichia coli",,,"CP073768.1",2168148,"Quinolone resistance-determining region in the DNA gyrase gyrA gene of Escherichia coli.","1990.0",
"ResFinder",,"S83V","gyrA",,"Target modification","Nalidixic acid,Ciprofloxacin","Escherichia coli",,,"CP073768.1",12654733,"Mutations in gyrA and parC genes in nalidixic acid-resistant Escherichia coli strains from food products, humans and animals.","2003.0",
"ResFinder",,"S83V","gyrA",,"Target modification","Nalidixic acid,Ciprofloxacin","Escherichia coli",,,"CP073768.1",12654733,"Mutations in gyrA and parC genes in nalidixic acid-resistant Escherichia coli strains from food products, humans and animals.","2003.0",
"ResFinder",,"A84P","gyrA",,"Target modification","Nalidixic acid,Ciprofloxacin","Escherichia coli",,"Unknown phenotype if A84P or A84V occur alone. Nalidixic acid and ciprofloxacin resistance when associated with other gyrA mutations","CP073768.1",11451702,"Mutation in the DNA gyrase A Gene of Escherichia coli that expands the quinolone resistance-determining region.","2001.0",
"ResFinder",,"A84P","gyrA",,"Target modification","Nalidixic acid,Ciprofloxacin","Escherichia coli",,"Unknown phenotype if A84P or A84V occur alone. Nalidixic acid and ciprofloxacin resistance when associated with other gyrA mutations","CP073768.1",7840592,"Association between double mutation in gyrA gene of ciprofloxacin-resistant clinical isolates of Escherichia coli and MICs.","1994.0",
"ResFinder",,"A84V","gyrA",,"Target modification","Nalidixic acid,Ciprofloxacin","Escherichia coli",,"Unknown phenotype if A84P or A84V occur alone. Nalidixic acid and ciprofloxacin resistance when associated with other gyrA mutations","CP073768.1",11451702,"Mutation in the DNA gyrase A Gene of Escherichia coli that expands the quinolone resistance-determining region.","2001.0",
"ResFinder",,"A84V","gyrA",,"Target modification","Nalidixic acid,Ciprofloxacin","Escherichia coli",,"Unknown phenotype if A84P or A84V occur alone. Nalidixic acid and ciprofloxacin resistance when associated with other gyrA mutations","CP073768.1",7840592,"Association between double mutation in gyrA gene of ciprofloxacin-resistant clinical isolates of Escherichia coli and MICs.","1994.0",
"ResFinder",,"D87N","gyrA",,"Target modification","Nalidixic acid","Escherichia coli",,"D87G or D87Y confer resistance to nalidixic acid only, if occurring alone. Unknown phenotype if D87H occurs alone","CP073768.1",12654733,"Mutations in gyrA and parC genes in nalidixic acid-resistant Escherichia coli strains from food products, humans and animals.","2003.0",
"ResFinder",,"D87N","gyrA",,"Target modification","Nalidixic acid","Escherichia coli",,"D87G or D87Y confer resistance to nalidixic acid only, if occurring alone. Unknown phenotype if D87H occurs alone","CP073768.1",12654733,"Mutations in gyrA and parC genes in nalidixic acid-resistant Escherichia coli strains from food products, humans and animals.","2003.0",
"ResFinder",,"D87N","gyrA",,"Target modification","Nalidixic acid","Escherichia coli",,"D87G or D87Y confer resistance to nalidixic acid only, if occurring alone. Unknown phenotype if D87H occurs alone","CP073768.1",12654733,"Mutations in gyrA and parC genes in nalidixic acid-resistant Escherichia coli strains from food products, humans and animals.","2003.0",
"ResFinder",,"D87N","gyrA",,"Target modification","Nalidixic acid","Escherichia coli",,"D87G or D87Y confer resistance to nalidixic acid only, if occurring alone. Unknown phenotype if D87H occurs alone","CP073768.1",22878251,"Detection of mutations in the gyrA and parC genes in Escherichia coli isolates carrying plasmid-mediated quinolone resistance genes from diseased food-producing animals.","2012.0",
"ResFinder",,"D87N","gyrA",,"Target modification","Nalidixic acid","Escherichia coli",,"D87G or D87Y confer resistance to nalidixic acid only, if occurring alone. Unknown phenotype if D87H occurs alone","CP073768.1",12654733,"Mutations in gyrA and parC genes in nalidixic acid-resistant Escherichia coli strains from food products, humans and animals.","2003.0",
"ResFinder",,"D87N","gyrA",,"Target modification","Nalidixic acid","Escherichia coli",,"D87G or D87Y confer resistance to nalidixic acid only, if occurring alone. Unknown phenotype if D87H occurs alone","CP073768.1",1850972,"4-Quinolone resistance mutations in the DNA gyrase of Escherichia coli clinical isolates identified by using the polymerase chain reaction.","1991.0",
"ResFinder",,"D87G","gyrA",,"Target modification","Nalidixic acid","Escherichia coli",,"D87G or D87Y confer resistance to nalidixic acid only, if occurring alone. Unknown phenotype if D87H occurs alone","CP073768.1",12654733,"Mutations in gyrA and parC genes in nalidixic acid-resistant Escherichia coli strains from food products, humans and animals.","2003.0",
"ResFinder",,"D87G","gyrA",,"Target modification","Nalidixic acid","Escherichia coli",,"D87G or D87Y confer resistance to nalidixic acid only, if occurring alone. Unknown phenotype if D87H occurs alone","CP073768.1",12654733,"Mutations in gyrA and parC genes in nalidixic acid-resistant Escherichia coli strains from food products, humans and animals.","2003.0",
"ResFinder",,"D87G","gyrA",,"Target modification","Nalidixic acid","Escherichia coli",,"D87G or D87Y confer resistance to nalidixic acid only, if occurring alone. Unknown phenotype if D87H occurs alone","CP073768.1",12654733,"Mutations in gyrA and parC genes in nalidixic acid-resistant Escherichia coli strains from food products, humans and animals.","2003.0",
"ResFinder",,"D87G","gyrA",,"Target modification","Nalidixic acid","Escherichia coli",,"D87G or D87Y confer resistance to nalidixic acid only, if occurring alone. Unknown phenotype if D87H occurs alone","CP073768.1",22878251,"Detection of mutations in the gyrA and parC genes in Escherichia coli isolates carrying plasmid-mediated quinolone resistance genes from diseased food-producing animals.","2012.0",
"ResFinder",,"D87G","gyrA",,"Target modification","Nalidixic acid","Escherichia coli",,"D87G or D87Y confer resistance to nalidixic acid only, if occurring alone. Unknown phenotype if D87H occurs alone","CP073768.1",12654733,"Mutations in gyrA and parC genes in nalidixic acid-resistant Escherichia coli strains from food products, humans and animals.","2003.0",
"ResFinder",,"D87G","gyrA",,"Target modification","Nalidixic acid","Escherichia coli",,"D87G or D87Y confer resistance to nalidixic acid only, if occurring alone. Unknown phenotype if D87H occurs alone","CP073768.1",1850972,"4-Quinolone resistance mutations in the DNA gyrase of Escherichia coli clinical isolates identified by using the polymerase chain reaction.","1991.0",
"ResFinder",,"D87Y","gyrA",,"Target modification","Nalidixic acid","Escherichia coli",,"D87G or D87Y confer resistance to nalidixic acid only, if occurring alone. Unknown phenotype if D87H occurs alone","CP073768.1",12654733,"Mutations in gyrA and parC genes in nalidixic acid-resistant Escherichia coli strains from food products, humans and animals.","2003.0",
"ResFinder",,"D87Y","gyrA",,"Target modification","Nalidixic acid","Escherichia coli",,"D87G or D87Y confer resistance to nalidixic acid only, if occurring alone. Unknown phenotype if D87H occurs alone","CP073768.1",12654733,"Mutations in gyrA and parC genes in nalidixic acid-resistant Escherichia coli strains from food products, humans and animals.","2003.0",
"ResFinder",,"D87Y","gyrA",,"Target modification","Nalidixic acid","Escherichia coli",,"D87G or D87Y confer resistance to nalidixic acid only, if occurring alone. Unknown phenotype if D87H occurs alone","CP073768.1",12654733,"Mutations in gyrA and parC genes in nalidixic acid-resistant Escherichia coli strains from food products, humans and animals.","2003.0",
"ResFinder",,"D87Y","gyrA",,"Target modification","Nalidixic acid","Escherichia coli",,"D87G or D87Y confer resistance to nalidixic acid only, if occurring alone. Unknown phenotype if D87H occurs alone","CP073768.1",22878251,"Detection of mutations in the gyrA and parC genes in Escherichia coli isolates carrying plasmid-mediated quinolone resistance genes from diseased food-producing animals.","2012.0",
"ResFinder",,"D87Y","gyrA",,"Target modification","Nalidixic acid","Escherichia coli",,"D87G or D87Y confer resistance to nalidixic acid only, if occurring alone. Unknown phenotype if D87H occurs alone","CP073768.1",12654733,"Mutations in gyrA and parC genes in nalidixic acid-resistant Escherichia coli strains from food products, humans and animals.","2003.0",
"ResFinder",,"D87Y","gyrA",,"Target modification","Nalidixic acid","Escherichia coli",,"D87G or D87Y confer resistance to nalidixic acid only, if occurring alone. Unknown phenotype if D87H occurs alone","CP073768.1",1850972,"4-Quinolone resistance mutations in the DNA gyrase of Escherichia coli clinical isolates identified by using the polymerase chain reaction.","1991.0",
"ResFinder",,"D87A","gyrA",,"Target modification","Nalidixic acid","Escherichia coli",,"D87G or D87Y confer resistance to nalidixic acid only, if occurring alone. Unknown phenotype if D87H occurs alone","CP073768.1",12654733,"Mutations in gyrA and parC genes in nalidixic acid-resistant Escherichia coli strains from food products, humans and animals.","2003.0",
"ResFinder",,"D87A","gyrA",,"Target modification","Nalidixic acid","Escherichia coli",,"D87G or D87Y confer resistance to nalidixic acid only, if occurring alone. Unknown phenotype if D87H occurs alone","CP073768.1",12654733,"Mutations in gyrA and parC genes in nalidixic acid-resistant Escherichia coli strains from food products, humans and animals.","2003.0",
"ResFinder",,"D87A","gyrA",,"Target modification","Nalidixic acid","Escherichia coli",,"D87G or D87Y confer resistance to nalidixic acid only, if occurring alone. Unknown phenotype if D87H occurs alone","CP073768.1",12654733,"Mutations in gyrA and parC genes in nalidixic acid-resistant Escherichia coli strains from food products, humans and animals.","2003.0",
"ResFinder",,"D87A","gyrA",,"Target modification","Nalidixic acid","Escherichia coli",,"D87G or D87Y confer resistance to nalidixic acid only, if occurring alone. Unknown phenotype if D87H occurs alone","CP073768.1",22878251,"Detection of mutations in the gyrA and parC genes in Escherichia coli isolates carrying plasmid-mediated quinolone resistance genes from diseased food-producing animals.","2012.0",
"ResFinder",,"D87A","gyrA",,"Target modification","Nalidixic acid","Escherichia coli",,"D87G or D87Y confer resistance to nalidixic acid only, if occurring alone. Unknown phenotype if D87H occurs alone","CP073768.1",12654733,"Mutations in gyrA and parC genes in nalidixic acid-resistant Escherichia coli strains from food products, humans and animals.","2003.0",
"ResFinder",,"D87A","gyrA",,"Target modification","Nalidixic acid","Escherichia coli",,"D87G or D87Y confer resistance to nalidixic acid only, if occurring alone. Unknown phenotype if D87H occurs alone","CP073768.1",1850972,"4-Quinolone resistance mutations in the DNA gyrase of Escherichia coli clinical isolates identified by using the polymerase chain reaction.","1991.0",
"ResFinder",,"D87H","gyrA",,"Target modification","Nalidixic acid","Escherichia coli",,"D87G or D87Y confer resistance to nalidixic acid only, if occurring alone. Unknown phenotype if D87H occurs alone","CP073768.1",12654733,"Mutations in gyrA and parC genes in nalidixic acid-resistant Escherichia coli strains from food products, humans and animals.","2003.0",
"ResFinder",,"D87H","gyrA",,"Target modification","Nalidixic acid","Escherichia coli",,"D87G or D87Y confer resistance to nalidixic acid only, if occurring alone. Unknown phenotype if D87H occurs alone","CP073768.1",12654733,"Mutations in gyrA and parC genes in nalidixic acid-resistant Escherichia coli strains from food products, humans and animals.","2003.0",
"ResFinder",,"D87H","gyrA",,"Target modification","Nalidixic acid","Escherichia coli",,"D87G or D87Y confer resistance to nalidixic acid only, if occurring alone. Unknown phenotype if D87H occurs alone","CP073768.1",12654733,"Mutations in gyrA and parC genes in nalidixic acid-resistant Escherichia coli strains from food products, humans and animals.","2003.0",
"ResFinder",,"D87H","gyrA",,"Target modification","Nalidixic acid","Escherichia coli",,"D87G or D87Y confer resistance to nalidixic acid only, if occurring alone. Unknown phenotype if D87H occurs alone","CP073768.1",22878251,"Detection of mutations in the gyrA and parC genes in Escherichia coli isolates carrying plasmid-mediated quinolone resistance genes from diseased food-producing animals.","2012.0",
"ResFinder",,"D87H","gyrA",,"Target modification","Nalidixic acid","Escherichia coli",,"D87G or D87Y confer resistance to nalidixic acid only, if occurring alone. Unknown phenotype if D87H occurs alone","CP073768.1",12654733,"Mutations in gyrA and parC genes in nalidixic acid-resistant Escherichia coli strains from food products, humans and animals.","2003.0",
"ResFinder",,"D87H","gyrA",,"Target modification","Nalidixic acid","Escherichia coli",,"D87G or D87Y confer resistance to nalidixic acid only, if occurring alone. Unknown phenotype if D87H occurs alone","CP073768.1",1850972,"4-Quinolone resistance mutations in the DNA gyrase of Escherichia coli clinical isolates identified by using the polymerase chain reaction.","1991.0",
"ResFinder",,"D87V","gyrA",,"Target modification","Nalidixic acid","Escherichia coli",,"D87G or D87Y confer resistance to nalidixic acid only, if occurring alone. Unknown phenotype if D87H occurs alone","CP073768.1",12654733,"Mutations in gyrA and parC genes in nalidixic acid-resistant Escherichia coli strains from food products, humans and animals.","2003.0",
"ResFinder",,"D87V","gyrA",,"Target modification","Nalidixic acid","Escherichia coli",,"D87G or D87Y confer resistance to nalidixic acid only, if occurring alone. Unknown phenotype if D87H occurs alone","CP073768.1",12654733,"Mutations in gyrA and parC genes in nalidixic acid-resistant Escherichia coli strains from food products, humans and animals.","2003.0",
"ResFinder",,"D87V","gyrA",,"Target modification","Nalidixic acid","Escherichia coli",,"D87G or D87Y confer resistance to nalidixic acid only, if occurring alone. Unknown phenotype if D87H occurs alone","CP073768.1",12654733,"Mutations in gyrA and parC genes in nalidixic acid-resistant Escherichia coli strains from food products, humans and animals.","2003.0",
"ResFinder",,"D87V","gyrA",,"Target modification","Nalidixic acid","Escherichia coli",,"D87G or D87Y confer resistance to nalidixic acid only, if occurring alone. Unknown phenotype if D87H occurs alone","CP073768.1",22878251,"Detection of mutations in the gyrA and parC genes in Escherichia coli isolates carrying plasmid-mediated quinolone resistance genes from diseased food-producing animals.","2012.0",
"ResFinder",,"D87V","gyrA",,"Target modification","Nalidixic acid","Escherichia coli",,"D87G or D87Y confer resistance to nalidixic acid only, if occurring alone. Unknown phenotype if D87H occurs alone","CP073768.1",12654733,"Mutations in gyrA and parC genes in nalidixic acid-resistant Escherichia coli strains from food products, humans and animals.","2003.0",
"ResFinder",,"D87V","gyrA",,"Target modification","Nalidixic acid","Escherichia coli",,"D87G or D87Y confer resistance to nalidixic acid only, if occurring alone. Unknown phenotype if D87H occurs alone","CP073768.1",1850972,"4-Quinolone resistance mutations in the DNA gyrase of Escherichia coli clinical isolates identified by using the polymerase chain reaction.","1991.0",
"ResFinder",,"D87N","gyrA",,"Target modification","Nalidixic acid,Ciprofloxacin","Escherichia coli",,"D87G or D87Y confer resistance to nalidixic acid only, if occurring alone. Unknown phenotype if D87H occurs alone","CP073768.1",12654733,"Mutations in gyrA and parC genes in nalidixic acid-resistant Escherichia coli strains from food products, humans and animals.","2003.0",
"ResFinder",,"D87N","gyrA",,"Target modification","Nalidixic acid,Ciprofloxacin","Escherichia coli",,"D87G or D87Y confer resistance to nalidixic acid only, if occurring alone. Unknown phenotype if D87H occurs alone","CP073768.1",12654733,"Mutations in gyrA and parC genes in nalidixic acid-resistant Escherichia coli strains from food products, humans and animals.","2003.0",
"ResFinder",,"D87N","gyrA",,"Target modification","Nalidixic acid,Ciprofloxacin","Escherichia coli",,"D87G or D87Y confer resistance to nalidixic acid only, if occurring alone. Unknown phenotype if D87H occurs alone","CP073768.1",12654733,"Mutations in gyrA and parC genes in nalidixic acid-resistant Escherichia coli strains from food products, humans and animals.","2003.0",
"ResFinder",,"D87N","gyrA",,"Target modification","Nalidixic acid,Ciprofloxacin","Escherichia coli",,"D87G or D87Y confer resistance to nalidixic acid only, if occurring alone. Unknown phenotype if D87H occurs alone","CP073768.1",22878251,"Detection of mutations in the gyrA and parC genes in Escherichia coli isolates carrying plasmid-mediated quinolone resistance genes from diseased food-producing animals.","2012.0",
"ResFinder",,"D87N","gyrA",,"Target modification","Nalidixic acid,Ciprofloxacin","Escherichia coli",,"D87G or D87Y confer resistance to nalidixic acid only, if occurring alone. Unknown phenotype if D87H occurs alone","CP073768.1",12654733,"Mutations in gyrA and parC genes in nalidixic acid-resistant Escherichia coli strains from food products, humans and animals.","2003.0",
"ResFinder",,"D87N","gyrA",,"Target modification","Nalidixic acid,Ciprofloxacin","Escherichia coli",,"D87G or D87Y confer resistance to nalidixic acid only, if occurring alone. Unknown phenotype if D87H occurs alone","CP073768.1",1850972,"4-Quinolone resistance mutations in the DNA gyrase of Escherichia coli clinical isolates identified by using the polymerase chain reaction.","1991.0",
"ResFinder",,"D87G","gyrA",,"Target modification","Nalidixic acid,Ciprofloxacin","Escherichia coli",,"D87G or D87Y confer resistance to nalidixic acid only, if occurring alone. Unknown phenotype if D87H occurs alone","CP073768.1",12654733,"Mutations in gyrA and parC genes in nalidixic acid-resistant Escherichia coli strains from food products, humans and animals.","2003.0",
"ResFinder",,"D87G","gyrA",,"Target modification","Nalidixic acid,Ciprofloxacin","Escherichia coli",,"D87G or D87Y confer resistance to nalidixic acid only, if occurring alone. Unknown phenotype if D87H occurs alone","CP073768.1",12654733,"Mutations in gyrA and parC genes in nalidixic acid-resistant Escherichia coli strains from food products, humans and animals.","2003.0",
"ResFinder",,"D87G","gyrA",,"Target modification","Nalidixic acid,Ciprofloxacin","Escherichia coli",,"D87G or D87Y confer resistance to nalidixic acid only, if occurring alone. Unknown phenotype if D87H occurs alone","CP073768.1",12654733,"Mutations in gyrA and parC genes in nalidixic acid-resistant Escherichia coli strains from food products, humans and animals.","2003.0",
"ResFinder",,"D87G","gyrA",,"Target modification","Nalidixic acid,Ciprofloxacin","Escherichia coli",,"D87G or D87Y confer resistance to nalidixic acid only, if occurring alone. Unknown phenotype if D87H occurs alone","CP073768.1",22878251,"Detection of mutations in the gyrA and parC genes in Escherichia coli isolates carrying plasmid-mediated quinolone resistance genes from diseased food-producing animals.","2012.0",
"ResFinder",,"D87G","gyrA",,"Target modification","Nalidixic acid,Ciprofloxacin","Escherichia coli",,"D87G or D87Y confer resistance to nalidixic acid only, if occurring alone. Unknown phenotype if D87H occurs alone","CP073768.1",12654733,"Mutations in gyrA and parC genes in nalidixic acid-resistant Escherichia coli strains from food products, humans and animals.","2003.0",
"ResFinder",,"D87G","gyrA",,"Target modification","Nalidixic acid,Ciprofloxacin","Escherichia coli",,"D87G or D87Y confer resistance to nalidixic acid only, if occurring alone. Unknown phenotype if D87H occurs alone","CP073768.1",1850972,"4-Quinolone resistance mutations in the DNA gyrase of Escherichia coli clinical isolates identified by using the polymerase chain reaction.","1991.0",
"ResFinder",,"D87Y","gyrA",,"Target modification","Nalidixic acid,Ciprofloxacin","Escherichia coli",,"D87G or D87Y confer resistance to nalidixic acid only, if occurring alone. Unknown phenotype if D87H occurs alone","CP073768.1",12654733,"Mutations in gyrA and parC genes in nalidixic acid-resistant Escherichia coli strains from food products, humans and animals.","2003.0",
"ResFinder",,"D87Y","gyrA",,"Target modification","Nalidixic acid,Ciprofloxacin","Escherichia coli",,"D87G or D87Y confer resistance to nalidixic acid only, if occurring alone. Unknown phenotype if D87H occurs alone","CP073768.1",12654733,"Mutations in gyrA and parC genes in nalidixic acid-resistant Escherichia coli strains from food products, humans and animals.","2003.0",
"ResFinder",,"D87Y","gyrA",,"Target modification","Nalidixic acid,Ciprofloxacin","Escherichia coli",,"D87G or D87Y confer resistance to nalidixic acid only, if occurring alone. Unknown phenotype if D87H occurs alone","CP073768.1",12654733,"Mutations in gyrA and parC genes in nalidixic acid-resistant Escherichia coli strains from food products, humans and animals.","2003.0",
"ResFinder",,"D87Y","gyrA",,"Target modification","Nalidixic acid,Ciprofloxacin","Escherichia coli",,"D87G or D87Y confer resistance to nalidixic acid only, if occurring alone. Unknown phenotype if D87H occurs alone","CP073768.1",22878251,"Detection of mutations in the gyrA and parC genes in Escherichia coli isolates carrying plasmid-mediated quinolone resistance genes from diseased food-producing animals.","2012.0",
"ResFinder",,"D87Y","gyrA",,"Target modification","Nalidixic acid,Ciprofloxacin","Escherichia coli",,"D87G or D87Y confer resistance to nalidixic acid only, if occurring alone. Unknown phenotype if D87H occurs alone","CP073768.1",12654733,"Mutations in gyrA and parC genes in nalidixic acid-resistant Escherichia coli strains from food products, humans and animals.","2003.0",
"ResFinder",,"D87Y","gyrA",,"Target modification","Nalidixic acid,Ciprofloxacin","Escherichia coli",,"D87G or D87Y confer resistance to nalidixic acid only, if occurring alone. Unknown phenotype if D87H occurs alone","CP073768.1",1850972,"4-Quinolone resistance mutations in the DNA gyrase of Escherichia coli clinical isolates identified by using the polymerase chain reaction.","1991.0",
"ResFinder",,"D87A","gyrA",,"Target modification","Nalidixic acid,Ciprofloxacin","Escherichia coli",,"D87G or D87Y confer resistance to nalidixic acid only, if occurring alone. Unknown phenotype if D87H occurs alone","CP073768.1",12654733,"Mutations in gyrA and parC genes in nalidixic acid-resistant Escherichia coli strains from food products, humans and animals.","2003.0",
"ResFinder",,"D87A","gyrA",,"Target modification","Nalidixic acid,Ciprofloxacin","Escherichia coli",,"D87G or D87Y confer resistance to nalidixic acid only, if occurring alone. Unknown phenotype if D87H occurs alone","CP073768.1",12654733,"Mutations in gyrA and parC genes in nalidixic acid-resistant Escherichia coli strains from food products, humans and animals.","2003.0",
"ResFinder",,"D87A","gyrA",,"Target modification","Nalidixic acid,Ciprofloxacin","Escherichia coli",,"D87G or D87Y confer resistance to nalidixic acid only, if occurring alone. Unknown phenotype if D87H occurs alone","CP073768.1",12654733,"Mutations in gyrA and parC genes in nalidixic acid-resistant Escherichia coli strains from food products, humans and animals.","2003.0",
"ResFinder",,"D87A","gyrA",,"Target modification","Nalidixic acid,Ciprofloxacin","Escherichia coli",,"D87G or D87Y confer resistance to nalidixic acid only, if occurring alone. Unknown phenotype if D87H occurs alone","CP073768.1",22878251,"Detection of mutations in the gyrA and parC genes in Escherichia coli isolates carrying plasmid-mediated quinolone resistance genes from diseased food-producing animals.","2012.0",
"ResFinder",,"D87A","gyrA",,"Target modification","Nalidixic acid,Ciprofloxacin","Escherichia coli",,"D87G or D87Y confer resistance to nalidixic acid only, if occurring alone. Unknown phenotype if D87H occurs alone","CP073768.1",12654733,"Mutations in gyrA and parC genes in nalidixic acid-resistant Escherichia coli strains from food products, humans and animals.","2003.0",
"ResFinder",,"D87A","gyrA",,"Target modification","Nalidixic acid,Ciprofloxacin","Escherichia coli",,"D87G or D87Y confer resistance to nalidixic acid only, if occurring alone. Unknown phenotype if D87H occurs alone","CP073768.1",1850972,"4-Quinolone resistance mutations in the DNA gyrase of Escherichia coli clinical isolates identified by using the polymerase chain reaction.","1991.0",
"ResFinder",,"D87H","gyrA",,"Target modification","Nalidixic acid,Ciprofloxacin","Escherichia coli",,"D87G or D87Y confer resistance to nalidixic acid only, if occurring alone. Unknown phenotype if D87H occurs alone","CP073768.1",12654733,"Mutations in gyrA and parC genes in nalidixic acid-resistant Escherichia coli strains from food products, humans and animals.","2003.0",
"ResFinder",,"D87H","gyrA",,"Target modification","Nalidixic acid,Ciprofloxacin","Escherichia coli",,"D87G or D87Y confer resistance to nalidixic acid only, if occurring alone. Unknown phenotype if D87H occurs alone","CP073768.1",12654733,"Mutations in gyrA and parC genes in nalidixic acid-resistant Escherichia coli strains from food products, humans and animals.","2003.0",
"ResFinder",,"D87H","gyrA",,"Target modification","Nalidixic acid,Ciprofloxacin","Escherichia coli",,"D87G or D87Y confer resistance to nalidixic acid only, if occurring alone. Unknown phenotype if D87H occurs alone","CP073768.1",12654733,"Mutations in gyrA and parC genes in nalidixic acid-resistant Escherichia coli strains from food products, humans and animals.","2003.0",
"ResFinder",,"D87H","gyrA",,"Target modification","Nalidixic acid,Ciprofloxacin","Escherichia coli",,"D87G or D87Y confer resistance to nalidixic acid only, if occurring alone. Unknown phenotype if D87H occurs alone","CP073768.1",22878251,"Detection of mutations in the gyrA and parC genes in Escherichia coli isolates carrying plasmid-mediated quinolone resistance genes from diseased food-producing animals.","2012.0",
"ResFinder",,"D87H","gyrA",,"Target modification","Nalidixic acid,Ciprofloxacin","Escherichia coli",,"D87G or D87Y confer resistance to nalidixic acid only, if occurring alone. Unknown phenotype if D87H occurs alone","CP073768.1",12654733,"Mutations in gyrA and parC genes in nalidixic acid-resistant Escherichia coli strains from food products, humans and animals.","2003.0",
"ResFinder",,"D87H","gyrA",,"Target modification","Nalidixic acid,Ciprofloxacin","Escherichia coli",,"D87G or D87Y confer resistance to nalidixic acid only, if occurring alone. Unknown phenotype if D87H occurs alone","CP073768.1",1850972,"4-Quinolone resistance mutations in the DNA gyrase of Escherichia coli clinical isolates identified by using the polymerase chain reaction.","1991.0",
"ResFinder",,"D87V","gyrA",,"Target modification","Nalidixic acid,Ciprofloxacin","Escherichia coli",,"D87G or D87Y confer resistance to nalidixic acid only, if occurring alone. Unknown phenotype if D87H occurs alone","CP073768.1",12654733,"Mutations in gyrA and parC genes in nalidixic acid-resistant Escherichia coli strains from food products, humans and animals.","2003.0",
"ResFinder",,"D87V","gyrA",,"Target modification","Nalidixic acid,Ciprofloxacin","Escherichia coli",,"D87G or D87Y confer resistance to nalidixic acid only, if occurring alone. Unknown phenotype if D87H occurs alone","CP073768.1",12654733,"Mutations in gyrA and parC genes in nalidixic acid-resistant Escherichia coli strains from food products, humans and animals.","2003.0",
"ResFinder",,"D87V","gyrA",,"Target modification","Nalidixic acid,Ciprofloxacin","Escherichia coli",,"D87G or D87Y confer resistance to nalidixic acid only, if occurring alone. Unknown phenotype if D87H occurs alone","CP073768.1",12654733,"Mutations in gyrA and parC genes in nalidixic acid-resistant Escherichia coli strains from food products, humans and animals.","2003.0",
"ResFinder",,"D87V","gyrA",,"Target modification","Nalidixic acid,Ciprofloxacin","Escherichia coli",,"D87G or D87Y confer resistance to nalidixic acid only, if occurring alone. Unknown phenotype if D87H occurs alone","CP073768.1",22878251,"Detection of mutations in the gyrA and parC genes in Escherichia coli isolates carrying plasmid-mediated quinolone resistance genes from diseased food-producing animals.","2012.0",
"ResFinder",,"D87V","gyrA",,"Target modification","Nalidixic acid,Ciprofloxacin","Escherichia coli",,"D87G or D87Y confer resistance to nalidixic acid only, if occurring alone. Unknown phenotype if D87H occurs alone","CP073768.1",12654733,"Mutations in gyrA and parC genes in nalidixic acid-resistant Escherichia coli strains from food products, humans and animals.","2003.0",
"ResFinder",,"D87V","gyrA",,"Target modification","Nalidixic acid,Ciprofloxacin","Escherichia coli",,"D87G or D87Y confer resistance to nalidixic acid only, if occurring alone. Unknown phenotype if D87H occurs alone","CP073768.1",1850972,"4-Quinolone resistance mutations in the DNA gyrase of Escherichia coli clinical isolates identified by using the polymerase chain reaction.","1991.0",
"ResFinder",,"Q106H","gyrA",,"Target modification","Nalidixic acid,Ciprofloxacin","Escherichia coli",,"Unknown phenotype if Q106H occurs alone. Nalidixic acid and ciprofloxacin resistance when associated with other gyrA mutations","CP073768.1",2168148,"Quinolone resistance-determining region in the DNA gyrase gyrA gene of Escherichia coli.","1990.0",
"ResFinder",,"Q106H","gyrA",,"Target modification","Nalidixic acid,Ciprofloxacin","Escherichia coli",,"Unknown phenotype if Q106H occurs alone. Nalidixic acid and ciprofloxacin resistance when associated with other gyrA mutations","CP073768.1",185097,"Lysosomes as modulators of cellular functions. Influence on the synthesis and secretion of non-lysosomal materials.","1976.0",
"ResFinder",,"Q106R","gyrA",,"Target modification","Nalidixic acid,Ciprofloxacin","Escherichia coli",,"Unknown phenotype if Q106H occurs alone. Nalidixic acid and ciprofloxacin resistance when associated with other gyrA mutations","CP073768.1",2168148,"Quinolone resistance-determining region in the DNA gyrase gyrA gene of Escherichia coli.","1990.0",
"ResFinder",,"Q106R","gyrA",,"Target modification","Nalidixic acid,Ciprofloxacin","Escherichia coli",,"Unknown phenotype if Q106H occurs alone. Nalidixic acid and ciprofloxacin resistance when associated with other gyrA mutations","CP073768.1",185097,"Lysosomes as modulators of cellular functions. Influence on the synthesis and secretion of non-lysosomal materials.","1976.0",
"ResFinder",,"A196E","gyrA",,"Target modification","Nalidixic acid,Ciprofloxacin","Escherichia coli",,"Unknown phenotype if A196E occurs alone. Nalidixic acid and ciprofloxacin resistance when associated with other gyrA mutations","CP073768.1",14506034,"Mutation rate and evolution of fluoroquinolone resistance in Escherichia coli isolates from patients with urinary tract infections.","2003.0",
"ResFinder",,"D426N","gyrB",,"Target modification","Nalidixic acid,Ciprofloxacin","Escherichia coli",,,"CP047010.1",1656869,"Quinolone resistance-determining region in the DNA gyrase gyrB gene of Escherichia coli.","1991.0",
"ResFinder",,"K447E","gyrB",,"Target modification","Nalidixic acid","Escherichia coli",,,"CP047010.1",1656869,"Quinolone resistance-determining region in the DNA gyrase gyrB gene of Escherichia coli.","1991.0",
"ResFinder",,"A56T","parC",,"Target modification","Nalidixic acid,Ciprofloxacin","Escherichia coli",,,"CP084529.1",12654733,"Mutations in gyrA and parC genes in nalidixic acid-resistant Escherichia coli strains from food products, humans and animals.","2003.0",
"ResFinder",,"S57T","parC",,"Target modification","Nalidixic acid,Ciprofloxacin","Escherichia coli",,"Unknown phenotype if S57T occurs alone. Nalidixic acid and ciprofloxacin resistance when associated with gyrA mutations","CP084529.1",14510643,"Patterns of mutations in target genes in septicemia isolates of Escherichia coli and Klebsiella pneumoniae with resistance or reduced susceptibility to ciprofloxacin.","2003.0",
"ResFinder",,"F60I","parC",,"Target modification","Nalidixic acid,Ciprofloxacin","Escherichia coli",,"Unknown phenotype if F60I or F60K occur alone. Nalidixic acid and ciprofloxacin resistance when associated with gyrA mutations","CP084529.1",18500921,"Prevalence of quinolone resistance mechanisms and associations to minimum inhibitory concentrations in quinolone-resistant Escherichia coli isolated from humans and swine in Denmark.","2008.0",
"ResFinder",,"F60I","parC",,"Target modification","Nalidixic acid,Ciprofloxacin","Escherichia coli",,"Unknown phenotype if F60I or F60K occur alone. Nalidixic acid and ciprofloxacin resistance when associated with gyrA mutations","CP084529.1",1850092,"2,3,7,8-Tetrachlorodibenzo-p-dioxin stimulation of tyrosine phosphorylation in B lymphocytes: potential role in immunosuppression.","1991.0",
"ResFinder",,"F60K","parC",,"Target modification","Nalidixic acid,Ciprofloxacin","Escherichia coli",,"Unknown phenotype if F60I or F60K occur alone. Nalidixic acid and ciprofloxacin resistance when associated with gyrA mutations","CP084529.1",18500921,"Prevalence of quinolone resistance mechanisms and associations to minimum inhibitory concentrations in quinolone-resistant Escherichia coli isolated from humans and swine in Denmark.","2008.0",
"ResFinder",,"F60K","parC",,"Target modification","Nalidixic acid,Ciprofloxacin","Escherichia coli",,"Unknown phenotype if F60I or F60K occur alone. Nalidixic acid and ciprofloxacin resistance when associated with gyrA mutations","CP084529.1",1850092,"2,3,7,8-Tetrachlorodibenzo-p-dioxin stimulation of tyrosine phosphorylation in B lymphocytes: potential role in immunosuppression.","1991.0",
"ResFinder",,"G78D","parC",,"Target modification","Nalidixic acid,Ciprofloxacin","Escherichia coli",,"Unknown phenotype if G78C occurs alone. Nalidixic acid and ciprofloxacin resistance when associated with gyrA mutations","CP084529.1",8851598,"Quinolone-resistant mutants of escherichia coli DNA topoisomerase IV parC gene.","1996.0",
"ResFinder",,"G78D","parC",,"Target modification","Nalidixic acid,Ciprofloxacin","Escherichia coli",,"Unknown phenotype if G78C occurs alone. Nalidixic acid and ciprofloxacin resistance when associated with gyrA mutations","CP084529.1",14510643,"Patterns of mutations in target genes in septicemia isolates of Escherichia coli and Klebsiella pneumoniae with resistance or reduced susceptibility to ciprofloxacin.","2003.0",
"ResFinder",,"G78C","parC",,"Target modification","Nalidixic acid,Ciprofloxacin","Escherichia coli",,"Unknown phenotype if G78C occurs alone. Nalidixic acid and ciprofloxacin resistance when associated with gyrA mutations","CP084529.1",8851598,"Quinolone-resistant mutants of escherichia coli DNA topoisomerase IV parC gene.","1996.0",
"ResFinder",,"G78C","parC",,"Target modification","Nalidixic acid,Ciprofloxacin","Escherichia coli",,"Unknown phenotype if G78C occurs alone. Nalidixic acid and ciprofloxacin resistance when associated with gyrA mutations","CP084529.1",14510643,"Patterns of mutations in target genes in septicemia isolates of Escherichia coli and Klebsiella pneumoniae with resistance or reduced susceptibility to ciprofloxacin.","2003.0",
"ResFinder",,"S80R","parC",,"Target modification","Nalidixic acid,Ciprofloxacin","Escherichia coli",,"Unknown phenotype if each mutation occurs alone. Nalidixic acid and ciprofloxacin resistance when associated with gyrA mutations","CP084529.1",8851598,"Quinolone-resistant mutants of escherichia coli DNA topoisomerase IV parC gene.","1996.0",
"ResFinder",,"S80R","parC",,"Target modification","Nalidixic acid,Ciprofloxacin","Escherichia coli",,"Unknown phenotype if each mutation occurs alone. Nalidixic acid and ciprofloxacin resistance when associated with gyrA mutations","CP084529.1",8851598,"Quinolone-resistant mutants of escherichia coli DNA topoisomerase IV parC gene.","1996.0",
"ResFinder",,"S80R","parC",,"Target modification","Nalidixic acid,Ciprofloxacin","Escherichia coli",,"Unknown phenotype if each mutation occurs alone. Nalidixic acid and ciprofloxacin resistance when associated with gyrA mutations","CP084529.1","21856834-20638608",,,
"ResFinder",,"S80R","parC",,"Target modification","Nalidixic acid,Ciprofloxacin","Escherichia coli",,"Unknown phenotype if each mutation occurs alone. Nalidixic acid and ciprofloxacin resistance when associated with gyrA mutations","CP084529.1",8524852,"Topoisomerase IV is a target of quinolones in Escherichia coli.","1995.0",
"ResFinder",,"S80R","parC",,"Target modification","Nalidixic acid,Ciprofloxacin","Escherichia coli",,"Unknown phenotype if each mutation occurs alone. Nalidixic acid and ciprofloxacin resistance when associated with gyrA mutations","CP084529.1",25631675,"Characterisation of novel mutations involved in quinolone resistance in Escherichia coli isolated from imported shrimp.","2015.0",
"ResFinder",,"S80R","parC",,"Target modification","Nalidixic acid,Ciprofloxacin","Escherichia coli",,"Unknown phenotype if each mutation occurs alone. Nalidixic acid and ciprofloxacin resistance when associated with gyrA mutations","CP084529.1",25631675,"Characterisation of novel mutations involved in quinolone resistance in Escherichia coli isolated from imported shrimp.","2015.0",
"ResFinder",,"S80R","parC",,"Target modification","Nalidixic acid,Ciprofloxacin","Escherichia coli",,"Unknown phenotype if each mutation occurs alone. Nalidixic acid and ciprofloxacin resistance when associated with gyrA mutations","CP084529.1",25631675,"Characterisation of novel mutations involved in quinolone resistance in Escherichia coli isolated from imported shrimp.","2015.0",
"ResFinder",,"S80I","parC",,"Target modification","Nalidixic acid,Ciprofloxacin","Escherichia coli",,"Unknown phenotype if each mutation occurs alone. Nalidixic acid and ciprofloxacin resistance when associated with gyrA mutations","CP084529.1",8851598,"Quinolone-resistant mutants of escherichia coli DNA topoisomerase IV parC gene.","1996.0",
"ResFinder",,"S80I","parC",,"Target modification","Nalidixic acid,Ciprofloxacin","Escherichia coli",,"Unknown phenotype if each mutation occurs alone. Nalidixic acid and ciprofloxacin resistance when associated with gyrA mutations","CP084529.1",8851598,"Quinolone-resistant mutants of escherichia coli DNA topoisomerase IV parC gene.","1996.0",
"ResFinder",,"S80I","parC",,"Target modification","Nalidixic acid,Ciprofloxacin","Escherichia coli",,"Unknown phenotype if each mutation occurs alone. Nalidixic acid and ciprofloxacin resistance when associated with gyrA mutations","CP084529.1","21856834-20638608",,,
"ResFinder",,"S80I","parC",,"Target modification","Nalidixic acid,Ciprofloxacin","Escherichia coli",,"Unknown phenotype if each mutation occurs alone. Nalidixic acid and ciprofloxacin resistance when associated with gyrA mutations","CP084529.1",8524852,"Topoisomerase IV is a target of quinolones in Escherichia coli.","1995.0",
"ResFinder",,"S80I","parC",,"Target modification","Nalidixic acid,Ciprofloxacin","Escherichia coli",,"Unknown phenotype if each mutation occurs alone. Nalidixic acid and ciprofloxacin resistance when associated with gyrA mutations","CP084529.1",25631675,"Characterisation of novel mutations involved in quinolone resistance in Escherichia coli isolated from imported shrimp.","2015.0",
"ResFinder",,"S80I","parC",,"Target modification","Nalidixic acid,Ciprofloxacin","Escherichia coli",,"Unknown phenotype if each mutation occurs alone. Nalidixic acid and ciprofloxacin resistance when associated with gyrA mutations","CP084529.1",25631675,"Characterisation of novel mutations involved in quinolone resistance in Escherichia coli isolated from imported shrimp.","2015.0",
"ResFinder",,"S80I","parC",,"Target modification","Nalidixic acid,Ciprofloxacin","Escherichia coli",,"Unknown phenotype if each mutation occurs alone. Nalidixic acid and ciprofloxacin resistance when associated with gyrA mutations","CP084529.1",25631675,"Characterisation of novel mutations involved in quinolone resistance in Escherichia coli isolated from imported shrimp.","2015.0",
"ResFinder",,"S80W","parC",,"Target modification","Nalidixic acid,Ciprofloxacin","Escherichia coli",,"Unknown phenotype if each mutation occurs alone. Nalidixic acid and ciprofloxacin resistance when associated with gyrA mutations","CP084529.1",8851598,"Quinolone-resistant mutants of escherichia coli DNA topoisomerase IV parC gene.","1996.0",
"ResFinder",,"S80W","parC",,"Target modification","Nalidixic acid,Ciprofloxacin","Escherichia coli",,"Unknown phenotype if each mutation occurs alone. Nalidixic acid and ciprofloxacin resistance when associated with gyrA mutations","CP084529.1",8851598,"Quinolone-resistant mutants of escherichia coli DNA topoisomerase IV parC gene.","1996.0",
"ResFinder",,"S80W","parC",,"Target modification","Nalidixic acid,Ciprofloxacin","Escherichia coli",,"Unknown phenotype if each mutation occurs alone. Nalidixic acid and ciprofloxacin resistance when associated with gyrA mutations","CP084529.1","21856834-20638608",,,
"ResFinder",,"S80W","parC",,"Target modification","Nalidixic acid,Ciprofloxacin","Escherichia coli",,"Unknown phenotype if each mutation occurs alone. Nalidixic acid and ciprofloxacin resistance when associated with gyrA mutations","CP084529.1",8524852,"Topoisomerase IV is a target of quinolones in Escherichia coli.","1995.0",
"ResFinder",,"S80W","parC",,"Target modification","Nalidixic acid,Ciprofloxacin","Escherichia coli",,"Unknown phenotype if each mutation occurs alone. Nalidixic acid and ciprofloxacin resistance when associated with gyrA mutations","CP084529.1",25631675,"Characterisation of novel mutations involved in quinolone resistance in Escherichia coli isolated from imported shrimp.","2015.0",
"ResFinder",,"S80W","parC",,"Target modification","Nalidixic acid,Ciprofloxacin","Escherichia coli",,"Unknown phenotype if each mutation occurs alone. Nalidixic acid and ciprofloxacin resistance when associated with gyrA mutations","CP084529.1",25631675,"Characterisation of novel mutations involved in quinolone resistance in Escherichia coli isolated from imported shrimp.","2015.0",
"ResFinder",,"S80W","parC",,"Target modification","Nalidixic acid,Ciprofloxacin","Escherichia coli",,"Unknown phenotype if each mutation occurs alone. Nalidixic acid and ciprofloxacin resistance when associated with gyrA mutations","CP084529.1",25631675,"Characterisation of novel mutations involved in quinolone resistance in Escherichia coli isolated from imported shrimp.","2015.0",
"ResFinder",,"S80L","parC",,"Target modification","Nalidixic acid,Ciprofloxacin","Escherichia coli",,"Unknown phenotype if each mutation occurs alone. Nalidixic acid and ciprofloxacin resistance when associated with gyrA mutations","CP084529.1",8851598,"Quinolone-resistant mutants of escherichia coli DNA topoisomerase IV parC gene.","1996.0",
"ResFinder",,"S80L","parC",,"Target modification","Nalidixic acid,Ciprofloxacin","Escherichia coli",,"Unknown phenotype if each mutation occurs alone. Nalidixic acid and ciprofloxacin resistance when associated with gyrA mutations","CP084529.1",8851598,"Quinolone-resistant mutants of escherichia coli DNA topoisomerase IV parC gene.","1996.0",
"ResFinder",,"S80L","parC",,"Target modification","Nalidixic acid,Ciprofloxacin","Escherichia coli",,"Unknown phenotype if each mutation occurs alone. Nalidixic acid and ciprofloxacin resistance when associated with gyrA mutations","CP084529.1","21856834-20638608",,,
"ResFinder",,"S80L","parC",,"Target modification","Nalidixic acid,Ciprofloxacin","Escherichia coli",,"Unknown phenotype if each mutation occurs alone. Nalidixic acid and ciprofloxacin resistance when associated with gyrA mutations","CP084529.1",8524852,"Topoisomerase IV is a target of quinolones in Escherichia coli.","1995.0",
"ResFinder",,"S80L","parC",,"Target modification","Nalidixic acid,Ciprofloxacin","Escherichia coli",,"Unknown phenotype if each mutation occurs alone. Nalidixic acid and ciprofloxacin resistance when associated with gyrA mutations","CP084529.1",25631675,"Characterisation of novel mutations involved in quinolone resistance in Escherichia coli isolated from imported shrimp.","2015.0",
"ResFinder",,"S80L","parC",,"Target modification","Nalidixic acid,Ciprofloxacin","Escherichia coli",,"Unknown phenotype if each mutation occurs alone. Nalidixic acid and ciprofloxacin resistance when associated with gyrA mutations","CP084529.1",25631675,"Characterisation of novel mutations involved in quinolone resistance in Escherichia coli isolated from imported shrimp.","2015.0",
"ResFinder",,"S80L","parC",,"Target modification","Nalidixic acid,Ciprofloxacin","Escherichia coli",,"Unknown phenotype if each mutation occurs alone. Nalidixic acid and ciprofloxacin resistance when associated with gyrA mutations","CP084529.1",25631675,"Characterisation of novel mutations involved in quinolone resistance in Escherichia coli isolated from imported shrimp.","2015.0",
"ResFinder",,"E84G","parC",,"Target modification","Nalidixic acid,Ciprofloxacin","Escherichia coli",,"Unknown phenotype if each mutation occurs alone. Nalidixic acid and ciprofloxacin resistance when associated with gyrA mutations","CP084529.1",12654733,"Mutations in gyrA and parC genes in nalidixic acid-resistant Escherichia coli strains from food products, humans and animals.","2003.0",
"ResFinder",,"E84G","parC",,"Target modification","Nalidixic acid,Ciprofloxacin","Escherichia coli",,"Unknown phenotype if each mutation occurs alone. Nalidixic acid and ciprofloxacin resistance when associated with gyrA mutations","CP084529.1",8524852,"Topoisomerase IV is a target of quinolones in Escherichia coli.","1995.0",
"ResFinder",,"E84G","parC",,"Target modification","Nalidixic acid,Ciprofloxacin","Escherichia coli",,"Unknown phenotype if each mutation occurs alone. Nalidixic acid and ciprofloxacin resistance when associated with gyrA mutations","CP084529.1",12654733,"Mutations in gyrA and parC genes in nalidixic acid-resistant Escherichia coli strains from food products, humans and animals.","2003.0",
"ResFinder",,"E84G","parC",,"Target modification","Nalidixic acid,Ciprofloxacin","Escherichia coli",,"Unknown phenotype if each mutation occurs alone. Nalidixic acid and ciprofloxacin resistance when associated with gyrA mutations","CP084529.1",20638608,"High percentage of resistance to ciprofloxacin and qnrB19 gene identified in urinary isolates of extended-spectrum beta-lactamase-producing Escherichia coli in Madrid, Spain.","2010.0",
"ResFinder",,"E84G","parC",,"Target modification","Nalidixic acid,Ciprofloxacin","Escherichia coli",,"Unknown phenotype if each mutation occurs alone. Nalidixic acid and ciprofloxacin resistance when associated with gyrA mutations","CP084529.1",20638608,"High percentage of resistance to ciprofloxacin and qnrB19 gene identified in urinary isolates of extended-spectrum beta-lactamase-producing Escherichia coli in Madrid, Spain.","2010.0",
"ResFinder",,"E84K","parC",,"Target modification","Nalidixic acid,Ciprofloxacin","Escherichia coli",,"Unknown phenotype if each mutation occurs alone. Nalidixic acid and ciprofloxacin resistance when associated with gyrA mutations","CP084529.1",12654733,"Mutations in gyrA and parC genes in nalidixic acid-resistant Escherichia coli strains from food products, humans and animals.","2003.0",
"ResFinder",,"E84K","parC",,"Target modification","Nalidixic acid,Ciprofloxacin","Escherichia coli",,"Unknown phenotype if each mutation occurs alone. Nalidixic acid and ciprofloxacin resistance when associated with gyrA mutations","CP084529.1",8524852,"Topoisomerase IV is a target of quinolones in Escherichia coli.","1995.0",
"ResFinder",,"E84K","parC",,"Target modification","Nalidixic acid,Ciprofloxacin","Escherichia coli",,"Unknown phenotype if each mutation occurs alone. Nalidixic acid and ciprofloxacin resistance when associated with gyrA mutations","CP084529.1",12654733,"Mutations in gyrA and parC genes in nalidixic acid-resistant Escherichia coli strains from food products, humans and animals.","2003.0",
"ResFinder",,"E84K","parC",,"Target modification","Nalidixic acid,Ciprofloxacin","Escherichia coli",,"Unknown phenotype if each mutation occurs alone. Nalidixic acid and ciprofloxacin resistance when associated with gyrA mutations","CP084529.1",20638608,"High percentage of resistance to ciprofloxacin and qnrB19 gene identified in urinary isolates of extended-spectrum beta-lactamase-producing Escherichia coli in Madrid, Spain.","2010.0",
"ResFinder",,"E84K","parC",,"Target modification","Nalidixic acid,Ciprofloxacin","Escherichia coli",,"Unknown phenotype if each mutation occurs alone. Nalidixic acid and ciprofloxacin resistance when associated with gyrA mutations","CP084529.1",20638608,"High percentage of resistance to ciprofloxacin and qnrB19 gene identified in urinary isolates of extended-spectrum beta-lactamase-producing Escherichia coli in Madrid, Spain.","2010.0",
"ResFinder",,"E84V","parC",,"Target modification","Nalidixic acid,Ciprofloxacin","Escherichia coli",,"Unknown phenotype if each mutation occurs alone. Nalidixic acid and ciprofloxacin resistance when associated with gyrA mutations","CP084529.1",12654733,"Mutations in gyrA and parC genes in nalidixic acid-resistant Escherichia coli strains from food products, humans and animals.","2003.0",
"ResFinder",,"E84V","parC",,"Target modification","Nalidixic acid,Ciprofloxacin","Escherichia coli",,"Unknown phenotype if each mutation occurs alone. Nalidixic acid and ciprofloxacin resistance when associated with gyrA mutations","CP084529.1",8524852,"Topoisomerase IV is a target of quinolones in Escherichia coli.","1995.0",
"ResFinder",,"E84V","parC",,"Target modification","Nalidixic acid,Ciprofloxacin","Escherichia coli",,"Unknown phenotype if each mutation occurs alone. Nalidixic acid and ciprofloxacin resistance when associated with gyrA mutations","CP084529.1",12654733,"Mutations in gyrA and parC genes in nalidixic acid-resistant Escherichia coli strains from food products, humans and animals.","2003.0",
"ResFinder",,"E84V","parC",,"Target modification","Nalidixic acid,Ciprofloxacin","Escherichia coli",,"Unknown phenotype if each mutation occurs alone. Nalidixic acid and ciprofloxacin resistance when associated with gyrA mutations","CP084529.1",20638608,"High percentage of resistance to ciprofloxacin and qnrB19 gene identified in urinary isolates of extended-spectrum beta-lactamase-producing Escherichia coli in Madrid, Spain.","2010.0",
"ResFinder",,"E84V","parC",,"Target modification","Nalidixic acid,Ciprofloxacin","Escherichia coli",,"Unknown phenotype if each mutation occurs alone. Nalidixic acid and ciprofloxacin resistance when associated with gyrA mutations","CP084529.1",20638608,"High percentage of resistance to ciprofloxacin and qnrB19 gene identified in urinary isolates of extended-spectrum beta-lactamase-producing Escherichia coli in Madrid, Spain.","2010.0",
"ResFinder",,"E84A","parC",,"Target modification","Nalidixic acid,Ciprofloxacin","Escherichia coli",,"Unknown phenotype if each mutation occurs alone. Nalidixic acid and ciprofloxacin resistance when associated with gyrA mutations","CP084529.1",12654733,"Mutations in gyrA and parC genes in nalidixic acid-resistant Escherichia coli strains from food products, humans and animals.","2003.0",
"ResFinder",,"E84A","parC",,"Target modification","Nalidixic acid,Ciprofloxacin","Escherichia coli",,"Unknown phenotype if each mutation occurs alone. Nalidixic acid and ciprofloxacin resistance when associated with gyrA mutations","CP084529.1",8524852,"Topoisomerase IV is a target of quinolones in Escherichia coli.","1995.0",
"ResFinder",,"E84A","parC",,"Target modification","Nalidixic acid,Ciprofloxacin","Escherichia coli",,"Unknown phenotype if each mutation occurs alone. Nalidixic acid and ciprofloxacin resistance when associated with gyrA mutations","CP084529.1",12654733,"Mutations in gyrA and parC genes in nalidixic acid-resistant Escherichia coli strains from food products, humans and animals.","2003.0",
"ResFinder",,"E84A","parC",,"Target modification","Nalidixic acid,Ciprofloxacin","Escherichia coli",,"Unknown phenotype if each mutation occurs alone. Nalidixic acid and ciprofloxacin resistance when associated with gyrA mutations","CP084529.1",20638608,"High percentage of resistance to ciprofloxacin and qnrB19 gene identified in urinary isolates of extended-spectrum beta-lactamase-producing Escherichia coli in Madrid, Spain.","2010.0",
"ResFinder",,"E84A","parC",,"Target modification","Nalidixic acid,Ciprofloxacin","Escherichia coli",,"Unknown phenotype if each mutation occurs alone. Nalidixic acid and ciprofloxacin resistance when associated with gyrA mutations","CP084529.1",20638608,"High percentage of resistance to ciprofloxacin and qnrB19 gene identified in urinary isolates of extended-spectrum beta-lactamase-producing Escherichia coli in Madrid, Spain.","2010.0",
"ResFinder",,"E84R","parC",,"Target modification","Nalidixic acid,Ciprofloxacin","Escherichia coli",,"Unknown phenotype if each mutation occurs alone. Nalidixic acid and ciprofloxacin resistance when associated with gyrA mutations","CP084529.1",12654733,"Mutations in gyrA and parC genes in nalidixic acid-resistant Escherichia coli strains from food products, humans and animals.","2003.0",
"ResFinder",,"E84R","parC",,"Target modification","Nalidixic acid,Ciprofloxacin","Escherichia coli",,"Unknown phenotype if each mutation occurs alone. Nalidixic acid and ciprofloxacin resistance when associated with gyrA mutations","CP084529.1",8524852,"Topoisomerase IV is a target of quinolones in Escherichia coli.","1995.0",
"ResFinder",,"E84R","parC",,"Target modification","Nalidixic acid,Ciprofloxacin","Escherichia coli",,"Unknown phenotype if each mutation occurs alone. Nalidixic acid and ciprofloxacin resistance when associated with gyrA mutations","CP084529.1",12654733,"Mutations in gyrA and parC genes in nalidixic acid-resistant Escherichia coli strains from food products, humans and animals.","2003.0",
"ResFinder",,"E84R","parC",,"Target modification","Nalidixic acid,Ciprofloxacin","Escherichia coli",,"Unknown phenotype if each mutation occurs alone. Nalidixic acid and ciprofloxacin resistance when associated with gyrA mutations","CP084529.1",20638608,"High percentage of resistance to ciprofloxacin and qnrB19 gene identified in urinary isolates of extended-spectrum beta-lactamase-producing Escherichia coli in Madrid, Spain.","2010.0",
"ResFinder",,"E84R","parC",,"Target modification","Nalidixic acid,Ciprofloxacin","Escherichia coli",,"Unknown phenotype if each mutation occurs alone. Nalidixic acid and ciprofloxacin resistance when associated with gyrA mutations","CP084529.1",20638608,"High percentage of resistance to ciprofloxacin and qnrB19 gene identified in urinary isolates of extended-spectrum beta-lactamase-producing Escherichia coli in Madrid, Spain.","2010.0",
"ResFinder",,"A108V","parC",,"Target modification","Unknown","Escherichia coli",,,"CP084529.1",12523629,"Mechanisms of antibiotic resistance in Escherichia coli isolates obtained from healthy children in Spain.","2002.0",
"ResFinder",,"A108V","parC",,"Target modification","Unknown","Escherichia coli",,,"CP084529.1",1850092,"2,3,7,8-Tetrachlorodibenzo-p-dioxin stimulation of tyrosine phosphorylation in B lymphocytes: potential role in immunosuppression.","1991.0",
"ResFinder",,"A108T","parC",,"Target modification","Unknown","Escherichia coli",,,"CP084529.1",12523629,"Mechanisms of antibiotic resistance in Escherichia coli isolates obtained from healthy children in Spain.","2002.0",
"ResFinder",,"A108T","parC",,"Target modification","Unknown","Escherichia coli",,,"CP084529.1",1850092,"2,3,7,8-Tetrachlorodibenzo-p-dioxin stimulation of tyrosine phosphorylation in B lymphocytes: potential role in immunosuppression.","1991.0",
"ResFinder",,"I355T","parE",,"Target modification","Nalidixic acid,Ciprofloxacin","Escherichia coli",,"Unknown phenotype if I355T occurs alone. Nalidixic acid and ciprofloxacin resistance when associated with gyrA mutations","CP034658.1",28598203,"Prevalence and Mechanism of Fluoroquinolone Resistance in Escherichia coli Isolated from Swine Feces in Korea.","2017.0",
"ResFinder",,"L416F","parE",,"Target modification","Nalidixic acid,Ciprofloxacin","Escherichia coli",,"Unknown phenotype if L416F occurs alone. Nalidixic acid and ciprofloxacin resistance when associated with gyrA mutations","CP034658.1",14510643,"Patterns of mutations in target genes in septicemia isolates of Escherichia coli and Klebsiella pneumoniae with resistance or reduced susceptibility to ciprofloxacin.","2003.0",
"ResFinder",,"G423R","parE",,"Target modification","Nalidixic acid,Ciprofloxacin","Escherichia coli",,"Unknown phenotype if G423R occurs alone. Nalidixic acid and ciprofloxacin resistance when associated with gyrA mutations","CP034658.1",18500921,"Prevalence of quinolone resistance mechanisms and associations to minimum inhibitory concentrations in quinolone-resistant Escherichia coli isolated from humans and swine in Denmark.","2008.0",
"ResFinder",,"P439S","parE",,"Target modification","Nalidixic acid,Ciprofloxacin","Escherichia coli",,"Unknown phenotype if P439S occurs alone. Nalidixic acid and ciprofloxacin resistance when associated with gyrA mutations","CP034658.1",18500921,"Prevalence of quinolone resistance mechanisms and associations to minimum inhibitory concentrations in quinolone-resistant Escherichia coli isolated from humans and swine in Denmark.","2008.0",
"ResFinder",,"I444F","parE",,"Target modification","Nalidixic acid,Ciprofloxacin","Escherichia coli",,"Unknown phenotype if I444F occurs alone. Nalidixic acid and ciprofloxacin resistance when associated with gyrA mutations","CP034658.1",14506034,"Mutation rate and evolution of fluoroquinolone resistance in Escherichia coli isolates from patients with urinary tract infections.","2003.0",
"ResFinder",,"L445H","parE",,"Target modification","Nalidixic acid,Ciprofloxacin","Escherichia coli",,,"CP034658.1",8980775,"Quinolone resistance locus nfxD of Escherichia coli is a mutant allele of the parE gene encoding a subunit of topoisomerase IV.","1997.0",
"ResFinder",,"S458T","parE",,"Target modification","Nalidixic acid,Ciprofloxacin","Escherichia coli",,"Unknown phenotype if S458T or S458A occur alone. Nalidixic acid and ciprofloxacin resistance when associated with gyrA mutations","CP034658.1",14506034,"Mutation rate and evolution of fluoroquinolone resistance in Escherichia coli isolates from patients with urinary tract infections.","2003.0",
"ResFinder",,"S458T","parE",,"Target modification","Nalidixic acid,Ciprofloxacin","Escherichia coli",,"Unknown phenotype if S458T or S458A occur alone. Nalidixic acid and ciprofloxacin resistance when associated with gyrA mutations","CP034658.1",285982,"Avoiding perforation during endodontic access.","1979.0",
"ResFinder",,"S458A","parE",,"Target modification","Nalidixic acid,Ciprofloxacin","Escherichia coli",,"Unknown phenotype if S458T or S458A occur alone. Nalidixic acid and ciprofloxacin resistance when associated with gyrA mutations","CP034658.1",14506034,"Mutation rate and evolution of fluoroquinolone resistance in Escherichia coli isolates from patients with urinary tract infections.","2003.0",
"ResFinder",,"S458A","parE",,"Target modification","Nalidixic acid,Ciprofloxacin","Escherichia coli",,"Unknown phenotype if S458T or S458A occur alone. Nalidixic acid and ciprofloxacin resistance when associated with gyrA mutations","CP034658.1",285982,"Avoiding perforation during endodontic access.","1979.0",
"ResFinder",,"E460D","parE",,"Target modification","Nalidixic acid,Ciprofloxacin","Escherichia coli",,"Unknown phenotype if E460D occurs alone. Nalidixic acid and ciprofloxacin resistance when associated with gyrA mutations","CP034658.1",14510643,"Patterns of mutations in target genes in septicemia isolates of Escherichia coli and Klebsiella pneumoniae with resistance or reduced susceptibility to ciprofloxacin.","2003.0",
"ResFinder",,"I464F","parE",,"Target modification","Nalidixic acid,Ciprofloxacin","Escherichia coli",,"Unknown phenotype if I464F occurs alone. Nalidixic acid and ciprofloxacin resistance when associated with gyrA mutations","CP034658.1",14510643,"Patterns of mutations in target genes in septicemia isolates of Escherichia coli and Klebsiella pneumoniae with resistance or reduced susceptibility to ciprofloxacin.","2003.0",
"ResFinder",,"I470M","parE",,"Target modification","Nalidixic acid,Ciprofloxacin","Escherichia coli",,"Unknown phenotype if I470M occurs alone. Nalidixic acid and ciprofloxacin resistance when associated with gyrA mutations","CP034658.1",18500921,"Prevalence of quinolone resistance mechanisms and associations to minimum inhibitory concentrations in quinolone-resistant Escherichia coli isolated from humans and swine in Denmark.","2008.0",
"ResFinder",,"D476N","parE",,"Target modification","Nalidixic acid,Ciprofloxacin","Escherichia coli",,"Unknown phenotype if D476N occurs alone. Nalidixic acid and ciprofloxacin resistance when associated with gyrA mutations","CP034658.1",25631675,"Characterisation of novel mutations involved in quinolone resistance in Escherichia coli isolated from imported shrimp.","2015.0",
"ResFinder",,"I529L","parE",,"Target modification","Nalidixic acid,Ciprofloxacin","Escherichia coli",,"Unknown phenotype if I529L occurs alone. Nalidixic acid and ciprofloxacin resistance when associated with gyrA mutations.","CP034658.1",14506034,"Mutation rate and evolution of fluoroquinolone resistance in Escherichia coli isolates from patients with urinary tract infections.","2003.0",
"ResFinder",,"S39I","pmrA",,"Target modification","Colistin","Escherichia coli",,"Phenotype described when S39I and R81S occur simultaneously","CP047010.1",25150146,"Polymorphism of genes encoding PmrAB in colistin-resistant strains of Escherichia coli and Salmonella enterica isolated from poultry and swine.","2015.0",
"ResFinder",,"R81S","pmrA",,"Target modification","Colistin","Escherichia coli",,"Phenotype described when S39I and R81S occur simultaneously","CP047010.1",25150146,"Polymorphism of genes encoding PmrAB in colistin-resistant strains of Escherichia coli and Salmonella enterica isolated from poultry and swine.","2015.0",
"ResFinder",,"V161G","pmrB",,"Target modification","Colistin","Escherichia coli",,,"CP072802.1",25150146,"Polymorphism of genes encoding PmrAB in colistin-resistant strains of Escherichia coli and Salmonella enterica isolated from poultry and swine.","2015.0",
"ResFinder",,"F28L","folP",,,"Sulfamethoxazole","Escherichia coli",,,"CP047010",1522070,"Cloning, sequencing, and enhanced expression of the dihydropteroate synthase gene of Escherichia coli MC4100.","1992.0",
"ResFinder",,"F28L","folP",,,"Sulfamethoxazole","Escherichia coli",,,"CP047010",7642493,"Sulfonamide resistance in Neisseria meningitidis as defined by site-directed mutagenesis could have its origin in other species.","1995.0",
"ResFinder",,"F28I","folP",,,"Sulfamethoxazole","Escherichia coli",,,"CP047010",1522070,"Cloning, sequencing, and enhanced expression of the dihydropteroate synthase gene of Escherichia coli MC4100.","1992.0",
"ResFinder",,"F28I","folP",,,"Sulfamethoxazole","Escherichia coli",,,"CP047010",7642493,"Sulfonamide resistance in Neisseria meningitidis as defined by site-directed mutagenesis could have its origin in other species.","1995.0",
"ResFinder",,"P64S","folP",,,"Sulfamethoxazole","Escherichia coli",,,"CP047010",9449266,"Characterization of mutations contributing to sulfathiazole resistance in Escherichia coli.","1998.0",
"ResFinder",,"V146F","rpoB",,"Target modification","Rifampicin","Escherichia coli",,,"CP047010.1",3050121,"Mapping and sequencing of mutations in the Escherichia coli rpoB gene that lead to rifampicin resistance.","1988.0",
"ResFinder",,"Q513L","rpoB",,"Target modification","Rifampicin","Escherichia coli",,,"CP047010.1",3050121,"Mapping and sequencing of mutations in the Escherichia coli rpoB gene that lead to rifampicin resistance.","1988.0",
"ResFinder",,"Q513P","rpoB",,"Target modification","Rifampicin","Escherichia coli",,,"CP047010.1",3050121,"Mapping and sequencing of mutations in the Escherichia coli rpoB gene that lead to rifampicin resistance.","1988.0",
"ResFinder",,"H526Y","rpoB",,"Target modification","Rifampicin","Escherichia coli",,,"CP047010.1",3050121,"Mapping and sequencing of mutations in the Escherichia coli rpoB gene that lead to rifampicin resistance.","1988.0",
"ResFinder",,"R529C","rpoB",,"Target modification","Rifampicin","Escherichia coli",,,"CP047010.1",3050121,"Mapping and sequencing of mutations in the Escherichia coli rpoB gene that lead to rifampicin resistance.","1988.0",
"ResFinder",,"R529S","rpoB",,"Target modification","Rifampicin","Escherichia coli",,,"CP047010.1",3050121,"Mapping and sequencing of mutations in the Escherichia coli rpoB gene that lead to rifampicin resistance.","1988.0",
"ResFinder",,"S531F","rpoB",,"Target modification","Rifampicin","Escherichia coli",,,"CP047010.1",3050121,"Mapping and sequencing of mutations in the Escherichia coli rpoB gene that lead to rifampicin resistance.","1988.0",
"ResFinder",,"L533P","rpoB",,"Target modification","Rifampicin","Escherichia coli",,,"CP047010.1",3050121,"Mapping and sequencing of mutations in the Escherichia coli rpoB gene that lead to rifampicin resistance.","1988.0",
"ResFinder",,"T563P","rpoB",,"Target modification","Rifampicin","Escherichia coli",,,"CP047010.1",3050121,"Mapping and sequencing of mutations in the Escherichia coli rpoB gene that lead to rifampicin resistance.","1988.0",
"ResFinder",,"P564L","rpoB",,"Target modification","Rifampicin","Escherichia coli",,,"CP047010.1",3050121,"Mapping and sequencing of mutations in the Escherichia coli rpoB gene that lead to rifampicin resistance.","1988.0",
"ResFinder",,"I572L","rpoB",,"Target modification","Rifampicin","Escherichia coli",,,"CP047010.1",23433244,"Evolution of Escherichia coli rifampicin resistance in an antibiotic-free environment during thermal stress.","2013.0",
"ResFinder",,"I572F","rpoB",,"Target modification","Rifampicin","Escherichia coli",,,"CP047010.1",23433244,"Evolution of Escherichia coli rifampicin resistance in an antibiotic-free environment during thermal stress.","2013.0",
"ResFinder",,"I572N","rpoB",,"Target modification","Rifampicin","Escherichia coli",,,"CP047010.1",23433244,"Evolution of Escherichia coli rifampicin resistance in an antibiotic-free environment during thermal stress.","2013.0",
"ResFinder",,"R687H","rpoB",,"Target modification","Rifampicin","Escherichia coli",,,"CP047010.1",3050121,"Mapping and sequencing of mutations in the Escherichia coli rpoB gene that lead to rifampicin resistance.","1988.0",
"ResFinder","T754A",,"rrl",,"Target modification","Erythromycin,Telithromycin","Escherichia coli",,,"CP053604.1",10027979,"A ketolide resistance mutation in domain II of 23S rRNA reveals the proximity of hairpin 35 to the peptidyl transferase centre.","1999.0",
"ResFinder","G2032A",,"rrl",,"Target modification","Linezolid","Escherichia coli",,,"CP053604.1",10986233,"Oxazolidinone resistance mutations in 23S rRNA of Escherichia coli reveal the central region of domain V as the primary site of drug action.","2000.0",
"ResFinder","G2032T",,"rrl",,"Target modification","Linezolid","Escherichia coli",,,"CP053604.1",10986233,"Oxazolidinone resistance mutations in 23S rRNA of Escherichia coli reveal the central region of domain V as the primary site of drug action.","2000.0",
"ResFinder","G2032C",,"rrl",,"Target modification","Linezolid","Escherichia coli",,,"CP053604.1",10986233,"Oxazolidinone resistance mutations in 23S rRNA of Escherichia coli reveal the central region of domain V as the primary site of drug action.","2000.0",
"ResFinder","A2058G",,"rrl",,"Target modification","Erythromycin,Azithromycin,Telithromycin","Escherichia coli",,,"CP053604.1",15616307,"Binding site of the bridged macrolides in the Escherichia coli ribosome.","2005.0",
"ResFinder","G2447T",,"rrl",,"Target modification","Linezolid","Escherichia coli",,,"CP053604.1",10986233,"Oxazolidinone resistance mutations in 23S rRNA of Escherichia coli reveal the central region of domain V as the primary site of drug action.","2000.0",
"ResFinder","T2609C",,"rrl",,"Target modification","Telithromycin","Escherichia coli",,,"CP053604.1",11698379,"Binding site of macrolide antibiotics on the ribosome: new resistance mutation identifies a specific interaction of ketolides with rRNA.","2001.0",
"ResFinder","A523C",,"rrs",,"Interference with drug-induced conformational modification","Streptomycin","Escherichia coli",,,"CP067250.1",3054810,"A mutation in the 530 loop of Escherichia coli 16S ribosomal RNA causes resistance to streptomycin.","1988.0",
"ResFinder","G1058C",,"rrs",,"Target modification","Tetracycline,  Doxycycline, Minocycline, Tigecycline","Escherichia coli",,"Tigecycline borderline resistance","CP067250.1",14985271,"Comparison of tetracycline and tigecycline binding to ribosomes mapped by dimethylsulphate and drug-directed Fe2+ cleavage of 16S rRNA.","2004.0",
"ResFinder","G1064T",,"rrs",,"Target modification","Spectinomycin","Escherichia coli",,,"CP067250.1",8127669,"Spectinomycin interacts specifically with the residues G1064 and C1192 in 16S rRNA, thereby potentially freezing this molecule into an inactive conformation.","1994.0",
"ResFinder","G1064T",,"rrs",,"Target modification","Spectinomycin","Escherichia coli",,,"CP067250.1",8127669,"Spectinomycin interacts specifically with the residues G1064 and C1192 in 16S rRNA, thereby potentially freezing this molecule into an inactive conformation.","1994.0",
"ResFinder","G1064T",,"rrs",,"Target modification","Spectinomycin","Escherichia coli",,,"CP067250.1",8127669,"Spectinomycin interacts specifically with the residues G1064 and C1192 in 16S rRNA, thereby potentially freezing this molecule into an inactive conformation.","1994.0",
"ResFinder","G1064C",,"rrs",,"Target modification","Spectinomycin","Escherichia coli",,,"CP067250.1",8127669,"Spectinomycin interacts specifically with the residues G1064 and C1192 in 16S rRNA, thereby potentially freezing this molecule into an inactive conformation.","1994.0",
"ResFinder","G1064C",,"rrs",,"Target modification","Spectinomycin","Escherichia coli",,,"CP067250.1",8127669,"Spectinomycin interacts specifically with the residues G1064 and C1192 in 16S rRNA, thereby potentially freezing this molecule into an inactive conformation.","1994.0",
"ResFinder","G1064C",,"rrs",,"Target modification","Spectinomycin","Escherichia coli",,,"CP067250.1",8127669,"Spectinomycin interacts specifically with the residues G1064 and C1192 in 16S rRNA, thereby potentially freezing this molecule into an inactive conformation.","1994.0",
"ResFinder","G1064A",,"rrs",,"Target modification","Spectinomycin","Escherichia coli",,,"CP067250.1",8127669,"Spectinomycin interacts specifically with the residues G1064 and C1192 in 16S rRNA, thereby potentially freezing this molecule into an inactive conformation.","1994.0",
"ResFinder","G1064A",,"rrs",,"Target modification","Spectinomycin","Escherichia coli",,,"CP067250.1",8127669,"Spectinomycin interacts specifically with the residues G1064 and C1192 in 16S rRNA, thereby potentially freezing this molecule into an inactive conformation.","1994.0",
"ResFinder","G1064A",,"rrs",,"Target modification","Spectinomycin","Escherichia coli",,,"CP067250.1",8127669,"Spectinomycin interacts specifically with the residues G1064 and C1192 in 16S rRNA, thereby potentially freezing this molecule into an inactive conformation.","1994.0",
"ResFinder","C1066T",,"rrs",,"Target modification","Spectinomycin","Escherichia coli",,,"CP067250.1",7885842,"A new mutation in 16S rRNA of Escherichia coli conferring spectinomycin resistance.","1995.0",
"ResFinder","T1406A",,"rrs",,"Target modification","G418, Gentamicin C, Kanamycin A, Tobramycin","Escherichia coli",,,"CP067250.1",11502507,"Aminoglycoside resistance with homogeneous and heterogeneous populations of antibiotic-resistant ribosomes.","2001.0",
"ResFinder","A1408G",,"rrs",,"Target modification","Gentamicin C, Kanamycin A, Neomycin, Paromomycin","Escherichia coli",,,"CP067250.1",11502507,"Aminoglycoside resistance with homogeneous and heterogeneous populations of antibiotic-resistant ribosomes.","2001.0",
"ResFinder","A794G",,"rrs",,"Target modification","Kasugamycin","Escherichia coli",,,"CP053603.1",10512710,"Isolation of kasugamycin resistant mutants in the 16 S ribosomal RNA of Escherichia coli.","1999.0",
"ResFinder","A794G",,"rrs",,"Target modification","Kasugamycin","Escherichia coli",,,"CP053603.1",1051271,"[The share of active nursing care in the overall nursing activities].","1976.0",
"ResFinder","A794T",,"rrs",,"Target modification","Kasugamycin","Escherichia coli",,,"CP053603.1",10512710,"Isolation of kasugamycin resistant mutants in the 16 S ribosomal RNA of Escherichia coli.","1999.0",
"ResFinder","A794T",,"rrs",,"Target modification","Kasugamycin","Escherichia coli",,,"CP053603.1",1051271,"[The share of active nursing care in the overall nursing activities].","1976.0",
"ResFinder","G926A",,"rrs",,"Target modification","Kasugamycin","Escherichia coli",,,"CP053603.1",10512710,"Isolation of kasugamycin resistant mutants in the 16 S ribosomal RNA of Escherichia coli.","1999.0",
"ResFinder","G926A",,"rrs",,"Target modification","Kasugamycin","Escherichia coli",,,"CP053603.1",10512710,"Isolation of kasugamycin resistant mutants in the 16 S ribosomal RNA of Escherichia coli.","1999.0",
"ResFinder","G926A",,"rrs",,"Target modification","Kasugamycin","Escherichia coli",,,"CP053603.1",10512710,"Isolation of kasugamycin resistant mutants in the 16 S ribosomal RNA of Escherichia coli.","1999.0",
"ResFinder","G926C",,"rrs",,"Target modification","Kasugamycin","Escherichia coli",,,"CP053603.1",10512710,"Isolation of kasugamycin resistant mutants in the 16 S ribosomal RNA of Escherichia coli.","1999.0",
"ResFinder","G926C",,"rrs",,"Target modification","Kasugamycin","Escherichia coli",,,"CP053603.1",10512710,"Isolation of kasugamycin resistant mutants in the 16 S ribosomal RNA of Escherichia coli.","1999.0",
"ResFinder","G926C",,"rrs",,"Target modification","Kasugamycin","Escherichia coli",,,"CP053603.1",10512710,"Isolation of kasugamycin resistant mutants in the 16 S ribosomal RNA of Escherichia coli.","1999.0",
"ResFinder","G926T",,"rrs",,"Target modification","Kasugamycin","Escherichia coli",,,"CP053603.1",10512710,"Isolation of kasugamycin resistant mutants in the 16 S ribosomal RNA of Escherichia coli.","1999.0",
"ResFinder","G926T",,"rrs",,"Target modification","Kasugamycin","Escherichia coli",,,"CP053603.1",10512710,"Isolation of kasugamycin resistant mutants in the 16 S ribosomal RNA of Escherichia coli.","1999.0",
"ResFinder","G926T",,"rrs",,"Target modification","Kasugamycin","Escherichia coli",,,"CP053603.1",10512710,"Isolation of kasugamycin resistant mutants in the 16 S ribosomal RNA of Escherichia coli.","1999.0",
"ResFinder","A1519G",,"rrs",,"Target modification","Kasugamycin","Escherichia coli",,,"CP053603.1",10512710,"Isolation of kasugamycin resistant mutants in the 16 S ribosomal RNA of Escherichia coli.","1999.0",
"ResFinder","A1519G",,"rrs",,"Target modification","Kasugamycin","Escherichia coli",,,"CP053603.1",10512710,"Isolation of kasugamycin resistant mutants in the 16 S ribosomal RNA of Escherichia coli.","1999.0",
"ResFinder","A1519G",,"rrs",,"Target modification","Kasugamycin","Escherichia coli",,,"CP053603.1",10512710,"Isolation of kasugamycin resistant mutants in the 16 S ribosomal RNA of Escherichia coli.","1999.0",
"ResFinder","A1519C",,"rrs",,"Target modification","Kasugamycin","Escherichia coli",,,"CP053603.1",10512710,"Isolation of kasugamycin resistant mutants in the 16 S ribosomal RNA of Escherichia coli.","1999.0",
"ResFinder","A1519C",,"rrs",,"Target modification","Kasugamycin","Escherichia coli",,,"CP053603.1",10512710,"Isolation of kasugamycin resistant mutants in the 16 S ribosomal RNA of Escherichia coli.","1999.0",
"ResFinder","A1519C",,"rrs",,"Target modification","Kasugamycin","Escherichia coli",,,"CP053603.1",10512710,"Isolation of kasugamycin resistant mutants in the 16 S ribosomal RNA of Escherichia coli.","1999.0",
"ResFinder","A1519T",,"rrs",,"Target modification","Kasugamycin","Escherichia coli",,,"CP053603.1",10512710,"Isolation of kasugamycin resistant mutants in the 16 S ribosomal RNA of Escherichia coli.","1999.0",
"ResFinder","A1519T",,"rrs",,"Target modification","Kasugamycin","Escherichia coli",,,"CP053603.1",10512710,"Isolation of kasugamycin resistant mutants in the 16 S ribosomal RNA of Escherichia coli.","1999.0",
"ResFinder","A1519T",,"rrs",,"Target modification","Kasugamycin","Escherichia coli",,,"CP053603.1",10512710,"Isolation of kasugamycin resistant mutants in the 16 S ribosomal RNA of Escherichia coli.","1999.0",
"ResFinder","C1192T",,"rrs",,"Target modification","Spectinomycin","Escherichia coli",,,"CP067250.1",2447957,"Spectinomycin resistance at site 1192 in 16S ribosomal RNA of E. coli: an analysis of three mutants.","1987.0",
"ResFinder","C1192T",,"rrs",,"Target modification","Spectinomycin","Escherichia coli",,,"CP067250.1",2447957,"Spectinomycin resistance at site 1192 in 16S ribosomal RNA of E. coli: an analysis of three mutants.","1987.0",
"ResFinder","C1192T",,"rrs",,"Target modification","Spectinomycin","Escherichia coli",,,"CP067250.1",2447957,"Spectinomycin resistance at site 1192 in 16S ribosomal RNA of E. coli: an analysis of three mutants.","1987.0",
"ResFinder","C1192G",,"rrs",,"Target modification","Spectinomycin","Escherichia coli",,,"CP067250.1",2447957,"Spectinomycin resistance at site 1192 in 16S ribosomal RNA of E. coli: an analysis of three mutants.","1987.0",
"ResFinder","C1192G",,"rrs",,"Target modification","Spectinomycin","Escherichia coli",,,"CP067250.1",2447957,"Spectinomycin resistance at site 1192 in 16S ribosomal RNA of E. coli: an analysis of three mutants.","1987.0",
"ResFinder","C1192G",,"rrs",,"Target modification","Spectinomycin","Escherichia coli",,,"CP067250.1",2447957,"Spectinomycin resistance at site 1192 in 16S ribosomal RNA of E. coli: an analysis of three mutants.","1987.0",
"ResFinder","C1192A",,"rrs",,"Target modification","Spectinomycin","Escherichia coli",,,"CP067250.1",2447957,"Spectinomycin resistance at site 1192 in 16S ribosomal RNA of E. coli: an analysis of three mutants.","1987.0",
"ResFinder","C1192A",,"rrs",,"Target modification","Spectinomycin","Escherichia coli",,,"CP067250.1",2447957,"Spectinomycin resistance at site 1192 in 16S ribosomal RNA of E. coli: an analysis of three mutants.","1987.0",
"ResFinder","C1192A",,"rrs",,"Target modification","Spectinomycin","Escherichia coli",,,"CP067250.1",2447957,"Spectinomycin resistance at site 1192 in 16S ribosomal RNA of E. coli: an analysis of three mutants.","1987.0",
"ResFinder","C1192T",,"rrs",,"Target modification","Spectinomycin","Escherichia coli",,,"CP053603.1",6330677,"Antibiotic resistance mutations in 16S and 23S ribosomal RNA genes of Escherichia coli.","1984.0",
"ResFinder","C-42T",,"ampC","ampcpromotersize53bp","Enzymatic degradation","Ampicillin, Ampicillin+clavulanic acid, Amoxicillin, Amoxicillin+clavulanic acid, Cefixime, Cefotaxime, Cefoxitin, Ceftazidime, Piperacillin","Escherichia coli",,,"CP037449.1",21653764,"Detection of AmpC beta-lactamase in Escherichia coli: comparison of three phenotypic confirmation assays and genetic analysis.","2011.0",
"ResFinder","C-42T",,"ampC","ampcpromotersize53bp","Enzymatic degradation","Ampicillin, Ampicillin+clavulanic acid, Amoxicillin, Amoxicillin+clavulanic acid, Cefixime, Cefotaxime, Cefoxitin, Ceftazidime, Piperacillin","Escherichia coli",,,"CP037449.1",21653764,"Detection of AmpC beta-lactamase in Escherichia coli: comparison of three phenotypic confirmation assays and genetic analysis.","2011.0",
"ResFinder","C-42T",,"ampC","ampcpromotersize53bp","Enzymatic degradation","Ampicillin, Ampicillin+clavulanic acid, Amoxicillin, Amoxicillin+clavulanic acid, Cefixime, Cefotaxime, Cefoxitin, Ceftazidime, Piperacillin","Escherichia coli",,,"CP037449.1",21653764,"Detection of AmpC beta-lactamase in Escherichia coli: comparison of three phenotypic confirmation assays and genetic analysis.","2011.0",
"ResFinder","C-42A",,"ampC","ampcpromotersize53bp","Enzymatic degradation","Ampicillin, Ampicillin+clavulanic acid, Amoxicillin, Amoxicillin+clavulanic acid, Cefixime, Cefotaxime, Cefoxitin, Ceftazidime, Piperacillin","Escherichia coli",,,"CP037449.1",21653764,"Detection of AmpC beta-lactamase in Escherichia coli: comparison of three phenotypic confirmation assays and genetic analysis.","2011.0",
"ResFinder","C-42A",,"ampC","ampcpromotersize53bp","Enzymatic degradation","Ampicillin, Ampicillin+clavulanic acid, Amoxicillin, Amoxicillin+clavulanic acid, Cefixime, Cefotaxime, Cefoxitin, Ceftazidime, Piperacillin","Escherichia coli",,,"CP037449.1",21653764,"Detection of AmpC beta-lactamase in Escherichia coli: comparison of three phenotypic confirmation assays and genetic analysis.","2011.0",
"ResFinder","C-42A",,"ampC","ampcpromotersize53bp","Enzymatic degradation","Ampicillin, Ampicillin+clavulanic acid, Amoxicillin, Amoxicillin+clavulanic acid, Cefixime, Cefotaxime, Cefoxitin, Ceftazidime, Piperacillin","Escherichia coli",,,"CP037449.1",21653764,"Detection of AmpC beta-lactamase in Escherichia coli: comparison of three phenotypic confirmation assays and genetic analysis.","2011.0",
"ResFinder","C-42G",,"ampC","ampcpromotersize53bp","Enzymatic degradation","Ampicillin, Ampicillin+clavulanic acid, Amoxicillin, Amoxicillin+clavulanic acid, Cefixime, Cefotaxime, Cefoxitin, Ceftazidime, Piperacillin","Escherichia coli",,,"CP037449.1",21653764,"Detection of AmpC beta-lactamase in Escherichia coli: comparison of three phenotypic confirmation assays and genetic analysis.","2011.0",
"ResFinder","C-42G",,"ampC","ampcpromotersize53bp","Enzymatic degradation","Ampicillin, Ampicillin+clavulanic acid, Amoxicillin, Amoxicillin+clavulanic acid, Cefixime, Cefotaxime, Cefoxitin, Ceftazidime, Piperacillin","Escherichia coli",,,"CP037449.1",21653764,"Detection of AmpC beta-lactamase in Escherichia coli: comparison of three phenotypic confirmation assays and genetic analysis.","2011.0",
"ResFinder","C-42G",,"ampC","ampcpromotersize53bp","Enzymatic degradation","Ampicillin, Ampicillin+clavulanic acid, Amoxicillin, Amoxicillin+clavulanic acid, Cefixime, Cefotaxime, Cefoxitin, Ceftazidime, Piperacillin","Escherichia coli",,,"CP037449.1",21653764,"Detection of AmpC beta-lactamase in Escherichia coli: comparison of three phenotypic confirmation assays and genetic analysis.","2011.0",
"ResFinder","T-32A",,"ampC","ampcpromotersize53bp","Enzymatic degradation","Ampicillin, Ampicillin+clavulanic acid, Amoxicillin, Amoxicillin+clavulanic acid, Cefixime, Cefotaxime, Cefoxitin, Ceftazidime, Piperacillin","Escherichia coli",,,"CP037449.1",21653764,"Detection of AmpC beta-lactamase in Escherichia coli: comparison of three phenotypic confirmation assays and genetic analysis.","2011.0",
"ResFinder","T-32A",,"ampC","ampcpromotersize53bp","Enzymatic degradation","Ampicillin, Ampicillin+clavulanic acid, Amoxicillin, Amoxicillin+clavulanic acid, Cefixime, Cefotaxime, Cefoxitin, Ceftazidime, Piperacillin","Escherichia coli",,,"CP037449.1",21653764,"Detection of AmpC beta-lactamase in Escherichia coli: comparison of three phenotypic confirmation assays and genetic analysis.","2011.0",
"ResFinder","T-32A",,"ampC","ampcpromotersize53bp","Enzymatic degradation","Ampicillin, Ampicillin+clavulanic acid, Amoxicillin, Amoxicillin+clavulanic acid, Cefixime, Cefotaxime, Cefoxitin, Ceftazidime, Piperacillin","Escherichia coli",,,"CP037449.1",21653764,"Detection of AmpC beta-lactamase in Escherichia coli: comparison of three phenotypic confirmation assays and genetic analysis.","2011.0",
"ResFinder","T-32G",,"ampC","ampcpromotersize53bp","Enzymatic degradation","Ampicillin, Ampicillin+clavulanic acid, Amoxicillin, Amoxicillin+clavulanic acid, Cefixime, Cefotaxime, Cefoxitin, Ceftazidime, Piperacillin","Escherichia coli",,,"CP037449.1",21653764,"Detection of AmpC beta-lactamase in Escherichia coli: comparison of three phenotypic confirmation assays and genetic analysis.","2011.0",
"ResFinder","T-32G",,"ampC","ampcpromotersize53bp","Enzymatic degradation","Ampicillin, Ampicillin+clavulanic acid, Amoxicillin, Amoxicillin+clavulanic acid, Cefixime, Cefotaxime, Cefoxitin, Ceftazidime, Piperacillin","Escherichia coli",,,"CP037449.1",21653764,"Detection of AmpC beta-lactamase in Escherichia coli: comparison of three phenotypic confirmation assays and genetic analysis.","2011.0",
"ResFinder","T-32G",,"ampC","ampcpromotersize53bp","Enzymatic degradation","Ampicillin, Ampicillin+clavulanic acid, Amoxicillin, Amoxicillin+clavulanic acid, Cefixime, Cefotaxime, Cefoxitin, Ceftazidime, Piperacillin","Escherichia coli",,,"CP037449.1",21653764,"Detection of AmpC beta-lactamase in Escherichia coli: comparison of three phenotypic confirmation assays and genetic analysis.","2011.0",
"ResFinder","T-32C",,"ampC","ampcpromotersize53bp","Enzymatic degradation","Ampicillin, Ampicillin+clavulanic acid, Amoxicillin, Amoxicillin+clavulanic acid, Cefixime, Cefotaxime, Cefoxitin, Ceftazidime, Piperacillin","Escherichia coli",,,"CP037449.1",21653764,"Detection of AmpC beta-lactamase in Escherichia coli: comparison of three phenotypic confirmation assays and genetic analysis.","2011.0",
"ResFinder","T-32C",,"ampC","ampcpromotersize53bp","Enzymatic degradation","Ampicillin, Ampicillin+clavulanic acid, Amoxicillin, Amoxicillin+clavulanic acid, Cefixime, Cefotaxime, Cefoxitin, Ceftazidime, Piperacillin","Escherichia coli",,,"CP037449.1",21653764,"Detection of AmpC beta-lactamase in Escherichia coli: comparison of three phenotypic confirmation assays and genetic analysis.","2011.0",
"ResFinder","T-32C",,"ampC","ampcpromotersize53bp","Enzymatic degradation","Ampicillin, Ampicillin+clavulanic acid, Amoxicillin, Amoxicillin+clavulanic acid, Cefixime, Cefotaxime, Cefoxitin, Ceftazidime, Piperacillin","Escherichia coli",,,"CP037449.1",21653764,"Detection of AmpC beta-lactamase in Escherichia coli: comparison of three phenotypic confirmation assays and genetic analysis.","2011.0",
"ResFinder","ins-13GT",,"ampC","ampcpromotersize53bp","Enzymatic degradation","Ampicillin, Ampicillin+clavulanic acid, Amoxicillin, Amoxicillin+clavulanic acid, Cefixime, Cefotaxime, Cefoxitin, Ceftazidime, Piperacillin","Escherichia coli",,,"CP037449.1",21653764,"Detection of AmpC beta-lactamase in Escherichia coli: comparison of three phenotypic confirmation assays and genetic analysis.","2011.0",
"ResFinder","ins-13GT",,"ampC","ampcpromotersize53bp","Enzymatic degradation","Ampicillin, Ampicillin+clavulanic acid, Amoxicillin, Amoxicillin+clavulanic acid, Cefixime, Cefotaxime, Cefoxitin, Ceftazidime, Piperacillin","Escherichia coli",,,"CP037449.1",21653764,"Detection of AmpC beta-lactamase in Escherichia coli: comparison of three phenotypic confirmation assays and genetic analysis.","2011.0",
"ResFinder","ins-13G",,"ampC","ampcpromotersize53bp","Enzymatic degradation","Ampicillin, Ampicillin+clavulanic acid, Amoxicillin, Amoxicillin+clavulanic acid, Cefixime, Cefotaxime, Cefoxitin, Ceftazidime, Piperacillin","Escherichia coli",,,"CP037449.1",21653764,"Detection of AmpC beta-lactamase in Escherichia coli: comparison of three phenotypic confirmation assays and genetic analysis.","2011.0",
"ResFinder","ins-13G",,"ampC","ampcpromotersize53bp","Enzymatic degradation","Ampicillin, Ampicillin+clavulanic acid, Amoxicillin, Amoxicillin+clavulanic acid, Cefixime, Cefotaxime, Cefoxitin, Ceftazidime, Piperacillin","Escherichia coli",,,"CP037449.1",21653764,"Detection of AmpC beta-lactamase in Escherichia coli: comparison of three phenotypic confirmation assays and genetic analysis.","2011.0",
"ResFinder","ins-14GT",,"ampC","ampcpromotersize53bp","Enzymatic degredation","Ampicillin, Ampicillin+clavulanic acid, Amoxicillin, Amoxicillin+clavulanic acid, Cefixime, Cefotaxime, Cefoxitin, Ceftazidime, Piperacillin","Escherichia coli",,"Annotated in litteratur as -13insGT. Neighbouring GT position makes it impossible to determine which GT pair has been inserted, hence -13insGT is identical to -14/-16insGT and -15insTG.","CP037449.1",21653764,"Detection of AmpC beta-lactamase in Escherichia coli: comparison of three phenotypic confirmation assays and genetic analysis.","2011.0",
"ResFinder","ins-15TG",,"ampC","ampcpromotersize53bp","Enzymatic degredation","Ampicillin, Ampicillin+clavulanic acid, Amoxicillin, Amoxicillin+clavulanic acid, Cefixime, Cefotaxime, Cefoxitin, Ceftazidime, Piperacillin","Escherichia coli",,"Annotated in litteratur as -13insGT. Neighbouring GT position makes it impossible to determine which GT pair has been inserted, hence -13insGT is identical to -14/-16insGT and -15insTG.","CP037449.1",21653764,"Detection of AmpC beta-lactamase in Escherichia coli: comparison of three phenotypic confirmation assays and genetic analysis.","2011.0",
"ResFinder","ins-16GT",,"ampC","ampcpromotersize53bp","Enzymatic degredation","Ampicillin, Ampicillin+clavulanic acid, Amoxicillin, Amoxicillin+clavulanic acid, Cefixime, Cefotaxime, Cefoxitin, Ceftazidime, Piperacillin","Escherichia coli",,"Annotated in litteratur as -13insGT. Neighbouring GT position makes it impossible to determine which GT pair has been inserted, hence -13insGT is identical to -14/-16insGT and -15insTG.","CP037449.1",21653764,"Detection of AmpC beta-lactamase in Escherichia coli: comparison of three phenotypic confirmation assays and genetic analysis.","2011.0",
"ResFinder",,"L525P","rpoB",,"Target modification","Rifampicin","Helicobacter pylori",,,"NC_000915.1",30621024,"Genetic Determinants and Prediction of Antibiotic Resistance Phenotypes in Helicobacter pylori.","2019.0",
"ResFinder",,"H540N","rpoB",,"Target modification","Rifampicin","Helicobacter pylori",,,"NC_000915.1",30621024,"Genetic Determinants and Prediction of Antibiotic Resistance Phenotypes in Helicobacter pylori.","2019.0",
"ResFinder",,"D49S","ompK36",,,"Cephalosporins","Klebsiella pneumoniae",,"Under development. Phenotype should be used with caution.","Z33506.1",25245001,"Multi-drug carbapenem-resistant Klebsiella pneumoniae infection carrying the OXA-48 gene and showing variations in outer membrane protein 36 causing an outbreak in a tertiary care hospital in Riyadh, Saudi Arabia.","2014.0",
"ResFinder",,"D51N","ompK36",,,"Cephalosporins","Klebsiella pneumoniae",,"Under development. Phenotype should be used with caution.","Z33506.1",25245001,"Multi-drug carbapenem-resistant Klebsiella pneumoniae infection carrying the OXA-48 gene and showing variations in outer membrane protein 36 causing an outbreak in a tertiary care hospital in Riyadh, Saudi Arabia.","2014.0",
"ResFinder",,"L59V","ompK36",,,"Cephalosporins","Klebsiella pneumoniae",,"Under development. Phenotype should be used with caution.","Z33506.1",25245001,"Multi-drug carbapenem-resistant Klebsiella pneumoniae infection carrying the OXA-48 gene and showing variations in outer membrane protein 36 causing an outbreak in a tertiary care hospital in Riyadh, Saudi Arabia.","2014.0",
"ResFinder",,"T86V","ompK36",,,"Cephalosporins","Klebsiella pneumoniae",,"Under development. Phenotype should be used with caution.","Z33506.1",25245001,"Multi-drug carbapenem-resistant Klebsiella pneumoniae infection carrying the OXA-48 gene and showing variations in outer membrane protein 36 causing an outbreak in a tertiary care hospital in Riyadh, Saudi Arabia.","2014.0",
"ResFinder",,"S88G","ompK36",,,"Cephalosporins","Klebsiella pneumoniae",,"Under development. Phenotype should be used with caution.","Z33506.1",25245001,"Multi-drug carbapenem-resistant Klebsiella pneumoniae infection carrying the OXA-48 gene and showing variations in outer membrane protein 36 causing an outbreak in a tertiary care hospital in Riyadh, Saudi Arabia.","2014.0",
"ResFinder",,"S89T","ompK36",,,"Cephalosporins","Klebsiella pneumoniae",,"Under development. Phenotype should be used with caution.","Z33506.1",25245001,"Multi-drug carbapenem-resistant Klebsiella pneumoniae infection carrying the OXA-48 gene and showing variations in outer membrane protein 36 causing an outbreak in a tertiary care hospital in Riyadh, Saudi Arabia.","2014.0",
"ResFinder",,"S90D","ompK36",,,"Cephalosporins","Klebsiella pneumoniae",,"Under development. Phenotype should be used with caution.","Z33506.1",25245001,"Multi-drug carbapenem-resistant Klebsiella pneumoniae infection carrying the OXA-48 gene and showing variations in outer membrane protein 36 causing an outbreak in a tertiary care hospital in Riyadh, Saudi Arabia.","2014.0",
"ResFinder",,"D91K","ompK36",,,"Cephalosporins","Klebsiella pneumoniae",,"Under development. Phenotype should be used with caution.","Z33506.1",25245001,"Multi-drug carbapenem-resistant Klebsiella pneumoniae infection carrying the OXA-48 gene and showing variations in outer membrane protein 36 causing an outbreak in a tertiary care hospital in Riyadh, Saudi Arabia.","2014.0",
"ResFinder",,"A93S","ompK36",,,"Cephalosporins","Klebsiella pneumoniae",,"Under development. Phenotype should be used with caution.","Z33506.1",25245001,"Multi-drug carbapenem-resistant Klebsiella pneumoniae infection carrying the OXA-48 gene and showing variations in outer membrane protein 36 causing an outbreak in a tertiary care hospital in Riyadh, Saudi Arabia.","2014.0",
"ResFinder",,"K103*","ompK36",,,"Carbapenem","Klebsiella pneumoniae",,"Under development. Phenotype should be used with caution.","Z33506.1",22282462,"Acquisition of carbapenem resistance in multiresistant Klebsiella pneumoniae strains harbouring blaCTX-M-15, qnrS1 and aac(6')-Ib-cr genes.","2012.0",
"ResFinder",,"G183D","ompK36",,,"Cephalosporins","Klebsiella pneumoniae",,"Under development. Phenotype should be used with caution.","Z33506.1",25245001,"Multi-drug carbapenem-resistant Klebsiella pneumoniae infection carrying the OXA-48 gene and showing variations in outer membrane protein 36 causing an outbreak in a tertiary care hospital in Riyadh, Saudi Arabia.","2014.0",
"ResFinder",,"G183S","ompK36",,,"Cephalosporins","Klebsiella pneumoniae",,"Under development. Phenotype should be used with caution.","Z33506.1",25245001,"Multi-drug carbapenem-resistant Klebsiella pneumoniae infection carrying the OXA-48 gene and showing variations in outer membrane protein 36 causing an outbreak in a tertiary care hospital in Riyadh, Saudi Arabia.","2014.0",
"ResFinder",,"A184M","ompK36",,,"Cephalosporins","Klebsiella pneumoniae",,"Under development. Phenotype should be used with caution.","Z33506.1",25245001,"Multi-drug carbapenem-resistant Klebsiella pneumoniae infection carrying the OXA-48 gene and showing variations in outer membrane protein 36 causing an outbreak in a tertiary care hospital in Riyadh, Saudi Arabia.","2014.0",
"ResFinder",,"A184P","ompK36",,,"Cephalosporins","Klebsiella pneumoniae",,"Under development. Phenotype should be used with caution.","Z33506.1",25245001,"Multi-drug carbapenem-resistant Klebsiella pneumoniae infection carrying the OXA-48 gene and showing variations in outer membrane protein 36 causing an outbreak in a tertiary care hospital in Riyadh, Saudi Arabia.","2014.0",
"ResFinder",,"G189T","ompK36",,,"Cephalosporins","Klebsiella pneumoniae",,"Under development. Phenotype should be used with caution.","Z33506.1",25245001,"Multi-drug carbapenem-resistant Klebsiella pneumoniae infection carrying the OXA-48 gene and showing variations in outer membrane protein 36 causing an outbreak in a tertiary care hospital in Riyadh, Saudi Arabia.","2014.0",
"ResFinder",,"A190W","ompK36",,,"Cephalosporins","Klebsiella pneumoniae",,"Under development. Phenotype should be used with caution.","Z33506.1",25245001,"Multi-drug carbapenem-resistant Klebsiella pneumoniae infection carrying the OXA-48 gene and showing variations in outer membrane protein 36 causing an outbreak in a tertiary care hospital in Riyadh, Saudi Arabia.","2014.0",
"ResFinder",,"L191Q","ompK36",,,"Cephalosporins","Klebsiella pneumoniae",,"Under development. Phenotype should be used with caution.","Z33506.1",25245001,"Multi-drug carbapenem-resistant Klebsiella pneumoniae infection carrying the OXA-48 gene and showing variations in outer membrane protein 36 causing an outbreak in a tertiary care hospital in Riyadh, Saudi Arabia.","2014.0",
"ResFinder",,"L191S","ompK36",,,"Cephalosporins","Klebsiella pneumoniae",,"Under development. Phenotype should be used with caution.","Z33506.1",25245001,"Multi-drug carbapenem-resistant Klebsiella pneumoniae infection carrying the OXA-48 gene and showing variations in outer membrane protein 36 causing an outbreak in a tertiary care hospital in Riyadh, Saudi Arabia.","2014.0",
"ResFinder",,"F198Y","ompK36",,,"Cephalosporins","Klebsiella pneumoniae",,"Under development. Phenotype should be used with caution.","Z33506.1",25245001,"Multi-drug carbapenem-resistant Klebsiella pneumoniae infection carrying the OXA-48 gene and showing variations in outer membrane protein 36 causing an outbreak in a tertiary care hospital in Riyadh, Saudi Arabia.","2014.0",
"ResFinder",,"T200L","ompK36",,,"Cephalosporins","Klebsiella pneumoniae",,"Under development. Phenotype should be used with caution.","Z33506.1",25245001,"Multi-drug carbapenem-resistant Klebsiella pneumoniae infection carrying the OXA-48 gene and showing variations in outer membrane protein 36 causing an outbreak in a tertiary care hospital in Riyadh, Saudi Arabia.","2014.0",
"ResFinder",,"F207W","ompK36",,,"Cephalosporins","Klebsiella pneumoniae",,"Under development. Phenotype should be used with caution.","Z33506.1",25245001,"Multi-drug carbapenem-resistant Klebsiella pneumoniae infection carrying the OXA-48 gene and showing variations in outer membrane protein 36 causing an outbreak in a tertiary care hospital in Riyadh, Saudi Arabia.","2014.0",
"ResFinder",,"F207Y","ompK36",,,"Cephalosporins","Klebsiella pneumoniae",,"Under development. Phenotype should be used with caution.","Z33506.1",25245001,"Multi-drug carbapenem-resistant Klebsiella pneumoniae infection carrying the OXA-48 gene and showing variations in outer membrane protein 36 causing an outbreak in a tertiary care hospital in Riyadh, Saudi Arabia.","2014.0",
"ResFinder",,"A217S","ompK36",,,"Carbapenem","Klebsiella pneumoniae",,"Under development. Phenotype should be used with caution.","Z33506.1",25245001,"Multi-drug carbapenem-resistant Klebsiella pneumoniae infection carrying the OXA-48 gene and showing variations in outer membrane protein 36 causing an outbreak in a tertiary care hospital in Riyadh, Saudi Arabia.","2014.0",
"ResFinder",,"N218H","ompK36",,,"Carbapenem","Klebsiella pneumoniae",,"Under development. Phenotype should be used with caution.","Z33506.1",25245001,"Multi-drug carbapenem-resistant Klebsiella pneumoniae infection carrying the OXA-48 gene and showing variations in outer membrane protein 36 causing an outbreak in a tertiary care hospital in Riyadh, Saudi Arabia.","2014.0",
"ResFinder",,"T222L","ompK36",,,"Cephalosporins","Klebsiella pneumoniae",,"Under development. Phenotype should be used with caution.","Z33506.1",25245001,"Multi-drug carbapenem-resistant Klebsiella pneumoniae infection carrying the OXA-48 gene and showing variations in outer membrane protein 36 causing an outbreak in a tertiary care hospital in Riyadh, Saudi Arabia.","2014.0",
"ResFinder",,"D223G","ompK36",,,"Cephalosporins","Klebsiella pneumoniae",,"Under development. Phenotype should be used with caution.","Z33506.1",25245001,"Multi-drug carbapenem-resistant Klebsiella pneumoniae infection carrying the OXA-48 gene and showing variations in outer membrane protein 36 causing an outbreak in a tertiary care hospital in Riyadh, Saudi Arabia.","2014.0",
"ResFinder",,"D224E","ompK36",,,"Cephalosporins","Klebsiella pneumoniae",,"Under development. Phenotype should be used with caution.","Z33506.1",25245001,"Multi-drug carbapenem-resistant Klebsiella pneumoniae infection carrying the OXA-48 gene and showing variations in outer membrane protein 36 causing an outbreak in a tertiary care hospital in Riyadh, Saudi Arabia.","2014.0",
"ResFinder",,"Q227N","ompK36",,,"Cephalosporins","Klebsiella pneumoniae",,"Under development. Phenotype should be used with caution.","Z33506.1",25245001,"Multi-drug carbapenem-resistant Klebsiella pneumoniae infection carrying the OXA-48 gene and showing variations in outer membrane protein 36 causing an outbreak in a tertiary care hospital in Riyadh, Saudi Arabia.","2014.0",
"ResFinder",,"Q227S","ompK36",,,"Cephalosporins","Klebsiella pneumoniae",,"Under development. Phenotype should be used with caution.","Z33506.1",25245001,"Multi-drug carbapenem-resistant Klebsiella pneumoniae infection carrying the OXA-48 gene and showing variations in outer membrane protein 36 causing an outbreak in a tertiary care hospital in Riyadh, Saudi Arabia.","2014.0",
"ResFinder",,"L228K","ompK36",,,"Cephalosporins","Klebsiella pneumoniae",,"Under development. Phenotype should be used with caution.","Z33506.1",25245001,"Multi-drug carbapenem-resistant Klebsiella pneumoniae infection carrying the OXA-48 gene and showing variations in outer membrane protein 36 causing an outbreak in a tertiary care hospital in Riyadh, Saudi Arabia.","2014.0",
"ResFinder",,"L228V","ompK36",,,"Cephalosporins","Klebsiella pneumoniae",,"Under development. Phenotype should be used with caution.","Z33506.1",25245001,"Multi-drug carbapenem-resistant Klebsiella pneumoniae infection carrying the OXA-48 gene and showing variations in outer membrane protein 36 causing an outbreak in a tertiary care hospital in Riyadh, Saudi Arabia.","2014.0",
"ResFinder",,"L229V","ompK36",,,"Cephalosporins","Klebsiella pneumoniae",,"Under development. Phenotype should be used with caution.","Z33506.1",25245001,"Multi-drug carbapenem-resistant Klebsiella pneumoniae infection carrying the OXA-48 gene and showing variations in outer membrane protein 36 causing an outbreak in a tertiary care hospital in Riyadh, Saudi Arabia.","2014.0",
"ResFinder",,"L229A","ompK36",,,"Cephalosporins","Klebsiella pneumoniae",,"Under development. Phenotype should be used with caution.","Z33506.1",25245001,"Multi-drug carbapenem-resistant Klebsiella pneumoniae infection carrying the OXA-48 gene and showing variations in outer membrane protein 36 causing an outbreak in a tertiary care hospital in Riyadh, Saudi Arabia.","2014.0",
"ResFinder",,"E232R","ompK36",,,"Cephalosporins","Klebsiella pneumoniae",,"Under development. Phenotype should be used with caution.","Z33506.1",25245001,"Multi-drug carbapenem-resistant Klebsiella pneumoniae infection carrying the OXA-48 gene and showing variations in outer membrane protein 36 causing an outbreak in a tertiary care hospital in Riyadh, Saudi Arabia.","2014.0",
"ResFinder",,"H235D","ompK36",,,"Cephalosporins","Klebsiella pneumoniae",,"Under development. Phenotype should be used with caution.","Z33506.1",25245001,"Multi-drug carbapenem-resistant Klebsiella pneumoniae infection carrying the OXA-48 gene and showing variations in outer membrane protein 36 causing an outbreak in a tertiary care hospital in Riyadh, Saudi Arabia.","2014.0",
"ResFinder",,"T254S","ompK36",,,"Cephalosporins","Klebsiella pneumoniae",,"Under development. Phenotype should be used with caution.","Z33506.1",25245001,"Multi-drug carbapenem-resistant Klebsiella pneumoniae infection carrying the OXA-48 gene and showing variations in outer membrane protein 36 causing an outbreak in a tertiary care hospital in Riyadh, Saudi Arabia.","2014.0",
"ResFinder",,"A260V","ompK36",,,"Cephalosporins","Klebsiella pneumoniae",,"Under development. Phenotype should be used with caution.","Z33506.1",25245001,"Multi-drug carbapenem-resistant Klebsiella pneumoniae infection carrying the OXA-48 gene and showing variations in outer membrane protein 36 causing an outbreak in a tertiary care hospital in Riyadh, Saudi Arabia.","2014.0",
"ResFinder",,"N304E","ompK36",,,"Cephalosporins","Klebsiella pneumoniae",,"Under development. Phenotype should be used with caution.","Z33506.1",25245001,"Multi-drug carbapenem-resistant Klebsiella pneumoniae infection carrying the OXA-48 gene and showing variations in outer membrane protein 36 causing an outbreak in a tertiary care hospital in Riyadh, Saudi Arabia.","2014.0",
"ResFinder",,"S354N","ompK36",,,"Cephalosporins","Klebsiella pneumoniae",,"Under development. Phenotype should be used with caution.","Z33506.1",25245001,"Multi-drug carbapenem-resistant Klebsiella pneumoniae infection carrying the OXA-48 gene and showing variations in outer membrane protein 36 causing an outbreak in a tertiary care hospital in Riyadh, Saudi Arabia.","2014.0",
"ResFinder",,"A20T","acrR",,,"Fluoroquinolone","Klebsiella pneumoniae",,"Under development. Phenotype should be used with caution.","AJ318073.1",12936981,"Role of AcrR and ramA in fluoroquinolone resistance in clinical Klebsiella pneumoniae isolates from Singapore.","2003.0",
"ResFinder",,"G121*","acrR",,,"Tigecycline","Klebsiella pneumoniae",,"Under development. Phenotype should be used with caution.","AJ318073.1",27219271,"Tigecycline Susceptibility and Molecular Resistance Mechanisms Among Clinical Klebsiella pneumoniae Strains Isolated During Non-Tigecycline Treatment.","2017.0",
"ResFinder",,"G121V","acrR",,,"Tigecycline","Klebsiella pneumoniae",,"Under development. Phenotype should be used with caution.","AJ318073.1",27219271,"Tigecycline Susceptibility and Molecular Resistance Mechanisms Among Clinical Klebsiella pneumoniae Strains Isolated During Non-Tigecycline Treatment.","2017.0",
"ResFinder",,"E122K","acrR",,,"Tigecycline","Klebsiella pneumoniae",,"Under development. Phenotype should be used with caution.","AJ318073.1",27219271,"Tigecycline Susceptibility and Molecular Resistance Mechanisms Among Clinical Klebsiella pneumoniae Strains Isolated During Non-Tigecycline Treatment.","2017.0",
"ResFinder",,"M123*","acrR",,,"Tigecycline","Klebsiella pneumoniae",,"Under development. Phenotype should be used with caution.","AJ318073.1",27219271,"Tigecycline Susceptibility and Molecular Resistance Mechanisms Among Clinical Klebsiella pneumoniae Strains Isolated During Non-Tigecycline Treatment.","2017.0",
"ResFinder",,"A151V","acrR",,,"Fluoroquinolone","Klebsiella pneumoniae",,"Under development. Phenotype should be used with caution.","AJ318073.1",12936981,"Role of AcrR and ramA in fluoroquinolone resistance in clinical Klebsiella pneumoniae isolates from Singapore.","2003.0",
"ResFinder",,"P161R","acrR",,,"Fluoroquinolone","Klebsiella pneumoniae",,"Under development. Phenotype should be used with caution.","AJ318073.1",12936981,"Role of AcrR and ramA in fluoroquinolone resistance in clinical Klebsiella pneumoniae isolates from Singapore.","2003.0",
"ResFinder",,"G164A","acrR",,,"Fluoroquinolone","Klebsiella pneumoniae",,"Under development. Phenotype should be used with caution.","AJ318073.1",12936981,"Role of AcrR and ramA in fluoroquinolone resistance in clinical Klebsiella pneumoniae isolates from Singapore.","2003.0",
"ResFinder",,"F172S","acrR",,,"Fluoroquinolone","Klebsiella pneumoniae",,"Under development. Phenotype should be used with caution.","AJ318073.1",12936981,"Role of AcrR and ramA in fluoroquinolone resistance in clinical Klebsiella pneumoniae isolates from Singapore.","2003.0",
"ResFinder",,"R173G","acrR",,,"Fluoroquinolone","Klebsiella pneumoniae",,"Under development. Phenotype should be used with caution.","AJ318073.1",12936981,"Role of AcrR and ramA in fluoroquinolone resistance in clinical Klebsiella pneumoniae isolates from Singapore.","2003.0",
"ResFinder",,"L195V","acrR",,,"Fluoroquinolone","Klebsiella pneumoniae",,"Under development. Phenotype should be used with caution.","AJ318073.1",12936981,"Role of AcrR and ramA in fluoroquinolone resistance in clinical Klebsiella pneumoniae isolates from Singapore.","2003.0",
"ResFinder",,"F197I","acrR",,,"Fluoroquinolone","Klebsiella pneumoniae",,"Under development. Phenotype should be used with caution.","AJ318073.1",12936981,"Role of AcrR and ramA in fluoroquinolone resistance in clinical Klebsiella pneumoniae isolates from Singapore.","2003.0",
"ResFinder",,"L197L","acrR",,,"Fluoroquinolone","Klebsiella pneumoniae",,"Under development. Phenotype should be used with caution.","AJ318073.1",12936981,"Role of AcrR and ramA in fluoroquinolone resistance in clinical Klebsiella pneumoniae isolates from Singapore.","2003.0",
"ResFinder",,"K201M","acrR",,,"Fluoroquinolone","Klebsiella pneumoniae",,"Under development. Phenotype should be used with caution.","AJ318073.1",12936981,"Role of AcrR and ramA in fluoroquinolone resistance in clinical Klebsiella pneumoniae isolates from Singapore.","2003.0",
"ResFinder",,"F204L","acrR",,,"Tigecycline","Klebsiella pneumoniae",,"Under development. Phenotype should be used with caution.","AJ318073.1",28533243,"Roles of ramR and tet(A) Mutations in Conferring Tigecycline Resistance in Carbapenem-Resistant Klebsiella pneumoniae Clinical Isolates.","2017.0",
"ResFinder",,"A19V","ramR",,,"Tigecycline","Klebsiella pneumoniae",,"Under development. Phenotype should be used with caution.","KY465996.1",28533243,"Roles of ramR and tet(A) Mutations in Conferring Tigecycline Resistance in Carbapenem-Resistant Klebsiella pneumoniae Clinical Isolates.","2017.0",
"ResFinder",,"L44R","ramR",,,"Tigecycline","Klebsiella pneumoniae",,"Under development. Phenotype should be used with caution.","KY465996.1",28533243,"Roles of ramR and tet(A) Mutations in Conferring Tigecycline Resistance in Carbapenem-Resistant Klebsiella pneumoniae Clinical Isolates.","2017.0",
"ResFinder",,"H103Q","ramR",,,"Tigecycline","Klebsiella pneumoniae",,"Under development. Phenotype should be used with caution.","KY465996.1",27219271,"Tigecycline Susceptibility and Molecular Resistance Mechanisms Among Clinical Klebsiella pneumoniae Strains Isolated During Non-Tigecycline Treatment.","2017.0",
"ResFinder",,"L111R","ramR",,,"Tigecycline","Klebsiella pneumoniae",,"Under development. Phenotype should be used with caution.","KY465996.1",28533243,"Roles of ramR and tet(A) Mutations in Conferring Tigecycline Resistance in Carbapenem-Resistant Klebsiella pneumoniae Clinical Isolates.","2017.0",
"ResFinder",,"E113K","ramR",,,"Tigecycline","Klebsiella pneumoniae",,"Under development. Phenotype should be used with caution.","KY465996.1",28533243,"Roles of ramR and tet(A) Mutations in Conferring Tigecycline Resistance in Carbapenem-Resistant Klebsiella pneumoniae Clinical Isolates.","2017.0",
"ResFinder",,"Q122*","ramR",,,"Tigecycline","Klebsiella pneumoniae",,"Under development. Phenotype should be used with caution.","KY465996.1",28533243,"Roles of ramR and tet(A) Mutations in Conferring Tigecycline Resistance in Carbapenem-Resistant Klebsiella pneumoniae Clinical Isolates.","2017.0",
"ResFinder",,"Q135*","ramR",,,"Tigecycline","Klebsiella pneumoniae",,"Under development. Phenotype should be used with caution.","KY465996.1",28533243,"Roles of ramR and tet(A) Mutations in Conferring Tigecycline Resistance in Carbapenem-Resistant Klebsiella pneumoniae Clinical Isolates.","2017.0",
"ResFinder",,"L156V","ramR",,,"Tigecycline","Klebsiella pneumoniae",,"Under development. Phenotype should be used with caution.","KY465996.1",27219271,"Tigecycline Susceptibility and Molecular Resistance Mechanisms Among Clinical Klebsiella pneumoniae Strains Isolated During Non-Tigecycline Treatment.","2017.0",
"ResFinder",,"E175D","ramR",,,"Tigecycline","Klebsiella pneumoniae",,"Under development. Phenotype should be used with caution.","KY465996.1",27219271,"Tigecycline Susceptibility and Molecular Resistance Mechanisms Among Clinical Klebsiella pneumoniae Strains Isolated During Non-Tigecycline Treatment.","2017.0",
"ResFinder",,"I177T","ramR",,,"Tigecycline","Klebsiella pneumoniae",,"Under development. Phenotype should be used with caution.","KY465996.1",27219271,"Tigecycline Susceptibility and Molecular Resistance Mechanisms Among Clinical Klebsiella pneumoniae Strains Isolated During Non-Tigecycline Treatment.","2017.0",
"ResFinder",,"A178D","ramR",,,"Tigecycline","Klebsiella pneumoniae",,"Under development. Phenotype should be used with caution.","KY465996.1",27219271,"Tigecycline Susceptibility and Molecular Resistance Mechanisms Among Clinical Klebsiella pneumoniae Strains Isolated During Non-Tigecycline Treatment.","2017.0",
"ResFinder",,"F181*","ramR",,,"Tigecycline","Klebsiella pneumoniae",,"Under development. Phenotype should be used with caution.","KY465996.1",27219271,"Tigecycline Susceptibility and Molecular Resistance Mechanisms Among Clinical Klebsiella pneumoniae Strains Isolated During Non-Tigecycline Treatment.","2017.0",
"ResFinder",,"E190*","ramR",,,"Tigecycline","Klebsiella pneumoniae",,"Under development. Phenotype should be used with caution.","KY465996.1",27219271,"Tigecycline Susceptibility and Molecular Resistance Mechanisms Among Clinical Klebsiella pneumoniae Strains Isolated During Non-Tigecycline Treatment.","2017.0",
"ResFinder",,"A193S","ramR",,,"Tigecycline","Klebsiella pneumoniae",,"Under development. Phenotype should be used with caution.","KY465996.1",27219271,"Tigecycline Susceptibility and Molecular Resistance Mechanisms Among Clinical Klebsiella pneumoniae Strains Isolated During Non-Tigecycline Treatment.","2017.0",
"ResFinder",,"*195K","ramR",,,"Tigecycline","Klebsiella pneumoniae",,"Under development. Phenotype should be used with caution.","KY465996.1",28533243,"Roles of ramR and tet(A) Mutations in Conferring Tigecycline Resistance in Carbapenem-Resistant Klebsiella pneumoniae Clinical Isolates.","2017.0",
"ResFinder",,"Q174*","ompK35",,,"Carbapenem","Klebsiella pneumoniae",,"Under development. Phenotype should be used with caution.","AJ011501.1",22282462,"Acquisition of carbapenem resistance in multiresistant Klebsiella pneumoniae strains harbouring blaCTX-M-15, qnrS1 and aac(6')-Ib-cr genes.","2012.0",
"ResFinder",,"I70M","ompK37",,,"Carbapenem","Klebsiella pneumoniae",,"Under development. Phenotype should be used with caution.","AJ011502.1",22282462,"Acquisition of carbapenem resistance in multiresistant Klebsiella pneumoniae strains harbouring blaCTX-M-15, qnrS1 and aac(6')-Ib-cr genes.","2012.0",
"ResFinder",,"I128M","ompK37",,,"Carbapenem","Klebsiella pneumoniae",,"Under development. Phenotype should be used with caution.","AJ011502.1",22282462,"Acquisition of carbapenem resistance in multiresistant Klebsiella pneumoniae strains harbouring blaCTX-M-15, qnrS1 and aac(6')-Ib-cr genes.","2012.0",
"ResFinder",,"N230G","ompK37",,,"Carbapenem","Klebsiella pneumoniae",,"Under development. Phenotype should be used with caution.","AJ011502.1",22282462,"Acquisition of carbapenem resistance in multiresistant Klebsiella pneumoniae strains harbouring blaCTX-M-15, qnrS1 and aac(6')-Ib-cr genes.","2012.0",
"ResFinder",,"M233Q","ompK37",,,"Carbapenem","Klebsiella pneumoniae",,"Under development. Phenotype should be used with caution.","AJ011502.1",22282462,"Acquisition of carbapenem resistance in multiresistant Klebsiella pneumoniae strains harbouring blaCTX-M-15, qnrS1 and aac(6')-Ib-cr genes.","2012.0",
"ResFinder",,"T234H","ompK37",,,"Carbapenem","Klebsiella pneumoniae",,"Under development. Phenotype should be used with caution.","AJ011502.1",22282462,"Acquisition of carbapenem resistance in multiresistant Klebsiella pneumoniae strains harbouring blaCTX-M-15, qnrS1 and aac(6')-Ib-cr genes.","2012.0",
"ResFinder",,"Q235Y","ompK37",,,"Carbapenem","Klebsiella pneumoniae",,"Under development. Phenotype should be used with caution.","AJ011502.1",22282462,"Acquisition of carbapenem resistance in multiresistant Klebsiella pneumoniae strains harbouring blaCTX-M-15, qnrS1 and aac(6')-Ib-cr genes.","2012.0",
"ResFinder",,"N237H","ompK37",,,"Carbapenem","Klebsiella pneumoniae",,"Under development. Phenotype should be used with caution.","AJ011502.1",22282462,"Acquisition of carbapenem resistance in multiresistant Klebsiella pneumoniae strains harbouring blaCTX-M-15, qnrS1 and aac(6')-Ib-cr genes.","2012.0",
"ResFinder",,"R239K","ompK37",,,"Carbapenem","Klebsiella pneumoniae",,"Under development. Phenotype should be used with caution.","AJ011502.1",22282462,"Acquisition of carbapenem resistance in multiresistant Klebsiella pneumoniae strains harbouring blaCTX-M-15, qnrS1 and aac(6')-Ib-cr genes.","2012.0",
"ResFinder",,"E244D","ompK37",,,"Carbapenem","Klebsiella pneumoniae",,"Under development. Phenotype should be used with caution.","AJ011502.1",22282462,"Acquisition of carbapenem resistance in multiresistant Klebsiella pneumoniae strains harbouring blaCTX-M-15, qnrS1 and aac(6')-Ib-cr genes.","2012.0",
"ResFinder",,"N274S","ompK37",,,"Carbapenem","Klebsiella pneumoniae",,"Under development. Phenotype should be used with caution.","AJ011502.1",22282462,"Acquisition of carbapenem resistance in multiresistant Klebsiella pneumoniae strains harbouring blaCTX-M-15, qnrS1 and aac(6')-Ib-cr genes.","2012.0",
"ResFinder",,"D275T","ompK37",,,"Carbapenem","Klebsiella pneumoniae",,"Under development. Phenotype should be used with caution.","AJ011502.1",22282462,"Acquisition of carbapenem resistance in multiresistant Klebsiella pneumoniae strains harbouring blaCTX-M-15, qnrS1 and aac(6')-Ib-cr genes.","2012.0",
"ResFinder",,"V277I","ompK37",,,"Carbapenem","Klebsiella pneumoniae",,"Under development. Phenotype should be used with caution.","AJ011502.1",22282462,"Acquisition of carbapenem resistance in multiresistant Klebsiella pneumoniae strains harbouring blaCTX-M-15, qnrS1 and aac(6')-Ib-cr genes.","2012.0",
"ResFinder",,"S83L","gyrA",,,"Ciprofloxacin","Klebsiella pneumoniae",,"Under development. Phenotype should be used with caution.","AF052258.1",22633335,"High prevalence of acquired quinolone-resistance genes among Enterobacteriaceae from Saudi Arabia with CTX-M-15 β-lactamase.","2012.0",
"ResFinder",,"S83F","gyrA",,,"Ciprofloxacin","Klebsiella pneumoniae",,"Under development. Phenotype should be used with caution.","AF052258.1",22633335,"High prevalence of acquired quinolone-resistance genes among Enterobacteriaceae from Saudi Arabia with CTX-M-15 β-lactamase.","2012.0",
"ResFinder",,"D87A","gyrA",,,"Ciprofloxacin","Klebsiella pneumoniae",,"Under development. Phenotype should be used with caution.","AF052258.1",22633335,"High prevalence of acquired quinolone-resistance genes among Enterobacteriaceae from Saudi Arabia with CTX-M-15 β-lactamase.","2012.0",
"ResFinder",,"D87N","gyrA",,,"Ciprofloxacin","Klebsiella pneumoniae",,"Under development. Phenotype should be used with caution.","AF052258.1",22633335,"High prevalence of acquired quinolone-resistance genes among Enterobacteriaceae from Saudi Arabia with CTX-M-15 β-lactamase.","2012.0",
"ResFinder",,"D87G","gyrA",,,"Ciprofloxacin","Klebsiella pneumoniae",,"Under development. Phenotype should be used with caution.","AF052258.1",22633335,"High prevalence of acquired quinolone-resistance genes among Enterobacteriaceae from Saudi Arabia with CTX-M-15 β-lactamase.","2012.0",
"ResFinder",,"S80I","parC",,,"Ciprofloxacin","Klebsiella pneumoniae",,"Under development. Phenotype should be used with caution.","AF303641.1",22633335,"High prevalence of acquired quinolone-resistance genes among Enterobacteriaceae from Saudi Arabia with CTX-M-15 β-lactamase.","2012.0",
"ResFinder",,"E84K","parC",,,"Ciprofloxacin","Klebsiella pneumoniae",,"Under development. Phenotype should be used with caution.","AF303641.1",22633335,"High prevalence of acquired quinolone-resistance genes among Enterobacteriaceae from Saudi Arabia with CTX-M-15 β-lactamase.","2012.0",
"ResFinder",,"ins131SG","ompK36",,,"Cephalosporins","Klebsiella pneumoniae",,"Under development. Phenotype should be used with caution.","Z33506.1",25245001,"Multi-drug carbapenem-resistant Klebsiella pneumoniae infection carrying the OXA-48 gene and showing variations in outer membrane protein 36 causing an outbreak in a tertiary care hospital in Riyadh, Saudi Arabia.","2014.0",
"ResFinder",,"ins131FGGD","ompK36",,,"Cephalosporins","Klebsiella pneumoniae",,"Under development. Phenotype should be used with caution.","Z33506.1",25245001,"Multi-drug carbapenem-resistant Klebsiella pneumoniae infection carrying the OXA-48 gene and showing variations in outer membrane protein 36 causing an outbreak in a tertiary care hospital in Riyadh, Saudi Arabia.","2014.0",
"ResFinder",,"ins184GAL","ompK36",,,"Cephalosporins","Klebsiella pneumoniae",,"Under development. Phenotype should be used with caution.","Z33506.1",25245001,"Multi-drug carbapenem-resistant Klebsiella pneumoniae infection carrying the OXA-48 gene and showing variations in outer membrane protein 36 causing an outbreak in a tertiary care hospital in Riyadh, Saudi Arabia.","2014.0",
"ResFinder",,"ins234L","ompK36",,,"Cephalosporins","Klebsiella pneumoniae",,"Under development. Phenotype should be used with caution.","Z33506.1",25245001,"Multi-drug carbapenem-resistant Klebsiella pneumoniae infection carrying the OXA-48 gene and showing variations in outer membrane protein 36 causing an outbreak in a tertiary care hospital in Riyadh, Saudi Arabia.","2014.0",
"ResFinder",,"ins234P","ompK36",,,"Cephalosporins","Klebsiella pneumoniae",,"Under development. Phenotype should be used with caution.","Z33506.1",25245001,"Multi-drug carbapenem-resistant Klebsiella pneumoniae infection carrying the OXA-48 gene and showing variations in outer membrane protein 36 causing an outbreak in a tertiary care hospital in Riyadh, Saudi Arabia.","2014.0",
"ResFinder",,"ins311R","ompK36",,,"Cephalosporins","Klebsiella pneumoniae",,"Under development. Phenotype should be used with caution.","Z33506.1",25245001,"Multi-drug carbapenem-resistant Klebsiella pneumoniae infection carrying the OXA-48 gene and showing variations in outer membrane protein 36 causing an outbreak in a tertiary care hospital in Riyadh, Saudi Arabia.","2014.0",
"ResFinder","del382CAGGCCCAGCGGCAG",,"acrR",,,"Norfloxacin, Ciprofloxacin","Klebsiella pneumoniae",,"Under development. Phenotype should be used with caution.","AJ318073.1",12936981,"Role of AcrR and ramA in fluoroquinolone resistance in clinical Klebsiella pneumoniae isolates from Singapore.","2003.0",
"ResFinder","del430ACCTTGAAAGAG",,"acrR",,,"Norfloxacin, Ciprofloxacin","Klebsiella pneumoniae",,"Under development. Phenotype should be used with caution.","AJ318073.1",12936981,"Role of AcrR and ramA in fluoroquinolone resistance in clinical Klebsiella pneumoniae isolates from Singapore.","2003.0",
"ResFinder",,"ins238TERY","ompK37",,,"Carbapenem","Klebsiella pneumoniae",,"Under development. Phenotype should be used with caution.","AJ011502.1",22282462,"Acquisition of carbapenem resistance in multiresistant Klebsiella pneumoniae strains harbouring blaCTX-M-15, qnrS1 and aac(6')-Ib-cr genes.","2012.0",
"ResFinder",,"ins275SSTNGG","ompK37",,,"Carbapenem","Klebsiella pneumoniae",,"Under development. Phenotype should be used with caution.","AJ011502.1",22282462,"Acquisition of carbapenem resistance in multiresistant Klebsiella pneumoniae strains harbouring blaCTX-M-15, qnrS1 and aac(6')-Ib-cr genes.","2012.0",
"ResFinder","A514C",,"rrs",,,"Amikacin","Mycobacterium tuberculosis",,,"CP054014.1",23561273,"Characterization of mutations in multi- and extensive drug resistance among strains of Mycobacterium tuberculosis clinical isolates in Republic of Korea.","2013.0",
"ResFinder","A514C",,"rrs",,,"Amikacin","Mycobacterium tuberculosis",,,"CP054014.1",22479378,"Evaluation of genetic mutations associated with Mycobacterium tuberculosis resistance to amikacin, kanamycin and capreomycin: a systematic review.","2012.0",
"ResFinder","C517T",,"rrs",,,"Amikacin,Streptomycin","Mycobacterium tuberculosis",,,"CP054014.1",23561273,"Characterization of mutations in multi- and extensive drug resistance among strains of Mycobacterium tuberculosis clinical isolates in Republic of Korea.","2013.0",
"ResFinder","C517T",,"rrs",,,"Amikacin,Streptomycin","Mycobacterium tuberculosis",,,"CP054014.1",23995137,"Genome sequencing of 161 Mycobacterium tuberculosis isolates from China identifies genes and intergenic regions associated with drug resistance.","2013.0",
"ResFinder","C517T",,"rrs",,,"Amikacin,Streptomycin","Mycobacterium tuberculosis",,,"CP054014.1",23906937,"Detection of streptomycin and quinolone resistance in Mycobacterium tuberculosis by a low-density DNA array.","2013.0",
"ResFinder","C517T",,"rrs",,,"Amikacin,Streptomycin","Mycobacterium tuberculosis",,,"CP054014.1",19209951,"Tuberculosis drug resistance mutation database.","2009.0",
"ResFinder","C517T",,"rrs",,,"Streptomycin","Mycobacterium tuberculosis",,,"CP054014.1",23561273,"Characterization of mutations in multi- and extensive drug resistance among strains of Mycobacterium tuberculosis clinical isolates in Republic of Korea.","2013.0",
"ResFinder","C517T",,"rrs",,,"Streptomycin","Mycobacterium tuberculosis",,,"CP054014.1",23995137,"Genome sequencing of 161 Mycobacterium tuberculosis isolates from China identifies genes and intergenic regions associated with drug resistance.","2013.0",
"ResFinder","C517T",,"rrs",,,"Streptomycin","Mycobacterium tuberculosis",,,"CP054014.1",23906937,"Detection of streptomycin and quinolone resistance in Mycobacterium tuberculosis by a low-density DNA array.","2013.0",
"ResFinder","C517T",,"rrs",,,"Streptomycin","Mycobacterium tuberculosis",,,"CP054014.1",19209951,"Tuberculosis drug resistance mutation database.","2009.0",
"ResFinder","G1158T",,"rrs",,,"Amikacin","Mycobacterium tuberculosis",,,"CP054014.1",22479378,"Evaluation of genetic mutations associated with Mycobacterium tuberculosis resistance to amikacin, kanamycin and capreomycin: a systematic review.","2012.0",
"ResFinder","A1338C",,"rrs",,,"Amikacin","Mycobacterium tuberculosis",,,"CP054014.1",22479378,"Evaluation of genetic mutations associated with Mycobacterium tuberculosis resistance to amikacin, kanamycin and capreomycin: a systematic review.","2012.0",
"ResFinder","A1401G",,"rrs",,,"Amikacin,Capreomycin,KANAMYCIN,Streptomycin","Mycobacterium tuberculosis",,,"CP054014.1",23561273,"Characterization of mutations in multi- and extensive drug resistance among strains of Mycobacterium tuberculosis clinical isolates in Republic of Korea.","2013.0",
"ResFinder","A1401G",,"rrs",,,"Amikacin,Capreomycin,KANAMYCIN,Streptomycin","Mycobacterium tuberculosis",,,"CP054014.1",23995137,"Genome sequencing of 161 Mycobacterium tuberculosis isolates from China identifies genes and intergenic regions associated with drug resistance.","2013.0",
"ResFinder","A1401G",,"rrs",,,"Amikacin,Capreomycin,KANAMYCIN,Streptomycin","Mycobacterium tuberculosis",,,"CP054014.1",23288402,"Triplex real-time PCR melting curve analysis for detecting Mycobacterium tuberculosis mutations associated with resistance to second-line drugs in a single reaction.","2013.0",
"ResFinder","A1401G",,"rrs",,,"Amikacin,Capreomycin,KANAMYCIN,Streptomycin","Mycobacterium tuberculosis",,,"CP054014.1",23705640,"Detection of second-line drug resistance in Mycobacterium tuberculosis using oligonucleotide microarrays.","2013.0",
"ResFinder","A1401G",,"rrs",,,"Amikacin,Capreomycin,KANAMYCIN,Streptomycin","Mycobacterium tuberculosis",,,"CP054014.1",22461677,"Detection of first- and second-line drug resistance in Mycobacterium tuberculosis clinical isolates by pyrosequencing.","2012.0",
"ResFinder","A1401G",,"rrs",,,"Amikacin,Capreomycin,KANAMYCIN,Streptomycin","Mycobacterium tuberculosis",,,"CP054014.1",22479378,"Evaluation of genetic mutations associated with Mycobacterium tuberculosis resistance to amikacin, kanamycin and capreomycin: a systematic review.","2012.0",
"ResFinder","A1401G",,"rrs",,,"Amikacin,Capreomycin,KANAMYCIN,Streptomycin","Mycobacterium tuberculosis",,,"CP054014.1",23166667,"Evaluation of genotype MTBDRsl assay to detect drug resistance associated with fluoroquinolones, aminoglycosides and ethambutol on clinical sediments.","2012.0",
"ResFinder","A1401G",,"rrs",,,"Amikacin,Capreomycin,KANAMYCIN,Streptomycin","Mycobacterium tuberculosis",,,"CP054014.1",19209951,"Tuberculosis drug resistance mutation database.","2009.0",
"ResFinder","A1401G",,"rrs",,,"Amikacin,Capreomycin,KANAMYCIN,Streptomycin","Mycobacterium tuberculosis",,,"CP054014.1",23906937,"Detection of streptomycin and quinolone resistance in Mycobacterium tuberculosis by a low-density DNA array.","2013.0",
"ResFinder","A1401G",,"rrs",,,"Amikacin,Capreomycin,KANAMYCIN","Mycobacterium tuberculosis",,,"CP054014.1",23561273,"Characterization of mutations in multi- and extensive drug resistance among strains of Mycobacterium tuberculosis clinical isolates in Republic of Korea.","2013.0",
"ResFinder","A1401G",,"rrs",,,"Amikacin,Capreomycin,KANAMYCIN","Mycobacterium tuberculosis",,,"CP054014.1",23995137,"Genome sequencing of 161 Mycobacterium tuberculosis isolates from China identifies genes and intergenic regions associated with drug resistance.","2013.0",
"ResFinder","A1401G",,"rrs",,,"Amikacin,Capreomycin,KANAMYCIN","Mycobacterium tuberculosis",,,"CP054014.1",23288402,"Triplex real-time PCR melting curve analysis for detecting Mycobacterium tuberculosis mutations associated with resistance to second-line drugs in a single reaction.","2013.0",
"ResFinder","A1401G",,"rrs",,,"Amikacin,Capreomycin,KANAMYCIN","Mycobacterium tuberculosis",,,"CP054014.1",23705640,"Detection of second-line drug resistance in Mycobacterium tuberculosis using oligonucleotide microarrays.","2013.0",
"ResFinder","A1401G",,"rrs",,,"Amikacin,Capreomycin,KANAMYCIN","Mycobacterium tuberculosis",,,"CP054014.1",22461677,"Detection of first- and second-line drug resistance in Mycobacterium tuberculosis clinical isolates by pyrosequencing.","2012.0",
"ResFinder","A1401G",,"rrs",,,"Amikacin,Capreomycin,KANAMYCIN","Mycobacterium tuberculosis",,,"CP054014.1",22479378,"Evaluation of genetic mutations associated with Mycobacterium tuberculosis resistance to amikacin, kanamycin and capreomycin: a systematic review.","2012.0",
"ResFinder","A1401G",,"rrs",,,"Amikacin,Capreomycin,KANAMYCIN","Mycobacterium tuberculosis",,,"CP054014.1",23166667,"Evaluation of genotype MTBDRsl assay to detect drug resistance associated with fluoroquinolones, aminoglycosides and ethambutol on clinical sediments.","2012.0",
"ResFinder","A1401G",,"rrs",,,"Amikacin,Capreomycin,KANAMYCIN","Mycobacterium tuberculosis",,,"CP054014.1",19209951,"Tuberculosis drug resistance mutation database.","2009.0",
"ResFinder","A1401G",,"rrs",,,"Amikacin,Capreomycin,KANAMYCIN","Mycobacterium tuberculosis",,,"CP054014.1",23906937,"Detection of streptomycin and quinolone resistance in Mycobacterium tuberculosis by a low-density DNA array.","2013.0",
"ResFinder","C1402A",,"rrs",,,"Amikacin,Capreomycin,KANAMYCIN","Mycobacterium tuberculosis",,,"CP054014.1",23705640,"Detection of second-line drug resistance in Mycobacterium tuberculosis using oligonucleotide microarrays.","2013.0",
"ResFinder","C1402A",,"rrs",,,"Amikacin,Capreomycin,KANAMYCIN","Mycobacterium tuberculosis",,,"CP054014.1",19209951,"Tuberculosis drug resistance mutation database.","2009.0",
"ResFinder","C1402A",,"rrs",,,"Amikacin,Capreomycin,KANAMYCIN","Mycobacterium tuberculosis",,,"CP054014.1",23288402,"Triplex real-time PCR melting curve analysis for detecting Mycobacterium tuberculosis mutations associated with resistance to second-line drugs in a single reaction.","2013.0",
"ResFinder","C1402A",,"rrs",,,"Amikacin,Capreomycin,KANAMYCIN","Mycobacterium tuberculosis",,,"CP054014.1",23705640,"Detection of second-line drug resistance in Mycobacterium tuberculosis using oligonucleotide microarrays.","2013.0",
"ResFinder","C1402A",,"rrs",,,"Amikacin,Capreomycin,KANAMYCIN","Mycobacterium tuberculosis",,,"CP054014.1",22479378,"Evaluation of genetic mutations associated with Mycobacterium tuberculosis resistance to amikacin, kanamycin and capreomycin: a systematic review.","2012.0",
"ResFinder","C1402A",,"rrs",,,"Amikacin,Capreomycin,KANAMYCIN","Mycobacterium tuberculosis",,,"CP054014.1",19209951,"Tuberculosis drug resistance mutation database.","2009.0",
"ResFinder","C1402T",,"rrs",,,"Amikacin,Capreomycin,KANAMYCIN","Mycobacterium tuberculosis",,,"CP054014.1",23705640,"Detection of second-line drug resistance in Mycobacterium tuberculosis using oligonucleotide microarrays.","2013.0",
"ResFinder","C1402T",,"rrs",,,"Amikacin,Capreomycin,KANAMYCIN","Mycobacterium tuberculosis",,,"CP054014.1",19209951,"Tuberculosis drug resistance mutation database.","2009.0",
"ResFinder","C1402T",,"rrs",,,"Amikacin,Capreomycin,KANAMYCIN","Mycobacterium tuberculosis",,,"CP054014.1",23288402,"Triplex real-time PCR melting curve analysis for detecting Mycobacterium tuberculosis mutations associated with resistance to second-line drugs in a single reaction.","2013.0",
"ResFinder","C1402T",,"rrs",,,"Amikacin,Capreomycin,KANAMYCIN","Mycobacterium tuberculosis",,,"CP054014.1",23705640,"Detection of second-line drug resistance in Mycobacterium tuberculosis using oligonucleotide microarrays.","2013.0",
"ResFinder","C1402T",,"rrs",,,"Amikacin,Capreomycin,KANAMYCIN","Mycobacterium tuberculosis",,,"CP054014.1",22479378,"Evaluation of genetic mutations associated with Mycobacterium tuberculosis resistance to amikacin, kanamycin and capreomycin: a systematic review.","2012.0",
"ResFinder","C1402T",,"rrs",,,"Amikacin,Capreomycin,KANAMYCIN","Mycobacterium tuberculosis",,,"CP054014.1",19209951,"Tuberculosis drug resistance mutation database.","2009.0",
"ResFinder","G1484T",,"rrs",,,"Amikacin,Capreomycin,KANAMYCIN,Streptomycin","Mycobacterium tuberculosis",,,"CP054014.1",22479378,"Evaluation of genetic mutations associated with Mycobacterium tuberculosis resistance to amikacin, kanamycin and capreomycin: a systematic review.","2012.0",
"ResFinder","G1484T",,"rrs",,,"Amikacin,Capreomycin,KANAMYCIN,Streptomycin","Mycobacterium tuberculosis",,,"CP054014.1",23166667,"Evaluation of genotype MTBDRsl assay to detect drug resistance associated with fluoroquinolones, aminoglycosides and ethambutol on clinical sediments.","2012.0",
"ResFinder","G1484T",,"rrs",,,"Amikacin,Capreomycin,KANAMYCIN,Streptomycin","Mycobacterium tuberculosis",,,"CP054014.1",19209951,"Tuberculosis drug resistance mutation database.","2009.0",
"ResFinder","G1484T",,"rrs",,,"Amikacin,Capreomycin,KANAMYCIN,Streptomycin","Mycobacterium tuberculosis",,,"CP054014.1",23906937,"Detection of streptomycin and quinolone resistance in Mycobacterium tuberculosis by a low-density DNA array.","2013.0",
"ResFinder",,"E138G","Rv0678",,,"Bedaquiline,Clofazimine","Mycobacterium tuberculosis",,,"NC_000962.3",25010492,"Acquired resistance of Mycobacterium tuberculosis to bedaquiline.","2014.0",
"ResFinder",,"R94Q","Rv0678",,,"Bedaquiline,Clofazimine","Mycobacterium tuberculosis",,,"NC_000962.3",25010492,"Acquired resistance of Mycobacterium tuberculosis to bedaquiline.","2014.0",
"ResFinder",,"S68G","Rv0678",,,"Bedaquiline,Clofazimine","Mycobacterium tuberculosis",,,"NC_000962.3",25010492,"Acquired resistance of Mycobacterium tuberculosis to bedaquiline.","2014.0",
"ResFinder",,"S63R","Rv0678",,,"Bedaquiline,Clofazimine","Mycobacterium tuberculosis",,,"NC_000962.3",24590481,"Cross-resistance between clofazimine and bedaquiline through upregulation of MmpL5 in Mycobacterium tuberculosis.","2014.0",
"ResFinder",,"R134*","Rv0678",,,"Bedaquiline,Clofazimine","Mycobacterium tuberculosis",,,"NC_000962.3",24590481,"Cross-resistance between clofazimine and bedaquiline through upregulation of MmpL5 in Mycobacterium tuberculosis.","2014.0",
"ResFinder",,"R3*","tlyA",,,"Capreomycin","Mycobacterium tuberculosis",,,"CP054013.1",19209951,"Tuberculosis drug resistance mutation database.","2009.0",
"ResFinder",,"R14W","tlyA",,,"Capreomycin","Mycobacterium tuberculosis",,,"CP054013.1",19209951,"Tuberculosis drug resistance mutation database.","2009.0",
"ResFinder",,"R18*","tlyA",,,"Capreomycin","Mycobacterium tuberculosis",,,"CP054013.1",19209951,"Tuberculosis drug resistance mutation database.","2009.0",
"ResFinder",,"Q22*","tlyA",,,"Capreomycin","Mycobacterium tuberculosis",,,"CP054013.1",19209951,"Tuberculosis drug resistance mutation database.","2009.0",
"ResFinder",,"A67E","tlyA",,,"Capreomycin","Mycobacterium tuberculosis",,,"CP054013.1",19209951,"Tuberculosis drug resistance mutation database.","2009.0",
"ResFinder",,"K69E","tlyA",,,"Capreomycin","Mycobacterium tuberculosis",,,"CP054013.1",19209951,"Tuberculosis drug resistance mutation database.","2009.0",
"ResFinder",,"A91E","tlyA",,,"Capreomycin","Mycobacterium tuberculosis",,,"CP054013.1",19209951,"Tuberculosis drug resistance mutation database.","2009.0",
"ResFinder",,"L118P","tlyA",,,"Capreomycin","Mycobacterium tuberculosis",,,"CP054013.1",19209951,"Tuberculosis drug resistance mutation database.","2009.0",
"ResFinder",,"V128E","tlyA",,,"Capreomycin","Mycobacterium tuberculosis",,,"CP054013.1",19209951,"Tuberculosis drug resistance mutation database.","2009.0",
"ResFinder",,"L150P","tlyA",,,"Capreomycin","Mycobacterium tuberculosis",,,"CP054013.1",19209951,"Tuberculosis drug resistance mutation database.","2009.0",
"ResFinder",,"P183L","tlyA",,,"Capreomycin","Mycobacterium tuberculosis",,,"CP054013.1",19209951,"Tuberculosis drug resistance mutation database.","2009.0",
"ResFinder",,"Q184*","tlyA",,,"Capreomycin","Mycobacterium tuberculosis",,,"CP054013.1",19209951,"Tuberculosis drug resistance mutation database.","2009.0",
"ResFinder",,"F185L","tlyA",,,"Capreomycin","Mycobacterium tuberculosis",,,"CP054013.1",19209951,"Tuberculosis drug resistance mutation database.","2009.0",
"ResFinder",,"N236K","tlyA",,,"Capreomycin","Mycobacterium tuberculosis",,,"CP054013.1",19209951,"Tuberculosis drug resistance mutation database.","2009.0",
"ResFinder",,"E238K","tlyA",,,"Capreomycin","Mycobacterium tuberculosis",,,"CP054013.1",19209951,"Tuberculosis drug resistance mutation database.","2009.0",
"ResFinder",,"A221G","embB",,,"Ethambutol","Mycobacterium tuberculosis",,,"LR027516.1",19209951,"Tuberculosis drug resistance mutation database.","2009.0",
"ResFinder",,"A225S","embB",,,"Ethambutol","Mycobacterium tuberculosis",,,"LR027516.1",19209951,"Tuberculosis drug resistance mutation database.","2009.0",
"ResFinder",,"V227G","embB",,,"Ethambutol","Mycobacterium tuberculosis",,,"LR027516.1",19209951,"Tuberculosis drug resistance mutation database.","2009.0",
"ResFinder",,"L239P","embB",,,"Ethambutol","Mycobacterium tuberculosis",,,"LR027516.1",19209951,"Tuberculosis drug resistance mutation database.","2009.0",
"ResFinder",,"D240H","embB",,,"Ethambutol","Mycobacterium tuberculosis",,,"LR027516.1",19209951,"Tuberculosis drug resistance mutation database.","2009.0",
"ResFinder",,"R257W","embB",,,"Ethambutol","Mycobacterium tuberculosis",,,"LR027516.1",19209951,"Tuberculosis drug resistance mutation database.","2009.0",
"ResFinder",,"A271V","embB",,,"Ethambutol","Mycobacterium tuberculosis",,,"LR027516.1",19209951,"Tuberculosis drug resistance mutation database.","2009.0",
"ResFinder",,"S272C","embB",,,"Ethambutol","Mycobacterium tuberculosis",,,"LR027516.1",19209951,"Tuberculosis drug resistance mutation database.","2009.0",
"ResFinder",,"S272C","embB",,,"Ethambutol","Mycobacterium tuberculosis",,,"LR027516.1",1920995,"[Metastases to the mediastinal lymph nodes in a series of two-hundred-consecutive operations for primary lung cancer].","1991.0",
"ResFinder",,"S272I","embB",,,"Ethambutol","Mycobacterium tuberculosis",,,"LR027516.1",19209951,"Tuberculosis drug resistance mutation database.","2009.0",
"ResFinder",,"S272I","embB",,,"Ethambutol","Mycobacterium tuberculosis",,,"LR027516.1",1920995,"[Metastases to the mediastinal lymph nodes in a series of two-hundred-consecutive operations for primary lung cancer].","1991.0",
"ResFinder",,"R274P","embB",,,"Ethambutol","Mycobacterium tuberculosis",,,"LR027516.1",19209951,"Tuberculosis drug resistance mutation database.","2009.0",
"ResFinder",,"A281P","embB",,,"Ethambutol","Mycobacterium tuberculosis",,,"LR027516.1",19209951,"Tuberculosis drug resistance mutation database.","2009.0",
"ResFinder",,"V282L","embB",,,"Ethambutol","Mycobacterium tuberculosis",,,"LR027516.1",19209951,"Tuberculosis drug resistance mutation database.","2009.0",
"ResFinder",,"V282L","embB",,,"Ethambutol","Mycobacterium tuberculosis",,,"LR027516.1",1920995,"[Metastases to the mediastinal lymph nodes in a series of two-hundred-consecutive operations for primary lung cancer].","1991.0",
"ResFinder",,"V282G","embB",,,"Ethambutol","Mycobacterium tuberculosis",,,"LR027516.1",19209951,"Tuberculosis drug resistance mutation database.","2009.0",
"ResFinder",,"V282G","embB",,,"Ethambutol","Mycobacterium tuberculosis",,,"LR027516.1",1920995,"[Metastases to the mediastinal lymph nodes in a series of two-hundred-consecutive operations for primary lung cancer].","1991.0",
"ResFinder",,"F285L","embB",,,"Ethambutol","Mycobacterium tuberculosis",,,"LR027516.1",19209951,"Tuberculosis drug resistance mutation database.","2009.0",
"ResFinder",,"F287V","embB",,,"Ethambutol","Mycobacterium tuberculosis",,,"LR027516.1",19209951,"Tuberculosis drug resistance mutation database.","2009.0",
"ResFinder",,"F287V","embB",,,"Ethambutol","Mycobacterium tuberculosis",,,"LR027516.1",1920995,"[Metastases to the mediastinal lymph nodes in a series of two-hundred-consecutive operations for primary lung cancer].","1991.0",
"ResFinder",,"F287C","embB",,,"Ethambutol","Mycobacterium tuberculosis",,,"LR027516.1",19209951,"Tuberculosis drug resistance mutation database.","2009.0",
"ResFinder",,"F287C","embB",,,"Ethambutol","Mycobacterium tuberculosis",,,"LR027516.1",1920995,"[Metastases to the mediastinal lymph nodes in a series of two-hundred-consecutive operations for primary lung cancer].","1991.0",
"ResFinder",,"I293N","embB",,,"Ethambutol","Mycobacterium tuberculosis",,,"LR027516.1",19209951,"Tuberculosis drug resistance mutation database.","2009.0",
"ResFinder",,"G294S","embB",,,"Ethambutol","Mycobacterium tuberculosis",,,"LR027516.1",19209951,"Tuberculosis drug resistance mutation database.","2009.0",
"ResFinder",,"N296H","embB",,,"Ethambutol","Mycobacterium tuberculosis",,,"LR027516.1",19209951,"Tuberculosis drug resistance mutation database.","2009.0",
"ResFinder",,"N296H","embB",,,"Ethambutol","Mycobacterium tuberculosis",,,"LR027516.1",1920995,"[Metastases to the mediastinal lymph nodes in a series of two-hundred-consecutive operations for primary lung cancer].","1991.0",
"ResFinder",,"N296K","embB",,,"Ethambutol","Mycobacterium tuberculosis",,,"LR027516.1",19209951,"Tuberculosis drug resistance mutation database.","2009.0",
"ResFinder",,"N296K","embB",,,"Ethambutol","Mycobacterium tuberculosis",,,"LR027516.1",1920995,"[Metastases to the mediastinal lymph nodes in a series of two-hundred-consecutive operations for primary lung cancer].","1991.0",
"ResFinder",,"S297A","embB",,,"Ethambutol","Mycobacterium tuberculosis",,,"LR027516.1",19209951,"Tuberculosis drug resistance mutation database.","2009.0",
"ResFinder",,"S297A","embB",,,"Ethambutol","Mycobacterium tuberculosis",,,"LR027516.1",1920995,"[Metastases to the mediastinal lymph nodes in a series of two-hundred-consecutive operations for primary lung cancer].","1991.0",
"ResFinder",,"S297L","embB",,,"Ethambutol","Mycobacterium tuberculosis",,,"LR027516.1",19209951,"Tuberculosis drug resistance mutation database.","2009.0",
"ResFinder",,"S297L","embB",,,"Ethambutol","Mycobacterium tuberculosis",,,"LR027516.1",1920995,"[Metastases to the mediastinal lymph nodes in a series of two-hundred-consecutive operations for primary lung cancer].","1991.0",
"ResFinder",,"S298W","embB",,,"Ethambutol","Mycobacterium tuberculosis",,,"LR027516.1",23561273,"Characterization of mutations in multi- and extensive drug resistance among strains of Mycobacterium tuberculosis clinical isolates in Republic of Korea.","2013.0",
"ResFinder",,"D299E","embB",,,"Ethambutol","Mycobacterium tuberculosis",,,"LR027516.1",19209951,"Tuberculosis drug resistance mutation database.","2009.0",
"ResFinder",,"M306L","embB",,,"Ethambutol","Mycobacterium tuberculosis",,,"LR027516.1",23995136,"Evolution of high-level ethambutol-resistant tuberculosis through interacting mutations in decaprenylphosphoryl-β-D-arabinose biosynthetic and utilization pathway genes.","2013.0",
"ResFinder",,"M306L","embB",,,"Ethambutol","Mycobacterium tuberculosis",,,"LR027516.1",24055765,"Systematic review of allelic exchange experiments aimed at identifying mutations that confer drug resistance in Mycobacterium tuberculosis.","2014.0",
"ResFinder",,"M306L","embB",,,"Ethambutol","Mycobacterium tuberculosis",,,"LR027516.1",22461677,"Detection of first- and second-line drug resistance in Mycobacterium tuberculosis clinical isolates by pyrosequencing.","2012.0",
"ResFinder",,"M306L","embB",,,"Ethambutol","Mycobacterium tuberculosis",,,"LR027516.1",19209951,"Tuberculosis drug resistance mutation database.","2009.0",
"ResFinder",,"M306L","embB",,,"Ethambutol","Mycobacterium tuberculosis",,,"LR027516.1",23995137,"Genome sequencing of 161 Mycobacterium tuberculosis isolates from China identifies genes and intergenic regions associated with drug resistance.","2013.0",
"ResFinder",,"M306L","embB",,,"Ethambutol","Mycobacterium tuberculosis",,,"LR027516.1",23995136,"Evolution of high-level ethambutol-resistant tuberculosis through interacting mutations in decaprenylphosphoryl-β-D-arabinose biosynthetic and utilization pathway genes.","2013.0",
"ResFinder",,"M306L","embB",,,"Ethambutol","Mycobacterium tuberculosis",,,"LR027516.1",22461677,"Detection of first- and second-line drug resistance in Mycobacterium tuberculosis clinical isolates by pyrosequencing.","2012.0",
"ResFinder",,"M306L","embB",,,"Ethambutol","Mycobacterium tuberculosis",,,"LR027516.1",23166667,"Evaluation of genotype MTBDRsl assay to detect drug resistance associated with fluoroquinolones, aminoglycosides and ethambutol on clinical sediments.","2012.0",
"ResFinder",,"M306L","embB",,,"Ethambutol","Mycobacterium tuberculosis",,,"LR027516.1",19209951,"Tuberculosis drug resistance mutation database.","2009.0",
"ResFinder",,"M306L","embB",,,"Ethambutol","Mycobacterium tuberculosis",,,"LR027516.1",19209951,"Tuberculosis drug resistance mutation database.","2009.0",
"ResFinder",,"M306L","embB",,,"Ethambutol","Mycobacterium tuberculosis",,,"LR027516.1",23995137,"Genome sequencing of 161 Mycobacterium tuberculosis isolates from China identifies genes and intergenic regions associated with drug resistance.","2013.0",
"ResFinder",,"M306L","embB",,,"Ethambutol","Mycobacterium tuberculosis",,,"LR027516.1",23995136,"Evolution of high-level ethambutol-resistant tuberculosis through interacting mutations in decaprenylphosphoryl-β-D-arabinose biosynthetic and utilization pathway genes.","2013.0",
"ResFinder",,"M306L","embB",,,"Ethambutol","Mycobacterium tuberculosis",,,"LR027516.1",24055765,"Systematic review of allelic exchange experiments aimed at identifying mutations that confer drug resistance in Mycobacterium tuberculosis.","2014.0",
"ResFinder",,"M306L","embB",,,"Ethambutol","Mycobacterium tuberculosis",,,"LR027516.1",22461677,"Detection of first- and second-line drug resistance in Mycobacterium tuberculosis clinical isolates by pyrosequencing.","2012.0",
"ResFinder",,"M306L","embB",,,"Ethambutol","Mycobacterium tuberculosis",,,"LR027516.1",23166667,"Evaluation of genotype MTBDRsl assay to detect drug resistance associated with fluoroquinolones, aminoglycosides and ethambutol on clinical sediments.","2012.0",
"ResFinder",,"M306L","embB",,,"Ethambutol","Mycobacterium tuberculosis",,,"LR027516.1",19209951,"Tuberculosis drug resistance mutation database.","2009.0",
"ResFinder",,"M306V","embB",,,"Ethambutol","Mycobacterium tuberculosis",,,"LR027516.1",23995136,"Evolution of high-level ethambutol-resistant tuberculosis through interacting mutations in decaprenylphosphoryl-β-D-arabinose biosynthetic and utilization pathway genes.","2013.0",
"ResFinder",,"M306V","embB",,,"Ethambutol","Mycobacterium tuberculosis",,,"LR027516.1",24055765,"Systematic review of allelic exchange experiments aimed at identifying mutations that confer drug resistance in Mycobacterium tuberculosis.","2014.0",
"ResFinder",,"M306V","embB",,,"Ethambutol","Mycobacterium tuberculosis",,,"LR027516.1",22461677,"Detection of first- and second-line drug resistance in Mycobacterium tuberculosis clinical isolates by pyrosequencing.","2012.0",
"ResFinder",,"M306V","embB",,,"Ethambutol","Mycobacterium tuberculosis",,,"LR027516.1",19209951,"Tuberculosis drug resistance mutation database.","2009.0",
"ResFinder",,"M306V","embB",,,"Ethambutol","Mycobacterium tuberculosis",,,"LR027516.1",23995137,"Genome sequencing of 161 Mycobacterium tuberculosis isolates from China identifies genes and intergenic regions associated with drug resistance.","2013.0",
"ResFinder",,"M306V","embB",,,"Ethambutol","Mycobacterium tuberculosis",,,"LR027516.1",23995136,"Evolution of high-level ethambutol-resistant tuberculosis through interacting mutations in decaprenylphosphoryl-β-D-arabinose biosynthetic and utilization pathway genes.","2013.0",
"ResFinder",,"M306V","embB",,,"Ethambutol","Mycobacterium tuberculosis",,,"LR027516.1",22461677,"Detection of first- and second-line drug resistance in Mycobacterium tuberculosis clinical isolates by pyrosequencing.","2012.0",
"ResFinder",,"M306V","embB",,,"Ethambutol","Mycobacterium tuberculosis",,,"LR027516.1",23166667,"Evaluation of genotype MTBDRsl assay to detect drug resistance associated with fluoroquinolones, aminoglycosides and ethambutol on clinical sediments.","2012.0",
"ResFinder",,"M306V","embB",,,"Ethambutol","Mycobacterium tuberculosis",,,"LR027516.1",19209951,"Tuberculosis drug resistance mutation database.","2009.0",
"ResFinder",,"M306V","embB",,,"Ethambutol","Mycobacterium tuberculosis",,,"LR027516.1",19209951,"Tuberculosis drug resistance mutation database.","2009.0",
"ResFinder",,"M306V","embB",,,"Ethambutol","Mycobacterium tuberculosis",,,"LR027516.1",23995137,"Genome sequencing of 161 Mycobacterium tuberculosis isolates from China identifies genes and intergenic regions associated with drug resistance.","2013.0",
"ResFinder",,"M306V","embB",,,"Ethambutol","Mycobacterium tuberculosis",,,"LR027516.1",23995136,"Evolution of high-level ethambutol-resistant tuberculosis through interacting mutations in decaprenylphosphoryl-β-D-arabinose biosynthetic and utilization pathway genes.","2013.0",
"ResFinder",,"M306V","embB",,,"Ethambutol","Mycobacterium tuberculosis",,,"LR027516.1",24055765,"Systematic review of allelic exchange experiments aimed at identifying mutations that confer drug resistance in Mycobacterium tuberculosis.","2014.0",
"ResFinder",,"M306V","embB",,,"Ethambutol","Mycobacterium tuberculosis",,,"LR027516.1",22461677,"Detection of first- and second-line drug resistance in Mycobacterium tuberculosis clinical isolates by pyrosequencing.","2012.0",
"ResFinder",,"M306V","embB",,,"Ethambutol","Mycobacterium tuberculosis",,,"LR027516.1",23166667,"Evaluation of genotype MTBDRsl assay to detect drug resistance associated with fluoroquinolones, aminoglycosides and ethambutol on clinical sediments.","2012.0",
"ResFinder",,"M306V","embB",,,"Ethambutol","Mycobacterium tuberculosis",,,"LR027516.1",19209951,"Tuberculosis drug resistance mutation database.","2009.0",
"ResFinder",,"M306T","embB",,,"Ethambutol","Mycobacterium tuberculosis",,,"LR027516.1",23995136,"Evolution of high-level ethambutol-resistant tuberculosis through interacting mutations in decaprenylphosphoryl-β-D-arabinose biosynthetic and utilization pathway genes.","2013.0",
"ResFinder",,"M306T","embB",,,"Ethambutol","Mycobacterium tuberculosis",,,"LR027516.1",24055765,"Systematic review of allelic exchange experiments aimed at identifying mutations that confer drug resistance in Mycobacterium tuberculosis.","2014.0",
"ResFinder",,"M306T","embB",,,"Ethambutol","Mycobacterium tuberculosis",,,"LR027516.1",22461677,"Detection of first- and second-line drug resistance in Mycobacterium tuberculosis clinical isolates by pyrosequencing.","2012.0",
"ResFinder",,"M306T","embB",,,"Ethambutol","Mycobacterium tuberculosis",,,"LR027516.1",19209951,"Tuberculosis drug resistance mutation database.","2009.0",
"ResFinder",,"M306T","embB",,,"Ethambutol","Mycobacterium tuberculosis",,,"LR027516.1",23995137,"Genome sequencing of 161 Mycobacterium tuberculosis isolates from China identifies genes and intergenic regions associated with drug resistance.","2013.0",
"ResFinder",,"M306T","embB",,,"Ethambutol","Mycobacterium tuberculosis",,,"LR027516.1",23995136,"Evolution of high-level ethambutol-resistant tuberculosis through interacting mutations in decaprenylphosphoryl-β-D-arabinose biosynthetic and utilization pathway genes.","2013.0",
"ResFinder",,"M306T","embB",,,"Ethambutol","Mycobacterium tuberculosis",,,"LR027516.1",22461677,"Detection of first- and second-line drug resistance in Mycobacterium tuberculosis clinical isolates by pyrosequencing.","2012.0",
"ResFinder",,"M306T","embB",,,"Ethambutol","Mycobacterium tuberculosis",,,"LR027516.1",23166667,"Evaluation of genotype MTBDRsl assay to detect drug resistance associated with fluoroquinolones, aminoglycosides and ethambutol on clinical sediments.","2012.0",
"ResFinder",,"M306T","embB",,,"Ethambutol","Mycobacterium tuberculosis",,,"LR027516.1",19209951,"Tuberculosis drug resistance mutation database.","2009.0",
"ResFinder",,"M306T","embB",,,"Ethambutol","Mycobacterium tuberculosis",,,"LR027516.1",19209951,"Tuberculosis drug resistance mutation database.","2009.0",
"ResFinder",,"M306T","embB",,,"Ethambutol","Mycobacterium tuberculosis",,,"LR027516.1",23995137,"Genome sequencing of 161 Mycobacterium tuberculosis isolates from China identifies genes and intergenic regions associated with drug resistance.","2013.0",
"ResFinder",,"M306T","embB",,,"Ethambutol","Mycobacterium tuberculosis",,,"LR027516.1",23995136,"Evolution of high-level ethambutol-resistant tuberculosis through interacting mutations in decaprenylphosphoryl-β-D-arabinose biosynthetic and utilization pathway genes.","2013.0",
"ResFinder",,"M306T","embB",,,"Ethambutol","Mycobacterium tuberculosis",,,"LR027516.1",24055765,"Systematic review of allelic exchange experiments aimed at identifying mutations that confer drug resistance in Mycobacterium tuberculosis.","2014.0",
"ResFinder",,"M306T","embB",,,"Ethambutol","Mycobacterium tuberculosis",,,"LR027516.1",22461677,"Detection of first- and second-line drug resistance in Mycobacterium tuberculosis clinical isolates by pyrosequencing.","2012.0",
"ResFinder",,"M306T","embB",,,"Ethambutol","Mycobacterium tuberculosis",,,"LR027516.1",23166667,"Evaluation of genotype MTBDRsl assay to detect drug resistance associated with fluoroquinolones, aminoglycosides and ethambutol on clinical sediments.","2012.0",
"ResFinder",,"M306T","embB",,,"Ethambutol","Mycobacterium tuberculosis",,,"LR027516.1",19209951,"Tuberculosis drug resistance mutation database.","2009.0",
"ResFinder",,"M306I","embB",,,"Ethambutol","Mycobacterium tuberculosis",,,"LR027516.1",23995136,"Evolution of high-level ethambutol-resistant tuberculosis through interacting mutations in decaprenylphosphoryl-β-D-arabinose biosynthetic and utilization pathway genes.","2013.0",
"ResFinder",,"M306I","embB",,,"Ethambutol","Mycobacterium tuberculosis",,,"LR027516.1",24055765,"Systematic review of allelic exchange experiments aimed at identifying mutations that confer drug resistance in Mycobacterium tuberculosis.","2014.0",
"ResFinder",,"M306I","embB",,,"Ethambutol","Mycobacterium tuberculosis",,,"LR027516.1",22461677,"Detection of first- and second-line drug resistance in Mycobacterium tuberculosis clinical isolates by pyrosequencing.","2012.0",
"ResFinder",,"M306I","embB",,,"Ethambutol","Mycobacterium tuberculosis",,,"LR027516.1",19209951,"Tuberculosis drug resistance mutation database.","2009.0",
"ResFinder",,"M306I","embB",,,"Ethambutol","Mycobacterium tuberculosis",,,"LR027516.1",23995137,"Genome sequencing of 161 Mycobacterium tuberculosis isolates from China identifies genes and intergenic regions associated with drug resistance.","2013.0",
"ResFinder",,"M306I","embB",,,"Ethambutol","Mycobacterium tuberculosis",,,"LR027516.1",23995136,"Evolution of high-level ethambutol-resistant tuberculosis through interacting mutations in decaprenylphosphoryl-β-D-arabinose biosynthetic and utilization pathway genes.","2013.0",
"ResFinder",,"M306I","embB",,,"Ethambutol","Mycobacterium tuberculosis",,,"LR027516.1",22461677,"Detection of first- and second-line drug resistance in Mycobacterium tuberculosis clinical isolates by pyrosequencing.","2012.0",
"ResFinder",,"M306I","embB",,,"Ethambutol","Mycobacterium tuberculosis",,,"LR027516.1",23166667,"Evaluation of genotype MTBDRsl assay to detect drug resistance associated with fluoroquinolones, aminoglycosides and ethambutol on clinical sediments.","2012.0",
"ResFinder",,"M306I","embB",,,"Ethambutol","Mycobacterium tuberculosis",,,"LR027516.1",19209951,"Tuberculosis drug resistance mutation database.","2009.0",
"ResFinder",,"M306I","embB",,,"Ethambutol","Mycobacterium tuberculosis",,,"LR027516.1",19209951,"Tuberculosis drug resistance mutation database.","2009.0",
"ResFinder",,"M306I","embB",,,"Ethambutol","Mycobacterium tuberculosis",,,"LR027516.1",23995137,"Genome sequencing of 161 Mycobacterium tuberculosis isolates from China identifies genes and intergenic regions associated with drug resistance.","2013.0",
"ResFinder",,"M306I","embB",,,"Ethambutol","Mycobacterium tuberculosis",,,"LR027516.1",23995136,"Evolution of high-level ethambutol-resistant tuberculosis through interacting mutations in decaprenylphosphoryl-β-D-arabinose biosynthetic and utilization pathway genes.","2013.0",
"ResFinder",,"M306I","embB",,,"Ethambutol","Mycobacterium tuberculosis",,,"LR027516.1",24055765,"Systematic review of allelic exchange experiments aimed at identifying mutations that confer drug resistance in Mycobacterium tuberculosis.","2014.0",
"ResFinder",,"M306I","embB",,,"Ethambutol","Mycobacterium tuberculosis",,,"LR027516.1",22461677,"Detection of first- and second-line drug resistance in Mycobacterium tuberculosis clinical isolates by pyrosequencing.","2012.0",
"ResFinder",,"M306I","embB",,,"Ethambutol","Mycobacterium tuberculosis",,,"LR027516.1",23166667,"Evaluation of genotype MTBDRsl assay to detect drug resistance associated with fluoroquinolones, aminoglycosides and ethambutol on clinical sediments.","2012.0",
"ResFinder",,"M306I","embB",,,"Ethambutol","Mycobacterium tuberculosis",,,"LR027516.1",19209951,"Tuberculosis drug resistance mutation database.","2009.0",
"ResFinder",,"V309G","embB",,,"Ethambutol","Mycobacterium tuberculosis",,,"LR027516.1",19209951,"Tuberculosis drug resistance mutation database.","2009.0",
"ResFinder",,"D311H","embB",,,"Ethambutol","Mycobacterium tuberculosis",,,"LR027516.1",19209951,"Tuberculosis drug resistance mutation database.","2009.0",
"ResFinder",,"D311H","embB",,,"Ethambutol","Mycobacterium tuberculosis",,,"LR027516.1",2356127,"A potential role for RNA turnover in the light regulation of plant gene expression: ribulose-1,5-bisphosphate carboxylase small subunit in soybean.","1990.0",
"ResFinder",,"D311G","embB",,,"Ethambutol","Mycobacterium tuberculosis",,,"LR027516.1",19209951,"Tuberculosis drug resistance mutation database.","2009.0",
"ResFinder",,"D311G","embB",,,"Ethambutol","Mycobacterium tuberculosis",,,"LR027516.1",2356127,"A potential role for RNA turnover in the light regulation of plant gene expression: ribulose-1,5-bisphosphate carboxylase small subunit in soybean.","1990.0",
"ResFinder",,"H312R","embB",,,"Ethambutol","Mycobacterium tuberculosis",,,"LR027516.1",19209951,"Tuberculosis drug resistance mutation database.","2009.0",
"ResFinder",,"A313V","embB",,,"Ethambutol","Mycobacterium tuberculosis",,,"LR027516.1",23995137,"Genome sequencing of 161 Mycobacterium tuberculosis isolates from China identifies genes and intergenic regions associated with drug resistance.","2013.0",
"ResFinder",,"A313V","embB",,,"Ethambutol","Mycobacterium tuberculosis",,,"LR027516.1",22461677,"Detection of first- and second-line drug resistance in Mycobacterium tuberculosis clinical isolates by pyrosequencing.","2012.0",
"ResFinder",,"G314A","embB",,,"Ethambutol","Mycobacterium tuberculosis",,,"LR027516.1",19209951,"Tuberculosis drug resistance mutation database.","2009.0",
"ResFinder",,"Y315C","embB",,,"Ethambutol","Mycobacterium tuberculosis",,,"LR027516.1",22461677,"Detection of first- and second-line drug resistance in Mycobacterium tuberculosis clinical isolates by pyrosequencing.","2012.0",
"ResFinder",,"S317T","embB",,,"Ethambutol","Mycobacterium tuberculosis",,,"LR027516.1",19209951,"Tuberculosis drug resistance mutation database.","2009.0",
"ResFinder",,"N318H","embB",,,"Ethambutol","Mycobacterium tuberculosis",,,"LR027516.1",19209951,"Tuberculosis drug resistance mutation database.","2009.0",
"ResFinder",,"N318H","embB",,,"Ethambutol","Mycobacterium tuberculosis",,,"LR027516.1",19209951,"Tuberculosis drug resistance mutation database.","2009.0",
"ResFinder",,"N318H","embB",,,"Ethambutol","Mycobacterium tuberculosis",,,"LR027516.1",19209951,"Tuberculosis drug resistance mutation database.","2009.0",
"ResFinder",,"N318S","embB",,,"Ethambutol","Mycobacterium tuberculosis",,,"LR027516.1",19209951,"Tuberculosis drug resistance mutation database.","2009.0",
"ResFinder",,"N318S","embB",,,"Ethambutol","Mycobacterium tuberculosis",,,"LR027516.1",19209951,"Tuberculosis drug resistance mutation database.","2009.0",
"ResFinder",,"N318S","embB",,,"Ethambutol","Mycobacterium tuberculosis",,,"LR027516.1",19209951,"Tuberculosis drug resistance mutation database.","2009.0",
"ResFinder",,"N318K","embB",,,"Ethambutol","Mycobacterium tuberculosis",,,"LR027516.1",19209951,"Tuberculosis drug resistance mutation database.","2009.0",
"ResFinder",,"N318K","embB",,,"Ethambutol","Mycobacterium tuberculosis",,,"LR027516.1",19209951,"Tuberculosis drug resistance mutation database.","2009.0",
"ResFinder",,"N318K","embB",,,"Ethambutol","Mycobacterium tuberculosis",,,"LR027516.1",19209951,"Tuberculosis drug resistance mutation database.","2009.0",
"ResFinder",,"Y319N","embB",,,"Ethambutol","Mycobacterium tuberculosis",,,"LR027516.1",19209951,"Tuberculosis drug resistance mutation database.","2009.0",
"ResFinder",,"Y319N","embB",,,"Ethambutol","Mycobacterium tuberculosis",,,"LR027516.1",19209951,"Tuberculosis drug resistance mutation database.","2009.0",
"ResFinder",,"Y319N","embB",,,"Ethambutol","Mycobacterium tuberculosis",,,"LR027516.1",23561273,"Characterization of mutations in multi- and extensive drug resistance among strains of Mycobacterium tuberculosis clinical isolates in Republic of Korea.","2013.0",
"ResFinder",,"Y319N","embB",,,"Ethambutol","Mycobacterium tuberculosis",,,"LR027516.1",19209951,"Tuberculosis drug resistance mutation database.","2009.0",
"ResFinder",,"Y319S","embB",,,"Ethambutol","Mycobacterium tuberculosis",,,"LR027516.1",19209951,"Tuberculosis drug resistance mutation database.","2009.0",
"ResFinder",,"Y319S","embB",,,"Ethambutol","Mycobacterium tuberculosis",,,"LR027516.1",19209951,"Tuberculosis drug resistance mutation database.","2009.0",
"ResFinder",,"Y319S","embB",,,"Ethambutol","Mycobacterium tuberculosis",,,"LR027516.1",23561273,"Characterization of mutations in multi- and extensive drug resistance among strains of Mycobacterium tuberculosis clinical isolates in Republic of Korea.","2013.0",
"ResFinder",,"Y319S","embB",,,"Ethambutol","Mycobacterium tuberculosis",,,"LR027516.1",19209951,"Tuberculosis drug resistance mutation database.","2009.0",
"ResFinder",,"Y319C","embB",,,"Ethambutol","Mycobacterium tuberculosis",,,"LR027516.1",19209951,"Tuberculosis drug resistance mutation database.","2009.0",
"ResFinder",,"Y319C","embB",,,"Ethambutol","Mycobacterium tuberculosis",,,"LR027516.1",19209951,"Tuberculosis drug resistance mutation database.","2009.0",
"ResFinder",,"Y319C","embB",,,"Ethambutol","Mycobacterium tuberculosis",,,"LR027516.1",23561273,"Characterization of mutations in multi- and extensive drug resistance among strains of Mycobacterium tuberculosis clinical isolates in Republic of Korea.","2013.0",
"ResFinder",,"Y319C","embB",,,"Ethambutol","Mycobacterium tuberculosis",,,"LR027516.1",19209951,"Tuberculosis drug resistance mutation database.","2009.0",
"ResFinder",,"F320L","embB",,,"Ethambutol","Mycobacterium tuberculosis",,,"LR027516.1",23561273,"Characterization of mutations in multi- and extensive drug resistance among strains of Mycobacterium tuberculosis clinical isolates in Republic of Korea.","2013.0",
"ResFinder",,"D328Y","embB",,,"Ethambutol","Mycobacterium tuberculosis",,,"LR027516.1",19209951,"Tuberculosis drug resistance mutation database.","2009.0",
"ResFinder",,"D328Y","embB",,,"Ethambutol","Mycobacterium tuberculosis",,,"LR027516.1",23561273,"Characterization of mutations in multi- and extensive drug resistance among strains of Mycobacterium tuberculosis clinical isolates in Republic of Korea.","2013.0",
"ResFinder",,"D328Y","embB",,,"Ethambutol","Mycobacterium tuberculosis",,,"LR027516.1",19209951,"Tuberculosis drug resistance mutation database.","2009.0",
"ResFinder",,"D328Y","embB",,,"Ethambutol","Mycobacterium tuberculosis",,,"LR027516.1",23561273,"Characterization of mutations in multi- and extensive drug resistance among strains of Mycobacterium tuberculosis clinical isolates in Republic of Korea.","2013.0",
"ResFinder",,"D328Y","embB",,,"Ethambutol","Mycobacterium tuberculosis",,,"LR027516.1",19209951,"Tuberculosis drug resistance mutation database.","2009.0",
"ResFinder",,"D328V","embB",,,"Ethambutol","Mycobacterium tuberculosis",,,"LR027516.1",19209951,"Tuberculosis drug resistance mutation database.","2009.0",
"ResFinder",,"D328V","embB",,,"Ethambutol","Mycobacterium tuberculosis",,,"LR027516.1",23561273,"Characterization of mutations in multi- and extensive drug resistance among strains of Mycobacterium tuberculosis clinical isolates in Republic of Korea.","2013.0",
"ResFinder",,"D328V","embB",,,"Ethambutol","Mycobacterium tuberculosis",,,"LR027516.1",19209951,"Tuberculosis drug resistance mutation database.","2009.0",
"ResFinder",,"D328V","embB",,,"Ethambutol","Mycobacterium tuberculosis",,,"LR027516.1",23561273,"Characterization of mutations in multi- and extensive drug resistance among strains of Mycobacterium tuberculosis clinical isolates in Republic of Korea.","2013.0",
"ResFinder",,"D328V","embB",,,"Ethambutol","Mycobacterium tuberculosis",,,"LR027516.1",19209951,"Tuberculosis drug resistance mutation database.","2009.0",
"ResFinder",,"D328G","embB",,,"Ethambutol","Mycobacterium tuberculosis",,,"LR027516.1",19209951,"Tuberculosis drug resistance mutation database.","2009.0",
"ResFinder",,"D328G","embB",,,"Ethambutol","Mycobacterium tuberculosis",,,"LR027516.1",23561273,"Characterization of mutations in multi- and extensive drug resistance among strains of Mycobacterium tuberculosis clinical isolates in Republic of Korea.","2013.0",
"ResFinder",,"D328G","embB",,,"Ethambutol","Mycobacterium tuberculosis",,,"LR027516.1",19209951,"Tuberculosis drug resistance mutation database.","2009.0",
"ResFinder",,"D328G","embB",,,"Ethambutol","Mycobacterium tuberculosis",,,"LR027516.1",23561273,"Characterization of mutations in multi- and extensive drug resistance among strains of Mycobacterium tuberculosis clinical isolates in Republic of Korea.","2013.0",
"ResFinder",,"D328G","embB",,,"Ethambutol","Mycobacterium tuberculosis",,,"LR027516.1",19209951,"Tuberculosis drug resistance mutation database.","2009.0",
"ResFinder",,"F330V","embB",,,"Ethambutol","Mycobacterium tuberculosis",,,"LR027516.1",19209951,"Tuberculosis drug resistance mutation database.","2009.0",
"ResFinder",,"G331R","embB",,,"Ethambutol","Mycobacterium tuberculosis",,,"LR027516.1",19209951,"Tuberculosis drug resistance mutation database.","2009.0",
"ResFinder",,"W332L","embB",,,"Ethambutol","Mycobacterium tuberculosis",,,"LR027516.1",19209951,"Tuberculosis drug resistance mutation database.","2009.0",
"ResFinder",,"Y333H","embB",,,"Ethambutol","Mycobacterium tuberculosis",,,"LR027516.1",19209951,"Tuberculosis drug resistance mutation database.","2009.0",
"ResFinder",,"Y334H","embB",,,"Ethambutol","Mycobacterium tuberculosis",,,"LR027516.1",19209951,"Tuberculosis drug resistance mutation database.","2009.0",
"ResFinder",,"S347C","embB",,,"Ethambutol","Mycobacterium tuberculosis",,,"LR027516.1",23561273,"Characterization of mutations in multi- and extensive drug resistance among strains of Mycobacterium tuberculosis clinical isolates in Republic of Korea.","2013.0",
"ResFinder",,"S347C","embB",,,"Ethambutol","Mycobacterium tuberculosis",,,"LR027516.1",19209951,"Tuberculosis drug resistance mutation database.","2009.0",
"ResFinder",,"S347C","embB",,,"Ethambutol","Mycobacterium tuberculosis",,,"LR027516.1",19209951,"Tuberculosis drug resistance mutation database.","2009.0",
"ResFinder",,"S347I","embB",,,"Ethambutol","Mycobacterium tuberculosis",,,"LR027516.1",23561273,"Characterization of mutations in multi- and extensive drug resistance among strains of Mycobacterium tuberculosis clinical isolates in Republic of Korea.","2013.0",
"ResFinder",,"S347I","embB",,,"Ethambutol","Mycobacterium tuberculosis",,,"LR027516.1",19209951,"Tuberculosis drug resistance mutation database.","2009.0",
"ResFinder",,"S347I","embB",,,"Ethambutol","Mycobacterium tuberculosis",,,"LR027516.1",19209951,"Tuberculosis drug resistance mutation database.","2009.0",
"ResFinder",,"S347T","embB",,,"Ethambutol","Mycobacterium tuberculosis",,,"LR027516.1",23561273,"Characterization of mutations in multi- and extensive drug resistance among strains of Mycobacterium tuberculosis clinical isolates in Republic of Korea.","2013.0",
"ResFinder",,"S347T","embB",,,"Ethambutol","Mycobacterium tuberculosis",,,"LR027516.1",19209951,"Tuberculosis drug resistance mutation database.","2009.0",
"ResFinder",,"S347T","embB",,,"Ethambutol","Mycobacterium tuberculosis",,,"LR027516.1",19209951,"Tuberculosis drug resistance mutation database.","2009.0",
"ResFinder",,"D354A","embB",,,"Ethambutol","Mycobacterium tuberculosis",,,"LR027516.1",23561273,"Characterization of mutations in multi- and extensive drug resistance among strains of Mycobacterium tuberculosis clinical isolates in Republic of Korea.","2013.0",
"ResFinder",,"D354A","embB",,,"Ethambutol","Mycobacterium tuberculosis",,,"LR027516.1",23995137,"Genome sequencing of 161 Mycobacterium tuberculosis isolates from China identifies genes and intergenic regions associated with drug resistance.","2013.0",
"ResFinder",,"D354A","embB",,,"Ethambutol","Mycobacterium tuberculosis",,,"LR027516.1",23995136,"Evolution of high-level ethambutol-resistant tuberculosis through interacting mutations in decaprenylphosphoryl-β-D-arabinose biosynthetic and utilization pathway genes.","2013.0",
"ResFinder",,"A356S","embB",,,"Ethambutol","Mycobacterium tuberculosis",,,"LR027516.1",19209951,"Tuberculosis drug resistance mutation database.","2009.0",
"ResFinder",,"A356S","embB",,,"Ethambutol","Mycobacterium tuberculosis",,,"LR027516.1",1920995,"[Metastases to the mediastinal lymph nodes in a series of two-hundred-consecutive operations for primary lung cancer].","1991.0",
"ResFinder",,"A356V","embB",,,"Ethambutol","Mycobacterium tuberculosis",,,"LR027516.1",19209951,"Tuberculosis drug resistance mutation database.","2009.0",
"ResFinder",,"A356V","embB",,,"Ethambutol","Mycobacterium tuberculosis",,,"LR027516.1",1920995,"[Metastases to the mediastinal lymph nodes in a series of two-hundred-consecutive operations for primary lung cancer].","1991.0",
"ResFinder",,"A357S","embB",,,"Ethambutol","Mycobacterium tuberculosis",,,"LR027516.1",19209951,"Tuberculosis drug resistance mutation database.","2009.0",
"ResFinder",,"A357S","embB",,,"Ethambutol","Mycobacterium tuberculosis",,,"LR027516.1",1920995,"[Metastases to the mediastinal lymph nodes in a series of two-hundred-consecutive operations for primary lung cancer].","1991.0",
"ResFinder",,"A357V","embB",,,"Ethambutol","Mycobacterium tuberculosis",,,"LR027516.1",19209951,"Tuberculosis drug resistance mutation database.","2009.0",
"ResFinder",,"A357V","embB",,,"Ethambutol","Mycobacterium tuberculosis",,,"LR027516.1",1920995,"[Metastases to the mediastinal lymph nodes in a series of two-hundred-consecutive operations for primary lung cancer].","1991.0",
"ResFinder",,"G358V","embB",,,"Ethambutol","Mycobacterium tuberculosis",,,"LR027516.1",19209951,"Tuberculosis drug resistance mutation database.","2009.0",
"ResFinder",,"L359I","embB",,,"Ethambutol","Mycobacterium tuberculosis",,,"LR027516.1",19209951,"Tuberculosis drug resistance mutation database.","2009.0",
"ResFinder",,"V360M","embB",,,"Ethambutol","Mycobacterium tuberculosis",,,"LR027516.1",19209951,"Tuberculosis drug resistance mutation database.","2009.0",
"ResFinder",,"S366P","embB",,,"Ethambutol","Mycobacterium tuberculosis",,,"LR027516.1",19209951,"Tuberculosis drug resistance mutation database.","2009.0",
"ResFinder",,"R367P","embB",,,"Ethambutol","Mycobacterium tuberculosis",,,"LR027516.1",19209951,"Tuberculosis drug resistance mutation database.","2009.0",
"ResFinder",,"E368Q","embB",,,"Ethambutol","Mycobacterium tuberculosis",,,"LR027516.1",19209951,"Tuberculosis drug resistance mutation database.","2009.0",
"ResFinder",,"E368Q","embB",,,"Ethambutol","Mycobacterium tuberculosis",,,"LR027516.1",19209951,"Tuberculosis drug resistance mutation database.","2009.0",
"ResFinder",,"E368Q","embB",,,"Ethambutol","Mycobacterium tuberculosis",,,"LR027516.1",19209951,"Tuberculosis drug resistance mutation database.","2009.0",
"ResFinder",,"E368A","embB",,,"Ethambutol","Mycobacterium tuberculosis",,,"LR027516.1",19209951,"Tuberculosis drug resistance mutation database.","2009.0",
"ResFinder",,"E368A","embB",,,"Ethambutol","Mycobacterium tuberculosis",,,"LR027516.1",19209951,"Tuberculosis drug resistance mutation database.","2009.0",
"ResFinder",,"E368A","embB",,,"Ethambutol","Mycobacterium tuberculosis",,,"LR027516.1",19209951,"Tuberculosis drug resistance mutation database.","2009.0",
"ResFinder",,"E368D","embB",,,"Ethambutol","Mycobacterium tuberculosis",,,"LR027516.1",19209951,"Tuberculosis drug resistance mutation database.","2009.0",
"ResFinder",,"E368D","embB",,,"Ethambutol","Mycobacterium tuberculosis",,,"LR027516.1",19209951,"Tuberculosis drug resistance mutation database.","2009.0",
"ResFinder",,"E368D","embB",,,"Ethambutol","Mycobacterium tuberculosis",,,"LR027516.1",19209951,"Tuberculosis drug resistance mutation database.","2009.0",
"ResFinder",,"V369L","embB",,,"Ethambutol","Mycobacterium tuberculosis",,,"LR027516.1",19209951,"Tuberculosis drug resistance mutation database.","2009.0",
"ResFinder",,"V369L","embB",,,"Ethambutol","Mycobacterium tuberculosis",,,"LR027516.1",1920995,"[Metastases to the mediastinal lymph nodes in a series of two-hundred-consecutive operations for primary lung cancer].","1991.0",
"ResFinder",,"V369A","embB",,,"Ethambutol","Mycobacterium tuberculosis",,,"LR027516.1",19209951,"Tuberculosis drug resistance mutation database.","2009.0",
"ResFinder",,"V369A","embB",,,"Ethambutol","Mycobacterium tuberculosis",,,"LR027516.1",1920995,"[Metastases to the mediastinal lymph nodes in a series of two-hundred-consecutive operations for primary lung cancer].","1991.0",
"ResFinder",,"L370R","embB",,,"Ethambutol","Mycobacterium tuberculosis",,,"LR027516.1",19209951,"Tuberculosis drug resistance mutation database.","2009.0",
"ResFinder",,"P371R","embB",,,"Ethambutol","Mycobacterium tuberculosis",,,"LR027516.1",19209951,"Tuberculosis drug resistance mutation database.","2009.0",
"ResFinder",,"G374V","embB",,,"Ethambutol","Mycobacterium tuberculosis",,,"LR027516.1",19209951,"Tuberculosis drug resistance mutation database.","2009.0",
"ResFinder",,"P375A","embB",,,"Ethambutol","Mycobacterium tuberculosis",,,"LR027516.1",19209951,"Tuberculosis drug resistance mutation database.","2009.0",
"ResFinder",,"V377M","embB",,,"Ethambutol","Mycobacterium tuberculosis",,,"LR027516.1",19209951,"Tuberculosis drug resistance mutation database.","2009.0",
"ResFinder",,"V377M","embB",,,"Ethambutol","Mycobacterium tuberculosis",,,"LR027516.1",1920995,"[Metastases to the mediastinal lymph nodes in a series of two-hundred-consecutive operations for primary lung cancer].","1991.0",
"ResFinder",,"V377G","embB",,,"Ethambutol","Mycobacterium tuberculosis",,,"LR027516.1",19209951,"Tuberculosis drug resistance mutation database.","2009.0",
"ResFinder",,"V377G","embB",,,"Ethambutol","Mycobacterium tuberculosis",,,"LR027516.1",1920995,"[Metastases to the mediastinal lymph nodes in a series of two-hundred-consecutive operations for primary lung cancer].","1991.0",
"ResFinder",,"E378K","embB",,,"Ethambutol","Mycobacterium tuberculosis",,,"LR027516.1",19209951,"Tuberculosis drug resistance mutation database.","2009.0",
"ResFinder",,"E378K","embB",,,"Ethambutol","Mycobacterium tuberculosis",,,"LR027516.1",23995136,"Evolution of high-level ethambutol-resistant tuberculosis through interacting mutations in decaprenylphosphoryl-β-D-arabinose biosynthetic and utilization pathway genes.","2013.0",
"ResFinder",,"E378K","embB",,,"Ethambutol","Mycobacterium tuberculosis",,,"LR027516.1",19209951,"Tuberculosis drug resistance mutation database.","2009.0",
"ResFinder",,"E378A","embB",,,"Ethambutol","Mycobacterium tuberculosis",,,"LR027516.1",19209951,"Tuberculosis drug resistance mutation database.","2009.0",
"ResFinder",,"E378A","embB",,,"Ethambutol","Mycobacterium tuberculosis",,,"LR027516.1",23995136,"Evolution of high-level ethambutol-resistant tuberculosis through interacting mutations in decaprenylphosphoryl-β-D-arabinose biosynthetic and utilization pathway genes.","2013.0",
"ResFinder",,"E378A","embB",,,"Ethambutol","Mycobacterium tuberculosis",,,"LR027516.1",19209951,"Tuberculosis drug resistance mutation database.","2009.0",
"ResFinder",,"E378K","embB",,,"Ethambutol","Mycobacterium tuberculosis",,,"LR027516.1",19209951,"Tuberculosis drug resistance mutation database.","2009.0",
"ResFinder",,"A379T","embB",,,"Ethambutol","Mycobacterium tuberculosis",,,"LR027516.1",19209951,"Tuberculosis drug resistance mutation database.","2009.0",
"ResFinder",,"A379T","embB",,,"Ethambutol","Mycobacterium tuberculosis",,,"LR027516.1",1920995,"[Metastases to the mediastinal lymph nodes in a series of two-hundred-consecutive operations for primary lung cancer].","1991.0",
"ResFinder",,"A379D","embB",,,"Ethambutol","Mycobacterium tuberculosis",,,"LR027516.1",19209951,"Tuberculosis drug resistance mutation database.","2009.0",
"ResFinder",,"A379D","embB",,,"Ethambutol","Mycobacterium tuberculosis",,,"LR027516.1",1920995,"[Metastases to the mediastinal lymph nodes in a series of two-hundred-consecutive operations for primary lung cancer].","1991.0",
"ResFinder",,"S380R","embB",,,"Ethambutol","Mycobacterium tuberculosis",,,"LR027516.1",19209951,"Tuberculosis drug resistance mutation database.","2009.0",
"ResFinder",,"S380R","embB",,,"Ethambutol","Mycobacterium tuberculosis",,,"LR027516.1",2356127,"A potential role for RNA turnover in the light regulation of plant gene expression: ribulose-1,5-bisphosphate carboxylase small subunit in soybean.","1990.0",
"ResFinder",,"S380N","embB",,,"Ethambutol","Mycobacterium tuberculosis",,,"LR027516.1",19209951,"Tuberculosis drug resistance mutation database.","2009.0",
"ResFinder",,"S380N","embB",,,"Ethambutol","Mycobacterium tuberculosis",,,"LR027516.1",2356127,"A potential role for RNA turnover in the light regulation of plant gene expression: ribulose-1,5-bisphosphate carboxylase small subunit in soybean.","1990.0",
"ResFinder",,"Y384N","embB",,,"Ethambutol","Mycobacterium tuberculosis",,,"LR027516.1",19209951,"Tuberculosis drug resistance mutation database.","2009.0",
"ResFinder",,"A388G","embB",,,"Ethambutol","Mycobacterium tuberculosis",,,"LR027516.1",19209951,"Tuberculosis drug resistance mutation database.","2009.0",
"ResFinder",,"W395R","embB",,,"Ethambutol","Mycobacterium tuberculosis",,,"LR027516.1",19209951,"Tuberculosis drug resistance mutation database.","2009.0",
"ResFinder",,"W395R","embB",,,"Ethambutol","Mycobacterium tuberculosis",,,"LR027516.1",1920995,"[Metastases to the mediastinal lymph nodes in a series of two-hundred-consecutive operations for primary lung cancer].","1991.0",
"ResFinder",,"W395C","embB",,,"Ethambutol","Mycobacterium tuberculosis",,,"LR027516.1",19209951,"Tuberculosis drug resistance mutation database.","2009.0",
"ResFinder",,"W395C","embB",,,"Ethambutol","Mycobacterium tuberculosis",,,"LR027516.1",1920995,"[Metastases to the mediastinal lymph nodes in a series of two-hundred-consecutive operations for primary lung cancer].","1991.0",
"ResFinder",,"P397T","embB",,,"Ethambutol","Mycobacterium tuberculosis",,,"LR027516.1",19209951,"Tuberculosis drug resistance mutation database.","2009.0",
"ResFinder",,"P397T","embB",,,"Ethambutol","Mycobacterium tuberculosis",,,"LR027516.1",1920995,"[Metastases to the mediastinal lymph nodes in a series of two-hundred-consecutive operations for primary lung cancer].","1991.0",
"ResFinder",,"P397Q","embB",,,"Ethambutol","Mycobacterium tuberculosis",,,"LR027516.1",19209951,"Tuberculosis drug resistance mutation database.","2009.0",
"ResFinder",,"P397Q","embB",,,"Ethambutol","Mycobacterium tuberculosis",,,"LR027516.1",1920995,"[Metastases to the mediastinal lymph nodes in a series of two-hundred-consecutive operations for primary lung cancer].","1991.0",
"ResFinder",,"F398Y","embB",,,"Ethambutol","Mycobacterium tuberculosis",,,"LR027516.1",19209951,"Tuberculosis drug resistance mutation database.","2009.0",
"ResFinder",,"N399H","embB",,,"Ethambutol","Mycobacterium tuberculosis",,,"LR027516.1",19209951,"Tuberculosis drug resistance mutation database.","2009.0",
"ResFinder",,"N399H","embB",,,"Ethambutol","Mycobacterium tuberculosis",,,"LR027516.1",1920995,"[Metastases to the mediastinal lymph nodes in a series of two-hundred-consecutive operations for primary lung cancer].","1991.0",
"ResFinder",,"N399D","embB",,,"Ethambutol","Mycobacterium tuberculosis",,,"LR027516.1",19209951,"Tuberculosis drug resistance mutation database.","2009.0",
"ResFinder",,"N399D","embB",,,"Ethambutol","Mycobacterium tuberculosis",,,"LR027516.1",1920995,"[Metastases to the mediastinal lymph nodes in a series of two-hundred-consecutive operations for primary lung cancer].","1991.0",
"ResFinder",,"N400K","embB",,,"Ethambutol","Mycobacterium tuberculosis",,,"LR027516.1",19209951,"Tuberculosis drug resistance mutation database.","2009.0",
"ResFinder",,"G401S","embB",,,"Ethambutol","Mycobacterium tuberculosis",,,"LR027516.1",19209951,"Tuberculosis drug resistance mutation database.","2009.0",
"ResFinder",,"P404S","embB",,,"Ethambutol","Mycobacterium tuberculosis",,,"LR027516.1",23561273,"Characterization of mutations in multi- and extensive drug resistance among strains of Mycobacterium tuberculosis clinical isolates in Republic of Korea.","2013.0",
"ResFinder",,"E405D","embB",,,"Ethambutol","Mycobacterium tuberculosis",,,"LR027516.1",23561273,"Characterization of mutations in multi- and extensive drug resistance among strains of Mycobacterium tuberculosis clinical isolates in Republic of Korea.","2013.0",
"ResFinder",,"G406S","embB",,,"Ethambutol","Mycobacterium tuberculosis",,,"LR027516.1",23561273,"Characterization of mutations in multi- and extensive drug resistance among strains of Mycobacterium tuberculosis clinical isolates in Republic of Korea.","2013.0",
"ResFinder",,"G406S","embB",,,"Ethambutol","Mycobacterium tuberculosis",,,"LR027516.1",23995136,"Evolution of high-level ethambutol-resistant tuberculosis through interacting mutations in decaprenylphosphoryl-β-D-arabinose biosynthetic and utilization pathway genes.","2013.0",
"ResFinder",,"G406S","embB",,,"Ethambutol","Mycobacterium tuberculosis",,,"LR027516.1",24055765,"Systematic review of allelic exchange experiments aimed at identifying mutations that confer drug resistance in Mycobacterium tuberculosis.","2014.0",
"ResFinder",,"G406S","embB",,,"Ethambutol","Mycobacterium tuberculosis",,,"LR027516.1",19209951,"Tuberculosis drug resistance mutation database.","2009.0",
"ResFinder",,"G406S","embB",,,"Ethambutol","Mycobacterium tuberculosis",,,"LR027516.1",23995136,"Evolution of high-level ethambutol-resistant tuberculosis through interacting mutations in decaprenylphosphoryl-β-D-arabinose biosynthetic and utilization pathway genes.","2013.0",
"ResFinder",,"G406S","embB",,,"Ethambutol","Mycobacterium tuberculosis",,,"LR027516.1",24055765,"Systematic review of allelic exchange experiments aimed at identifying mutations that confer drug resistance in Mycobacterium tuberculosis.","2014.0",
"ResFinder",,"G406S","embB",,,"Ethambutol","Mycobacterium tuberculosis",,,"LR027516.1",19209951,"Tuberculosis drug resistance mutation database.","2009.0",
"ResFinder",,"G406S","embB",,,"Ethambutol","Mycobacterium tuberculosis",,,"LR027516.1",23561273,"Characterization of mutations in multi- and extensive drug resistance among strains of Mycobacterium tuberculosis clinical isolates in Republic of Korea.","2013.0",
"ResFinder",,"G406S","embB",,,"Ethambutol","Mycobacterium tuberculosis",,,"LR027516.1",23995136,"Evolution of high-level ethambutol-resistant tuberculosis through interacting mutations in decaprenylphosphoryl-β-D-arabinose biosynthetic and utilization pathway genes.","2013.0",
"ResFinder",,"G406S","embB",,,"Ethambutol","Mycobacterium tuberculosis",,,"LR027516.1",24055765,"Systematic review of allelic exchange experiments aimed at identifying mutations that confer drug resistance in Mycobacterium tuberculosis.","2014.0",
"ResFinder",,"G406S","embB",,,"Ethambutol","Mycobacterium tuberculosis",,,"LR027516.1",19209951,"Tuberculosis drug resistance mutation database.","2009.0",
"ResFinder",,"G406S","embB",,,"Ethambutol","Mycobacterium tuberculosis",,,"LR027516.1",23561273,"Characterization of mutations in multi- and extensive drug resistance among strains of Mycobacterium tuberculosis clinical isolates in Republic of Korea.","2013.0",
"ResFinder",,"G406S","embB",,,"Ethambutol","Mycobacterium tuberculosis",,,"LR027516.1",24055765,"Systematic review of allelic exchange experiments aimed at identifying mutations that confer drug resistance in Mycobacterium tuberculosis.","2014.0",
"ResFinder",,"G406S","embB",,,"Ethambutol","Mycobacterium tuberculosis",,,"LR027516.1",19209951,"Tuberculosis drug resistance mutation database.","2009.0",
"ResFinder",,"G406C","embB",,,"Ethambutol","Mycobacterium tuberculosis",,,"LR027516.1",23561273,"Characterization of mutations in multi- and extensive drug resistance among strains of Mycobacterium tuberculosis clinical isolates in Republic of Korea.","2013.0",
"ResFinder",,"G406C","embB",,,"Ethambutol","Mycobacterium tuberculosis",,,"LR027516.1",23995136,"Evolution of high-level ethambutol-resistant tuberculosis through interacting mutations in decaprenylphosphoryl-β-D-arabinose biosynthetic and utilization pathway genes.","2013.0",
"ResFinder",,"G406C","embB",,,"Ethambutol","Mycobacterium tuberculosis",,,"LR027516.1",24055765,"Systematic review of allelic exchange experiments aimed at identifying mutations that confer drug resistance in Mycobacterium tuberculosis.","2014.0",
"ResFinder",,"G406C","embB",,,"Ethambutol","Mycobacterium tuberculosis",,,"LR027516.1",19209951,"Tuberculosis drug resistance mutation database.","2009.0",
"ResFinder",,"G406C","embB",,,"Ethambutol","Mycobacterium tuberculosis",,,"LR027516.1",23995136,"Evolution of high-level ethambutol-resistant tuberculosis through interacting mutations in decaprenylphosphoryl-β-D-arabinose biosynthetic and utilization pathway genes.","2013.0",
"ResFinder",,"G406C","embB",,,"Ethambutol","Mycobacterium tuberculosis",,,"LR027516.1",24055765,"Systematic review of allelic exchange experiments aimed at identifying mutations that confer drug resistance in Mycobacterium tuberculosis.","2014.0",
"ResFinder",,"G406C","embB",,,"Ethambutol","Mycobacterium tuberculosis",,,"LR027516.1",19209951,"Tuberculosis drug resistance mutation database.","2009.0",
"ResFinder",,"G406C","embB",,,"Ethambutol","Mycobacterium tuberculosis",,,"LR027516.1",23561273,"Characterization of mutations in multi- and extensive drug resistance among strains of Mycobacterium tuberculosis clinical isolates in Republic of Korea.","2013.0",
"ResFinder",,"G406C","embB",,,"Ethambutol","Mycobacterium tuberculosis",,,"LR027516.1",23995136,"Evolution of high-level ethambutol-resistant tuberculosis through interacting mutations in decaprenylphosphoryl-β-D-arabinose biosynthetic and utilization pathway genes.","2013.0",
"ResFinder",,"G406C","embB",,,"Ethambutol","Mycobacterium tuberculosis",,,"LR027516.1",24055765,"Systematic review of allelic exchange experiments aimed at identifying mutations that confer drug resistance in Mycobacterium tuberculosis.","2014.0",
"ResFinder",,"G406C","embB",,,"Ethambutol","Mycobacterium tuberculosis",,,"LR027516.1",19209951,"Tuberculosis drug resistance mutation database.","2009.0",
"ResFinder",,"G406C","embB",,,"Ethambutol","Mycobacterium tuberculosis",,,"LR027516.1",23561273,"Characterization of mutations in multi- and extensive drug resistance among strains of Mycobacterium tuberculosis clinical isolates in Republic of Korea.","2013.0",
"ResFinder",,"G406C","embB",,,"Ethambutol","Mycobacterium tuberculosis",,,"LR027516.1",24055765,"Systematic review of allelic exchange experiments aimed at identifying mutations that confer drug resistance in Mycobacterium tuberculosis.","2014.0",
"ResFinder",,"G406C","embB",,,"Ethambutol","Mycobacterium tuberculosis",,,"LR027516.1",19209951,"Tuberculosis drug resistance mutation database.","2009.0",
"ResFinder",,"G406D","embB",,,"Ethambutol","Mycobacterium tuberculosis",,,"LR027516.1",23561273,"Characterization of mutations in multi- and extensive drug resistance among strains of Mycobacterium tuberculosis clinical isolates in Republic of Korea.","2013.0",
"ResFinder",,"G406D","embB",,,"Ethambutol","Mycobacterium tuberculosis",,,"LR027516.1",23995136,"Evolution of high-level ethambutol-resistant tuberculosis through interacting mutations in decaprenylphosphoryl-β-D-arabinose biosynthetic and utilization pathway genes.","2013.0",
"ResFinder",,"G406D","embB",,,"Ethambutol","Mycobacterium tuberculosis",,,"LR027516.1",24055765,"Systematic review of allelic exchange experiments aimed at identifying mutations that confer drug resistance in Mycobacterium tuberculosis.","2014.0",
"ResFinder",,"G406D","embB",,,"Ethambutol","Mycobacterium tuberculosis",,,"LR027516.1",19209951,"Tuberculosis drug resistance mutation database.","2009.0",
"ResFinder",,"G406D","embB",,,"Ethambutol","Mycobacterium tuberculosis",,,"LR027516.1",23995136,"Evolution of high-level ethambutol-resistant tuberculosis through interacting mutations in decaprenylphosphoryl-β-D-arabinose biosynthetic and utilization pathway genes.","2013.0",
"ResFinder",,"G406D","embB",,,"Ethambutol","Mycobacterium tuberculosis",,,"LR027516.1",24055765,"Systematic review of allelic exchange experiments aimed at identifying mutations that confer drug resistance in Mycobacterium tuberculosis.","2014.0",
"ResFinder",,"G406D","embB",,,"Ethambutol","Mycobacterium tuberculosis",,,"LR027516.1",19209951,"Tuberculosis drug resistance mutation database.","2009.0",
"ResFinder",,"G406D","embB",,,"Ethambutol","Mycobacterium tuberculosis",,,"LR027516.1",23561273,"Characterization of mutations in multi- and extensive drug resistance among strains of Mycobacterium tuberculosis clinical isolates in Republic of Korea.","2013.0",
"ResFinder",,"G406D","embB",,,"Ethambutol","Mycobacterium tuberculosis",,,"LR027516.1",23995136,"Evolution of high-level ethambutol-resistant tuberculosis through interacting mutations in decaprenylphosphoryl-β-D-arabinose biosynthetic and utilization pathway genes.","2013.0",
"ResFinder",,"G406D","embB",,,"Ethambutol","Mycobacterium tuberculosis",,,"LR027516.1",24055765,"Systematic review of allelic exchange experiments aimed at identifying mutations that confer drug resistance in Mycobacterium tuberculosis.","2014.0",
"ResFinder",,"G406D","embB",,,"Ethambutol","Mycobacterium tuberculosis",,,"LR027516.1",19209951,"Tuberculosis drug resistance mutation database.","2009.0",
"ResFinder",,"G406D","embB",,,"Ethambutol","Mycobacterium tuberculosis",,,"LR027516.1",23561273,"Characterization of mutations in multi- and extensive drug resistance among strains of Mycobacterium tuberculosis clinical isolates in Republic of Korea.","2013.0",
"ResFinder",,"G406D","embB",,,"Ethambutol","Mycobacterium tuberculosis",,,"LR027516.1",24055765,"Systematic review of allelic exchange experiments aimed at identifying mutations that confer drug resistance in Mycobacterium tuberculosis.","2014.0",
"ResFinder",,"G406D","embB",,,"Ethambutol","Mycobacterium tuberculosis",,,"LR027516.1",19209951,"Tuberculosis drug resistance mutation database.","2009.0",
"ResFinder",,"G406A","embB",,,"Ethambutol","Mycobacterium tuberculosis",,,"LR027516.1",23561273,"Characterization of mutations in multi- and extensive drug resistance among strains of Mycobacterium tuberculosis clinical isolates in Republic of Korea.","2013.0",
"ResFinder",,"G406A","embB",,,"Ethambutol","Mycobacterium tuberculosis",,,"LR027516.1",23995136,"Evolution of high-level ethambutol-resistant tuberculosis through interacting mutations in decaprenylphosphoryl-β-D-arabinose biosynthetic and utilization pathway genes.","2013.0",
"ResFinder",,"G406A","embB",,,"Ethambutol","Mycobacterium tuberculosis",,,"LR027516.1",24055765,"Systematic review of allelic exchange experiments aimed at identifying mutations that confer drug resistance in Mycobacterium tuberculosis.","2014.0",
"ResFinder",,"G406A","embB",,,"Ethambutol","Mycobacterium tuberculosis",,,"LR027516.1",19209951,"Tuberculosis drug resistance mutation database.","2009.0",
"ResFinder",,"G406A","embB",,,"Ethambutol","Mycobacterium tuberculosis",,,"LR027516.1",23995136,"Evolution of high-level ethambutol-resistant tuberculosis through interacting mutations in decaprenylphosphoryl-β-D-arabinose biosynthetic and utilization pathway genes.","2013.0",
"ResFinder",,"G406A","embB",,,"Ethambutol","Mycobacterium tuberculosis",,,"LR027516.1",24055765,"Systematic review of allelic exchange experiments aimed at identifying mutations that confer drug resistance in Mycobacterium tuberculosis.","2014.0",
"ResFinder",,"G406A","embB",,,"Ethambutol","Mycobacterium tuberculosis",,,"LR027516.1",19209951,"Tuberculosis drug resistance mutation database.","2009.0",
"ResFinder",,"G406A","embB",,,"Ethambutol","Mycobacterium tuberculosis",,,"LR027516.1",23561273,"Characterization of mutations in multi- and extensive drug resistance among strains of Mycobacterium tuberculosis clinical isolates in Republic of Korea.","2013.0",
"ResFinder",,"G406A","embB",,,"Ethambutol","Mycobacterium tuberculosis",,,"LR027516.1",23995136,"Evolution of high-level ethambutol-resistant tuberculosis through interacting mutations in decaprenylphosphoryl-β-D-arabinose biosynthetic and utilization pathway genes.","2013.0",
"ResFinder",,"G406A","embB",,,"Ethambutol","Mycobacterium tuberculosis",,,"LR027516.1",24055765,"Systematic review of allelic exchange experiments aimed at identifying mutations that confer drug resistance in Mycobacterium tuberculosis.","2014.0",
"ResFinder",,"G406A","embB",,,"Ethambutol","Mycobacterium tuberculosis",,,"LR027516.1",19209951,"Tuberculosis drug resistance mutation database.","2009.0",
"ResFinder",,"G406A","embB",,,"Ethambutol","Mycobacterium tuberculosis",,,"LR027516.1",23561273,"Characterization of mutations in multi- and extensive drug resistance among strains of Mycobacterium tuberculosis clinical isolates in Republic of Korea.","2013.0",
"ResFinder",,"G406A","embB",,,"Ethambutol","Mycobacterium tuberculosis",,,"LR027516.1",24055765,"Systematic review of allelic exchange experiments aimed at identifying mutations that confer drug resistance in Mycobacterium tuberculosis.","2014.0",
"ResFinder",,"G406A","embB",,,"Ethambutol","Mycobacterium tuberculosis",,,"LR027516.1",19209951,"Tuberculosis drug resistance mutation database.","2009.0",
"ResFinder",,"S412L","embB",,,"Ethambutol","Mycobacterium tuberculosis",,,"LR027516.1",23561273,"Characterization of mutations in multi- and extensive drug resistance among strains of Mycobacterium tuberculosis clinical isolates in Republic of Korea.","2013.0",
"ResFinder",,"M423I","embB",,,"Ethambutol","Mycobacterium tuberculosis",,,"LR027516.1",19209951,"Tuberculosis drug resistance mutation database.","2009.0",
"ResFinder",,"P430L","embB",,,"Ethambutol","Mycobacterium tuberculosis",,,"LR027516.1",19209951,"Tuberculosis drug resistance mutation database.","2009.0",
"ResFinder",,"A431T","embB",,,"Ethambutol","Mycobacterium tuberculosis",,,"LR027516.1",19209951,"Tuberculosis drug resistance mutation database.","2009.0",
"ResFinder",,"V435G","embB",,,"Ethambutol","Mycobacterium tuberculosis",,,"LR027516.1",19209951,"Tuberculosis drug resistance mutation database.","2009.0",
"ResFinder",,"V436G","embB",,,"Ethambutol","Mycobacterium tuberculosis",,,"LR027516.1",19209951,"Tuberculosis drug resistance mutation database.","2009.0",
"ResFinder",,"T437A","embB",,,"Ethambutol","Mycobacterium tuberculosis",,,"LR027516.1",19209951,"Tuberculosis drug resistance mutation database.","2009.0",
"ResFinder",,"P446H","embB",,,"Ethambutol","Mycobacterium tuberculosis",,,"LR027516.1",19209951,"Tuberculosis drug resistance mutation database.","2009.0",
"ResFinder",,"G448V","embB",,,"Ethambutol","Mycobacterium tuberculosis",,,"LR027516.1",19209951,"Tuberculosis drug resistance mutation database.","2009.0",
"ResFinder",,"V452L","embB",,,"Ethambutol","Mycobacterium tuberculosis",,,"LR027516.1",19209951,"Tuberculosis drug resistance mutation database.","2009.0",
"ResFinder",,"G459A","embB",,,"Ethambutol","Mycobacterium tuberculosis",,,"LR027516.1",19209951,"Tuberculosis drug resistance mutation database.","2009.0",
"ResFinder",,"R460C","embB",,,"Ethambutol","Mycobacterium tuberculosis",,,"LR027516.1",19209951,"Tuberculosis drug resistance mutation database.","2009.0",
"ResFinder",,"R460C","embB",,,"Ethambutol","Mycobacterium tuberculosis",,,"LR027516.1",1920995,"[Metastases to the mediastinal lymph nodes in a series of two-hundred-consecutive operations for primary lung cancer].","1991.0",
"ResFinder",,"R460L","embB",,,"Ethambutol","Mycobacterium tuberculosis",,,"LR027516.1",19209951,"Tuberculosis drug resistance mutation database.","2009.0",
"ResFinder",,"R460L","embB",,,"Ethambutol","Mycobacterium tuberculosis",,,"LR027516.1",1920995,"[Metastases to the mediastinal lymph nodes in a series of two-hundred-consecutive operations for primary lung cancer].","1991.0",
"ResFinder",,"P461S","embB",,,"Ethambutol","Mycobacterium tuberculosis",,,"LR027516.1",19209951,"Tuberculosis drug resistance mutation database.","2009.0",
"ResFinder",,"R469P","embB",,,"Ethambutol","Mycobacterium tuberculosis",,,"LR027516.1",19209951,"Tuberculosis drug resistance mutation database.","2009.0",
"ResFinder",,"R471P","embB",,,"Ethambutol","Mycobacterium tuberculosis",,,"LR027516.1",19209951,"Tuberculosis drug resistance mutation database.","2009.0",
"ResFinder",,"M482I","embB",,,"Ethambutol","Mycobacterium tuberculosis",,,"LR027516.1",23561273,"Characterization of mutations in multi- and extensive drug resistance among strains of Mycobacterium tuberculosis clinical isolates in Republic of Korea.","2013.0",
"ResFinder",,"Q497K","embB",,,"Ethambutol","Mycobacterium tuberculosis",,,"LR027516.1",23561273,"Characterization of mutations in multi- and extensive drug resistance among strains of Mycobacterium tuberculosis clinical isolates in Republic of Korea.","2013.0",
"ResFinder",,"Q497K","embB",,,"Ethambutol","Mycobacterium tuberculosis",,,"LR027516.1",19209951,"Tuberculosis drug resistance mutation database.","2009.0",
"ResFinder",,"Q497K","embB",,,"Ethambutol","Mycobacterium tuberculosis",,,"LR027516.1",23561273,"Characterization of mutations in multi- and extensive drug resistance among strains of Mycobacterium tuberculosis clinical isolates in Republic of Korea.","2013.0",
"ResFinder",,"Q497K","embB",,,"Ethambutol","Mycobacterium tuberculosis",,,"LR027516.1",23561273,"Characterization of mutations in multi- and extensive drug resistance among strains of Mycobacterium tuberculosis clinical isolates in Republic of Korea.","2013.0",
"ResFinder",,"Q497K","embB",,,"Ethambutol","Mycobacterium tuberculosis",,,"LR027516.1",23995137,"Genome sequencing of 161 Mycobacterium tuberculosis isolates from China identifies genes and intergenic regions associated with drug resistance.","2013.0",
"ResFinder",,"Q497K","embB",,,"Ethambutol","Mycobacterium tuberculosis",,,"LR027516.1",23995136,"Evolution of high-level ethambutol-resistant tuberculosis through interacting mutations in decaprenylphosphoryl-β-D-arabinose biosynthetic and utilization pathway genes.","2013.0",
"ResFinder",,"Q497K","embB",,,"Ethambutol","Mycobacterium tuberculosis",,,"LR027516.1",24055765,"Systematic review of allelic exchange experiments aimed at identifying mutations that confer drug resistance in Mycobacterium tuberculosis.","2014.0",
"ResFinder",,"Q497K","embB",,,"Ethambutol","Mycobacterium tuberculosis",,,"LR027516.1",19209951,"Tuberculosis drug resistance mutation database.","2009.0",
"ResFinder",,"Q497P","embB",,,"Ethambutol","Mycobacterium tuberculosis",,,"LR027516.1",23561273,"Characterization of mutations in multi- and extensive drug resistance among strains of Mycobacterium tuberculosis clinical isolates in Republic of Korea.","2013.0",
"ResFinder",,"Q497P","embB",,,"Ethambutol","Mycobacterium tuberculosis",,,"LR027516.1",19209951,"Tuberculosis drug resistance mutation database.","2009.0",
"ResFinder",,"Q497P","embB",,,"Ethambutol","Mycobacterium tuberculosis",,,"LR027516.1",23561273,"Characterization of mutations in multi- and extensive drug resistance among strains of Mycobacterium tuberculosis clinical isolates in Republic of Korea.","2013.0",
"ResFinder",,"Q497P","embB",,,"Ethambutol","Mycobacterium tuberculosis",,,"LR027516.1",23561273,"Characterization of mutations in multi- and extensive drug resistance among strains of Mycobacterium tuberculosis clinical isolates in Republic of Korea.","2013.0",
"ResFinder",,"Q497P","embB",,,"Ethambutol","Mycobacterium tuberculosis",,,"LR027516.1",23995137,"Genome sequencing of 161 Mycobacterium tuberculosis isolates from China identifies genes and intergenic regions associated with drug resistance.","2013.0",
"ResFinder",,"Q497P","embB",,,"Ethambutol","Mycobacterium tuberculosis",,,"LR027516.1",23995136,"Evolution of high-level ethambutol-resistant tuberculosis through interacting mutations in decaprenylphosphoryl-β-D-arabinose biosynthetic and utilization pathway genes.","2013.0",
"ResFinder",,"Q497P","embB",,,"Ethambutol","Mycobacterium tuberculosis",,,"LR027516.1",24055765,"Systematic review of allelic exchange experiments aimed at identifying mutations that confer drug resistance in Mycobacterium tuberculosis.","2014.0",
"ResFinder",,"Q497P","embB",,,"Ethambutol","Mycobacterium tuberculosis",,,"LR027516.1",19209951,"Tuberculosis drug resistance mutation database.","2009.0",
"ResFinder",,"Q497R","embB",,,"Ethambutol","Mycobacterium tuberculosis",,,"LR027516.1",23561273,"Characterization of mutations in multi- and extensive drug resistance among strains of Mycobacterium tuberculosis clinical isolates in Republic of Korea.","2013.0",
"ResFinder",,"Q497R","embB",,,"Ethambutol","Mycobacterium tuberculosis",,,"LR027516.1",19209951,"Tuberculosis drug resistance mutation database.","2009.0",
"ResFinder",,"Q497R","embB",,,"Ethambutol","Mycobacterium tuberculosis",,,"LR027516.1",23561273,"Characterization of mutations in multi- and extensive drug resistance among strains of Mycobacterium tuberculosis clinical isolates in Republic of Korea.","2013.0",
"ResFinder",,"Q497R","embB",,,"Ethambutol","Mycobacterium tuberculosis",,,"LR027516.1",23561273,"Characterization of mutations in multi- and extensive drug resistance among strains of Mycobacterium tuberculosis clinical isolates in Republic of Korea.","2013.0",
"ResFinder",,"Q497R","embB",,,"Ethambutol","Mycobacterium tuberculosis",,,"LR027516.1",23995137,"Genome sequencing of 161 Mycobacterium tuberculosis isolates from China identifies genes and intergenic regions associated with drug resistance.","2013.0",
"ResFinder",,"Q497R","embB",,,"Ethambutol","Mycobacterium tuberculosis",,,"LR027516.1",23995136,"Evolution of high-level ethambutol-resistant tuberculosis through interacting mutations in decaprenylphosphoryl-β-D-arabinose biosynthetic and utilization pathway genes.","2013.0",
"ResFinder",,"Q497R","embB",,,"Ethambutol","Mycobacterium tuberculosis",,,"LR027516.1",24055765,"Systematic review of allelic exchange experiments aimed at identifying mutations that confer drug resistance in Mycobacterium tuberculosis.","2014.0",
"ResFinder",,"Q497R","embB",,,"Ethambutol","Mycobacterium tuberculosis",,,"LR027516.1",19209951,"Tuberculosis drug resistance mutation database.","2009.0",
"ResFinder",,"E504D","embB",,,"Ethambutol","Mycobacterium tuberculosis",,,"LR027516.1",23561273,"Characterization of mutations in multi- and extensive drug resistance among strains of Mycobacterium tuberculosis clinical isolates in Republic of Korea.","2013.0",
"ResFinder",,"E504D","embB",,,"Ethambutol","Mycobacterium tuberculosis",,,"LR027516.1",23995137,"Genome sequencing of 161 Mycobacterium tuberculosis isolates from China identifies genes and intergenic regions associated with drug resistance.","2013.0",
"ResFinder",,"R507K","embB",,,"Ethambutol","Mycobacterium tuberculosis",,,"LR027516.1",23561273,"Characterization of mutations in multi- and extensive drug resistance among strains of Mycobacterium tuberculosis clinical isolates in Republic of Korea.","2013.0",
"ResFinder",,"A659T","embB",,,"Ethambutol","Mycobacterium tuberculosis",,,"LR027516.1",19209951,"Tuberculosis drug resistance mutation database.","2009.0",
"ResFinder",,"G745D","embB",,,"Ethambutol","Mycobacterium tuberculosis",,,"LR027516.1",19209951,"Tuberculosis drug resistance mutation database.","2009.0",
"ResFinder",,"Q853P","embB",,,"Ethambutol","Mycobacterium tuberculosis",,,"LR027516.1",23995136,"Evolution of high-level ethambutol-resistant tuberculosis through interacting mutations in decaprenylphosphoryl-β-D-arabinose biosynthetic and utilization pathway genes.","2013.0",
"ResFinder",,"D959A","embB",,,"Ethambutol","Mycobacterium tuberculosis",,,"LR027516.1",19209951,"Tuberculosis drug resistance mutation database.","2009.0",
"ResFinder",,"M1000R","embB",,,"Ethambutol","Mycobacterium tuberculosis",,,"LR027516.1",19209951,"Tuberculosis drug resistance mutation database.","2009.0",
"ResFinder",,"H1002R","embB",,,"Ethambutol","Mycobacterium tuberculosis",,,"LR027516.1",23995137,"Genome sequencing of 161 Mycobacterium tuberculosis isolates from China identifies genes and intergenic regions associated with drug resistance.","2013.0",
"ResFinder",,"D1024N","embB",,,"Ethambutol","Mycobacterium tuberculosis",,,"LR027516.1",19209951,"Tuberculosis drug resistance mutation database.","2009.0",
"ResFinder",,"T1082A","embB",,,"Ethambutol","Mycobacterium tuberculosis",,,"LR027516.1",23995136,"Evolution of high-level ethambutol-resistant tuberculosis through interacting mutations in decaprenylphosphoryl-β-D-arabinose biosynthetic and utilization pathway genes.","2013.0",
"ResFinder",,"E187E","embC",,,"Ethambutol","Mycobacterium tuberculosis",,,"KJ571506.1",23995136,"Evolution of high-level ethambutol-resistant tuberculosis through interacting mutations in decaprenylphosphoryl-β-D-arabinose biosynthetic and utilization pathway genes.","2013.0",
"ResFinder",,"A244T","embC",,,"Ethambutol","Mycobacterium tuberculosis",,,"KJ571506.1",19209951,"Tuberculosis drug resistance mutation database.","2009.0",
"ResFinder",,"A247P","embC",,,"Ethambutol","Mycobacterium tuberculosis",,,"KJ571506.1",19209951,"Tuberculosis drug resistance mutation database.","2009.0",
"ResFinder",,"L251R","embC",,,"Ethambutol","Mycobacterium tuberculosis",,,"KJ571506.1",19209951,"Tuberculosis drug resistance mutation database.","2009.0",
"ResFinder",,"A254G","embC",,,"Ethambutol","Mycobacterium tuberculosis",,,"KJ571506.1",19209951,"Tuberculosis drug resistance mutation database.","2009.0",
"ResFinder",,"T270I","embC",,,"Ethambutol","Mycobacterium tuberculosis",,,"KJ571506.1",23995136,"Evolution of high-level ethambutol-resistant tuberculosis through interacting mutations in decaprenylphosphoryl-β-D-arabinose biosynthetic and utilization pathway genes.","2013.0",
