"Database","Nucleotide_Change","Protein_Change","Gene","Encodes","Mechanism","Resistance","Organism","Validated_by","Notes","Accession_number","PMID","Paper_title","Publication_year","Origin"
"Reslit",,"A90V","gyrA","DNA gyrase subunit A",,"fluoroquinolones","Mycobacterium tuberculosis","experimental validation","Mutation in gyrA at position 90 (A90V) confers resistance to fluoroquinolones.",,10049284,"Fluoroquinolone action against clinical isolates of Mycobacterium tuberculosis: effects of a C-8 methoxyl group on survival in liquid media and in human macrophages.",1999,
"Reslit",,"A90V","gyrA","DNA gyrase subunit A",,"fluoroquinolones","Mycobacterium bovis","experimental validation","Mutation in gyrA at position 90 (A90V) confers resistance to fluoroquinolones.",,10049284,"Fluoroquinolone action against clinical isolates of Mycobacterium tuberculosis: effects of a C-8 methoxyl group on survival in liquid media and in human macrophages.",1999,
"Reslit",,"S83I","gyrA","DNA gyrase A subunit",,"ciprofloxacin","Vibrio parahaemolyticus","PCR and sequencing",,,10223929,"Sequence analysis of the gyrA and parC homologues of a wild-type strain of Vibrio parahaemolyticus and its fluoroquinolone-resistant mutants.",1999,
"Reslit",,"S85F","parC","topoisomerase IV ParC subunit",,"ciprofloxacin","Vibrio parahaemolyticus","PCR and sequencing",,,10223929,"Sequence analysis of the gyrA and parC homologues of a wild-type strain of Vibrio parahaemolyticus and its fluoroquinolone-resistant mutants.",1999,
"Reslit",,"S84L","gyrA","DNA gyrase A subunit",,"ciprofloxacin","Staphylococcus epidermidis","sequencing and MIC testing","Mutation in gyrA codon 84 associated with ciprofloxacin resistance.",,10390214,"Topoisomerase sequences of coagulase-negative staphylococcal isolates resistant to ciprofloxacin or trovafloxacin.",1999,
"Reslit",,"S84L","gyrA","DNA gyrase A subunit",,"ciprofloxacin","Staphylococcus haemolyticus","sequencing and MIC testing","Mutation in gyrA codon 84 associated with ciprofloxacin resistance.",,10390214,"Topoisomerase sequences of coagulase-negative staphylococcal isolates resistant to ciprofloxacin or trovafloxacin.",1999,
"Reslit",,"S84L","gyrA","DNA gyrase A subunit",,"ciprofloxacin","Staphylococcus hominis","sequencing and MIC testing","Mutation in gyrA codon 84 associated with ciprofloxacin resistance.",,10390214,"Topoisomerase sequences of coagulase-negative staphylococcal isolates resistant to ciprofloxacin or trovafloxacin.",1999,
"Reslit",,"S84L","gyrA","DNA gyrase A subunit",,"ciprofloxacin","Staphylococcus simulans","sequencing and MIC testing","Mutation in gyrA codon 84 associated with ciprofloxacin resistance.",,10390214,"Topoisomerase sequences of coagulase-negative staphylococcal isolates resistant to ciprofloxacin or trovafloxacin.",1999,
"Reslit","TCT->CTT","S80L","grlA","DNA topoisomerase IV A subunit",,"ciprofloxacin","Staphylococcus epidermidis","sequencing and MIC testing","Mutations in grlA codons 80 and 84 associated with ciprofloxacin resistance.",,10390214,"Topoisomerase sequences of coagulase-negative staphylococcal isolates resistant to ciprofloxacin or trovafloxacin.",1999,
"Reslit","TCT->CTT","S80L","grlA","DNA topoisomerase IV A subunit",,"ciprofloxacin","Staphylococcus haemolyticus","sequencing and MIC testing","Mutations in grlA codons 80 and 84 associated with ciprofloxacin resistance.",,10390214,"Topoisomerase sequences of coagulase-negative staphylococcal isolates resistant to ciprofloxacin or trovafloxacin.",1999,
"Reslit","TCT->CTT","S80L","grlA","DNA topoisomerase IV A subunit",,"ciprofloxacin","Staphylococcus hominis","sequencing and MIC testing","Mutations in grlA codons 80 and 84 associated with ciprofloxacin resistance.",,10390214,"Topoisomerase sequences of coagulase-negative staphylococcal isolates resistant to ciprofloxacin or trovafloxacin.",1999,
"Reslit","TCT->CTT","S80L","grlA","DNA topoisomerase IV A subunit",,"ciprofloxacin","Staphylococcus simulans","sequencing and MIC testing","Mutations in grlA codons 80 and 84 associated with ciprofloxacin resistance.",,10390214,"Topoisomerase sequences of coagulase-negative staphylococcal isolates resistant to ciprofloxacin or trovafloxacin.",1999,
"Reslit","TCT->CTT","S84L","grlA","DNA topoisomerase IV A subunit",,"ciprofloxacin","Staphylococcus epidermidis","sequencing and MIC testing","Mutations in grlA codons 80 and 84 associated with ciprofloxacin resistance.",,10390214,"Topoisomerase sequences of coagulase-negative staphylococcal isolates resistant to ciprofloxacin or trovafloxacin.",1999,
"Reslit","TCT->CTT","S84L","grlA","DNA topoisomerase IV A subunit",,"ciprofloxacin","Staphylococcus haemolyticus","sequencing and MIC testing","Mutations in grlA codons 80 and 84 associated with ciprofloxacin resistance.",,10390214,"Topoisomerase sequences of coagulase-negative staphylococcal isolates resistant to ciprofloxacin or trovafloxacin.",1999,
"Reslit","TCT->CTT","S84L","grlA","DNA topoisomerase IV A subunit",,"ciprofloxacin","Staphylococcus hominis","sequencing and MIC testing","Mutations in grlA codons 80 and 84 associated with ciprofloxacin resistance.",,10390214,"Topoisomerase sequences of coagulase-negative staphylococcal isolates resistant to ciprofloxacin or trovafloxacin.",1999,
"Reslit","TCT->CTT","S84L","grlA","DNA topoisomerase IV A subunit",,"ciprofloxacin","Staphylococcus simulans","sequencing and MIC testing","Mutations in grlA codons 80 and 84 associated with ciprofloxacin resistance.",,10390214,"Topoisomerase sequences of coagulase-negative staphylococcal isolates resistant to ciprofloxacin or trovafloxacin.",1999,
"Reslit",,"S83Y","gyrA","DNA gyrase subunit A",,"ciprofloxacin","Klebsiella pneumoniae","sequencing","mutations in gyrA are associated with fluoroquinolone resistance",,10428935,"Comparative in vitro activities of ciprofloxacin, clinafloxacin, gatifloxacin, levofloxacin, moxifloxacin, and trovafloxacin against Klebsiella pneumoniae, Klebsiella oxytoca, Enterobacter cloacae, and Enterobacter aerogenes clinical isolates with alterations in GyrA and ParC proteins.",1999,
"Reslit",,"S83Y","gyrA","DNA gyrase subunit A",,"ciprofloxacin","Enterobacter aerogenes","sequencing","mutations in gyrA are associated with fluoroquinolone resistance",,10428935,"Comparative in vitro activities of ciprofloxacin, clinafloxacin, gatifloxacin, levofloxacin, moxifloxacin, and trovafloxacin against Klebsiella pneumoniae, Klebsiella oxytoca, Enterobacter cloacae, and Enterobacter aerogenes clinical isolates with alterations in GyrA and ParC proteins.",1999,
"Reslit",,"S83F","gyrA","DNA gyrase subunit A",,"ciprofloxacin","Klebsiella pneumoniae","sequencing","mutations in gyrA are associated with fluoroquinolone resistance",,10428935,"Comparative in vitro activities of ciprofloxacin, clinafloxacin, gatifloxacin, levofloxacin, moxifloxacin, and trovafloxacin against Klebsiella pneumoniae, Klebsiella oxytoca, Enterobacter cloacae, and Enterobacter aerogenes clinical isolates with alterations in GyrA and ParC proteins.",1999,
"Reslit",,"S83F","gyrA","DNA gyrase subunit A",,"ciprofloxacin","Enterobacter cloacae","sequencing","mutations in gyrA are associated with fluoroquinolone resistance",,10428935,"Comparative in vitro activities of ciprofloxacin, clinafloxacin, gatifloxacin, levofloxacin, moxifloxacin, and trovafloxacin against Klebsiella pneumoniae, Klebsiella oxytoca, Enterobacter cloacae, and Enterobacter aerogenes clinical isolates with alterations in GyrA and ParC proteins.",1999,
"Reslit",,"S83F","gyrA","DNA gyrase subunit A",,"ciprofloxacin","Enterobacter aerogenes","sequencing","mutations in gyrA are associated with fluoroquinolone resistance",,10428935,"Comparative in vitro activities of ciprofloxacin, clinafloxacin, gatifloxacin, levofloxacin, moxifloxacin, and trovafloxacin against Klebsiella pneumoniae, Klebsiella oxytoca, Enterobacter cloacae, and Enterobacter aerogenes clinical isolates with alterations in GyrA and ParC proteins.",1999,
"Reslit",,"S83I","gyrA","DNA gyrase subunit A",,"ciprofloxacin","Klebsiella pneumoniae","sequencing","mutations in gyrA are associated with fluoroquinolone resistance",,10428935,"Comparative in vitro activities of ciprofloxacin, clinafloxacin, gatifloxacin, levofloxacin, moxifloxacin, and trovafloxacin against Klebsiella pneumoniae, Klebsiella oxytoca, Enterobacter cloacae, and Enterobacter aerogenes clinical isolates with alterations in GyrA and ParC proteins.",1999,
"Reslit",,"S83I","gyrA","DNA gyrase subunit A",,"ciprofloxacin","Enterobacter aerogenes","sequencing","mutations in gyrA are associated with fluoroquinolone resistance",,10428935,"Comparative in vitro activities of ciprofloxacin, clinafloxacin, gatifloxacin, levofloxacin, moxifloxacin, and trovafloxacin against Klebsiella pneumoniae, Klebsiella oxytoca, Enterobacter cloacae, and Enterobacter aerogenes clinical isolates with alterations in GyrA and ParC proteins.",1999,
"Reslit",,"D87Y","gyrA","DNA gyrase subunit A",,"ciprofloxacin","Klebsiella pneumoniae","sequencing","mutations in gyrA are associated with fluoroquinolone resistance",,10428935,"Comparative in vitro activities of ciprofloxacin, clinafloxacin, gatifloxacin, levofloxacin, moxifloxacin, and trovafloxacin against Klebsiella pneumoniae, Klebsiella oxytoca, Enterobacter cloacae, and Enterobacter aerogenes clinical isolates with alterations in GyrA and ParC proteins.",1999,
"Reslit",,"D87N","gyrA","DNA gyrase subunit A",,"ciprofloxacin","Klebsiella pneumoniae","sequencing","mutations in gyrA are associated with fluoroquinolone resistance",,10428935,"Comparative in vitro activities of ciprofloxacin, clinafloxacin, gatifloxacin, levofloxacin, moxifloxacin, and trovafloxacin against Klebsiella pneumoniae, Klebsiella oxytoca, Enterobacter cloacae, and Enterobacter aerogenes clinical isolates with alterations in GyrA and ParC proteins.",1999,
"Reslit",,"D87N","gyrA","DNA gyrase subunit A",,"ciprofloxacin","Enterobacter cloacae","sequencing","mutations in gyrA are associated with fluoroquinolone resistance",,10428935,"Comparative in vitro activities of ciprofloxacin, clinafloxacin, gatifloxacin, levofloxacin, moxifloxacin, and trovafloxacin against Klebsiella pneumoniae, Klebsiella oxytoca, Enterobacter cloacae, and Enterobacter aerogenes clinical isolates with alterations in GyrA and ParC proteins.",1999,
"Reslit",,"D87N","gyrA","DNA gyrase subunit A",,"ciprofloxacin","Enterobacter aerogenes","sequencing","mutations in gyrA are associated with fluoroquinolone resistance",,10428935,"Comparative in vitro activities of ciprofloxacin, clinafloxacin, gatifloxacin, levofloxacin, moxifloxacin, and trovafloxacin against Klebsiella pneumoniae, Klebsiella oxytoca, Enterobacter cloacae, and Enterobacter aerogenes clinical isolates with alterations in GyrA and ParC proteins.",1999,
"Reslit",,"D87G","gyrA","DNA gyrase subunit A",,"ciprofloxacin","Klebsiella oxytoca","sequencing","mutations in gyrA are associated with fluoroquinolone resistance",,10428935,"Comparative in vitro activities of ciprofloxacin, clinafloxacin, gatifloxacin, levofloxacin, moxifloxacin, and trovafloxacin against Klebsiella pneumoniae, Klebsiella oxytoca, Enterobacter cloacae, and Enterobacter aerogenes clinical isolates with alterations in GyrA and ParC proteins.",1999,
"Reslit",,"D87H","gyrA","DNA gyrase subunit A",,"ciprofloxacin","Enterobacter cloacae","sequencing","mutations in gyrA are associated with fluoroquinolone resistance",,10428935,"Comparative in vitro activities of ciprofloxacin, clinafloxacin, gatifloxacin, levofloxacin, moxifloxacin, and trovafloxacin against Klebsiella pneumoniae, Klebsiella oxytoca, Enterobacter cloacae, and Enterobacter aerogenes clinical isolates with alterations in GyrA and ParC proteins.",1999,
"Reslit",,"S80I","parC","topoisomerase IV subunit C",,"ciprofloxacin","Klebsiella pneumoniae","sequencing","mutations in parC are associated with fluoroquinolone resistance",,10428935,"Comparative in vitro activities of ciprofloxacin, clinafloxacin, gatifloxacin, levofloxacin, moxifloxacin, and trovafloxacin against Klebsiella pneumoniae, Klebsiella oxytoca, Enterobacter cloacae, and Enterobacter aerogenes clinical isolates with alterations in GyrA and ParC proteins.",1999,
"Reslit",,"S80I","parC","topoisomerase IV subunit C",,"ciprofloxacin","Enterobacter cloacae","sequencing","mutations in parC are associated with fluoroquinolone resistance",,10428935,"Comparative in vitro activities of ciprofloxacin, clinafloxacin, gatifloxacin, levofloxacin, moxifloxacin, and trovafloxacin against Klebsiella pneumoniae, Klebsiella oxytoca, Enterobacter cloacae, and Enterobacter aerogenes clinical isolates with alterations in GyrA and ParC proteins.",1999,
"Reslit",,"S80I","parC","topoisomerase IV subunit C",,"ciprofloxacin","Enterobacter aerogenes","sequencing","mutations in parC are associated with fluoroquinolone resistance",,10428935,"Comparative in vitro activities of ciprofloxacin, clinafloxacin, gatifloxacin, levofloxacin, moxifloxacin, and trovafloxacin against Klebsiella pneumoniae, Klebsiella oxytoca, Enterobacter cloacae, and Enterobacter aerogenes clinical isolates with alterations in GyrA and ParC proteins.",1999,
"Reslit",,"S80R","parC","topoisomerase IV subunit C",,"ciprofloxacin","Klebsiella oxytoca","sequencing","mutations in parC are associated with fluoroquinolone resistance",,10428935,"Comparative in vitro activities of ciprofloxacin, clinafloxacin, gatifloxacin, levofloxacin, moxifloxacin, and trovafloxacin against Klebsiella pneumoniae, Klebsiella oxytoca, Enterobacter cloacae, and Enterobacter aerogenes clinical isolates with alterations in GyrA and ParC proteins.",1999,
"Reslit",,"D473N","rpoB","β subunit of RNA polymerase",,"rifampin","Listeria monocytogenes","sequencing and MIC determination",,,10449475,"Isolation of Rifampin-Resistant Mutants of Listeria monocytogenes and Their Characterization by rpoB Gene Sequencing, Temperature Sensitivity for Growth, and Interaction with an Epithelial Cell Line.",1999,
"Reslit",,"D473G","rpoB","β subunit of RNA polymerase",,"rifampin","Listeria monocytogenes","sequencing and MIC determination",,,10449475,"Isolation of Rifampin-Resistant Mutants of Listeria monocytogenes and Their Characterization by rpoB Gene Sequencing, Temperature Sensitivity for Growth, and Interaction with an Epithelial Cell Line.",1999,
"Reslit",,"G479D","rpoB","β subunit of RNA polymerase",,"rifampin","Listeria monocytogenes","sequencing and MIC determination",,,10449475,"Isolation of Rifampin-Resistant Mutants of Listeria monocytogenes and Their Characterization by rpoB Gene Sequencing, Temperature Sensitivity for Growth, and Interaction with an Epithelial Cell Line.",1999,
"Reslit",,"H483Y","rpoB","β subunit of RNA polymerase",,"rifampin","Listeria monocytogenes","sequencing and MIC determination",,,10449475,"Isolation of Rifampin-Resistant Mutants of Listeria monocytogenes and Their Characterization by rpoB Gene Sequencing, Temperature Sensitivity for Growth, and Interaction with an Epithelial Cell Line.",1999,
"Reslit",,"H483L","rpoB","β subunit of RNA polymerase",,"rifampin","Listeria monocytogenes","sequencing and MIC determination",,,10449475,"Isolation of Rifampin-Resistant Mutants of Listeria monocytogenes and Their Characterization by rpoB Gene Sequencing, Temperature Sensitivity for Growth, and Interaction with an Epithelial Cell Line.",1999,
"Reslit",,"I528F","rpoB","β subunit of RNA polymerase",,"rifampin","Listeria monocytogenes","sequencing and MIC determination",,,10449475,"Isolation of Rifampin-Resistant Mutants of Listeria monocytogenes and Their Characterization by rpoB Gene Sequencing, Temperature Sensitivity for Growth, and Interaction with an Epithelial Cell Line.",1999,
"Reslit",,"S530Y","rpoB","β subunit of RNA polymerase",,"rifampin","Listeria monocytogenes","sequencing and MIC determination",,,10449475,"Isolation of Rifampin-Resistant Mutants of Listeria monocytogenes and Their Characterization by rpoB Gene Sequencing, Temperature Sensitivity for Growth, and Interaction with an Epithelial Cell Line.",1999,
"Reslit",,"S89F","gyrA","DNA gyrase subunit A",,"fluoroquinolones","Bacteroides fragilis","susceptibility testing and sequencing","A mutation in the quinolone resistance-determining region (QRDR) of gyrA was identified as the mechanism of fluoroquinolone resistance in B. fragilis.",,10471574,"Fluoroquinolone resistance in Bacteroides fragilis following sparfloxacin exposure.",1999,
"Reslit",,"D87G","gyrA","DNA gyrase",,"ofloxacin|ciprofloxacin|trovafloxacin|sparfloxacin","Escherichia coli","sequencing and MIC testing","Mutation in gyrA contributes to fluoroquinolone resistance",,10602715,"Ineffectiveness of topoisomerase mutations in mediating clinically significant fluoroquinolone resistance in Escherichia coli in the absence of the AcrAB efflux pump.",2000,
"Reslit","A2C",,"blaSHV-1","beta-lactamase",,"ceftazidime|piperacillin-tazobactam","Klebsiella pneumoniae","site-directed mutagenesis and MIC testing","The A→C change in the second position of the −10 region of the blaSHV-1 promoter leads to reduced β-lactamase expression and lower resistance.",,10639363,"High-level expression of chromosomally encoded SHV-1 beta-lactamase and an outer membrane protein change confer resistance to ceftazidime and piperacillin-tazobactam in a clinical isolate of Klebsiella pneumoniae.",2000,"Klebsiella pneumoniae"
"Reslit","C-12T",,"aac(3)-Xa","aminoglycoside 3-N-acetyltransferase",,,"Streptomyces griseus","sequence analysis","The wild-type gene is susceptible to kanamycin, but the mutant gene shows high-level resistance.",,10639379,"Identification and characterization of the point mutation which affects the transcription level of the chromosomal 3-N-acetyltransferase gene of Streptomyces griseus SS-1198.",2000,"chromosomal"
"Reslit","C-12T",,"aac(3)-Xa","aminoglycoside 3-N-acetyltransferase",,,"Streptomyces lividans","sequence analysis","The wild-type gene is susceptible to kanamycin, but the mutant gene shows high-level resistance.",,10639379,"Identification and characterization of the point mutation which affects the transcription level of the chromosomal 3-N-acetyltransferase gene of Streptomyces griseus SS-1198.",2000,"chromosomal"
"Reslit",,"R140S","pncA","pyrazinamidase",,"pyrazinamide","Mycobacterium tuberculosis","sequencing","The study confirms that pncA mutations are the major mechanism of pyrazinamide resistance in Mycobacterium tuberculosis.",,10681313,"pncA Mutations as a Major Mechanism of Pyrazinamide Resistance in Mycobacterium tuberculosis: Spread of a Monoresistant Strain in Quebec, Canada.",2000,"Quebec, Canada"
"Reslit",,"G97S","pncA","pyrazinamidase",,"pyrazinamide","Mycobacterium tuberculosis","sequencing","The study confirms that pncA mutations are the major mechanism of pyrazinamide resistance in Mycobacterium tuberculosis.",,10681313,"pncA Mutations as a Major Mechanism of Pyrazinamide Resistance in Mycobacterium tuberculosis: Spread of a Monoresistant Strain in Quebec, Canada.",2000,"Quebec, Canada"
"Reslit",,"W68*","pncA","pyrazinamidase",,"pyrazinamide","Mycobacterium tuberculosis","sequencing","The study confirms that pncA mutations are the major mechanism of pyrazinamide resistance in Mycobacterium tuberculosis.",,10681313,"pncA Mutations as a Major Mechanism of Pyrazinamide Resistance in Mycobacterium tuberculosis: Spread of a Monoresistant Strain in Quebec, Canada.",2000,"Quebec, Canada"
"Reslit",,"A46V","pncA","pyrazinamidase",,"pyrazinamide","Mycobacterium tuberculosis","sequencing","The study confirms that pncA mutations are the major mechanism of pyrazinamide resistance in Mycobacterium tuberculosis.",,10681313,"pncA Mutations as a Major Mechanism of Pyrazinamide Resistance in Mycobacterium tuberculosis: Spread of a Monoresistant Strain in Quebec, Canada.",2000,"Quebec, Canada"
"Reslit",,"D12A","pncA","pyrazinamidase",,"pyrazinamide","Mycobacterium tuberculosis","sequencing","The study confirms that pncA mutations are the major mechanism of pyrazinamide resistance in Mycobacterium tuberculosis.",,10681313,"pncA Mutations as a Major Mechanism of Pyrazinamide Resistance in Mycobacterium tuberculosis: Spread of a Monoresistant Strain in Quebec, Canada.",2000,"Quebec, Canada"
"Reslit",,"D53A","pncA","pyrazinamidase",,"pyrazinamide","Mycobacterium tuberculosis","sequencing","The study confirms that pncA mutations are the major mechanism of pyrazinamide resistance in Mycobacterium tuberculosis.",,10681313,"pncA Mutations as a Major Mechanism of Pyrazinamide Resistance in Mycobacterium tuberculosis: Spread of a Monoresistant Strain in Quebec, Canada.",2000,"Quebec, Canada"
"Reslit",,"Q10R","pncA","pyrazinamidase",,"pyrazinamide","Mycobacterium tuberculosis","sequencing","The study confirms that pncA mutations are the major mechanism of pyrazinamide resistance in Mycobacterium tuberculosis.",,10681313,"pncA Mutations as a Major Mechanism of Pyrazinamide Resistance in Mycobacterium tuberculosis: Spread of a Monoresistant Strain in Quebec, Canada.",2000,"Quebec, Canada"
"Reslit",,"H82R","pncA","pyrazinamidase",,"pyrazinamide","Mycobacterium tuberculosis","sequencing","The study confirms that pncA mutations are the major mechanism of pyrazinamide resistance in Mycobacterium tuberculosis.",,10681313,"pncA Mutations as a Major Mechanism of Pyrazinamide Resistance in Mycobacterium tuberculosis: Spread of a Monoresistant Strain in Quebec, Canada.",2000,"Quebec, Canada"
"Reslit",,"L85R","pncA","pyrazinamidase",,"pyrazinamide","Mycobacterium tuberculosis","sequencing","The study confirms that pncA mutations are the major mechanism of pyrazinamide resistance in Mycobacterium tuberculosis.",,10681313,"pncA Mutations as a Major Mechanism of Pyrazinamide Resistance in Mycobacterium tuberculosis: Spread of a Monoresistant Strain in Quebec, Canada.",2000,"Quebec, Canada"
"Reslit",,"V155G","pncA","pyrazinamidase",,"pyrazinamide","Mycobacterium tuberculosis","sequencing","The study confirms that pncA mutations are the major mechanism of pyrazinamide resistance in Mycobacterium tuberculosis.",,10681313,"pncA Mutations as a Major Mechanism of Pyrazinamide Resistance in Mycobacterium tuberculosis: Spread of a Monoresistant Strain in Quebec, Canada.",2000,"Quebec, Canada"
"Reslit",,"T168N","pncA","pyrazinamidase",,"pyrazinamide","Mycobacterium tuberculosis","sequencing","The study confirms that pncA mutations are the major mechanism of pyrazinamide resistance in Mycobacterium tuberculosis.",,10681313,"pncA Mutations as a Major Mechanism of Pyrazinamide Resistance in Mycobacterium tuberculosis: Spread of a Monoresistant Strain in Quebec, Canada.",2000,"Quebec, Canada"
"Reslit",,"V130G","pncA","pyrazinamidase",,"pyrazinamide","Mycobacterium tuberculosis","sequencing","The study confirms that pncA mutations are the major mechanism of pyrazinamide resistance in Mycobacterium tuberculosis.",,10681313,"pncA Mutations as a Major Mechanism of Pyrazinamide Resistance in Mycobacterium tuberculosis: Spread of a Monoresistant Strain in Quebec, Canada.",2000,"Quebec, Canada"
"Reslit",,"D516V","rpoB","RNA polymerase beta subunit",,"rifampin","Mycobacterium tuberculosis","Invader assay",,,10770765,"Evaluation of the invader assay, a linear signal amplification method, for identification of mutations associated with resistance to rifampin and isoniazid in Mycobacterium tuberculosis.",2000,
"Reslit",,"S315T","katG","catalase-peroxidase",,"isoniazid","Mycobacterium tuberculosis","Invader assay",,,10770765,"Evaluation of the invader assay, a linear signal amplification method, for identification of mutations associated with resistance to rifampin and isoniazid in Mycobacterium tuberculosis.",2000,
"Reslit",,"D95N","gyrA","DNA gyrase subunit A",,"ciprofloxacin","Neisseria meningitidis","PCR amplification and sequencing","Mutation in the quinolone resistance determining region (QRDR) of the gyrA gene",,10799008,"An invasive isolate of Neisseria meningitidis showing decreased susceptibility to quinolones.",2000,
"Reslit","A139G","T47A","pncA","pyrazinamidase",,"pyrazinamide","Mycobacterium tuberculosis","sequencing and PZase activity testing","includes various types of mutations",,10952570,"Phenotypic characterization of pncA mutants of Mycobacterium tuberculosis.",2000,
"Reslit","T-7C",,"pncA","pyrazinamidase",,"pyrazinamide","Mycobacterium tuberculosis","sequencing and PZase activity testing","includes various types of mutations",,10952570,"Phenotypic characterization of pncA mutants of Mycobacterium tuberculosis.",2000,
"Reslit","A37G",,"rdxA","nitroreductase",,"metronidazole","Helicobacter pylori","sequencing",,,10960091,"Sequential inactivation of rdxA (HP0954) and frxA (HP0642) nitroreductase genes causes moderate and high-level metronidazole resistance in Helicobacter pylori.",2000,
"Reslit","C32T",,"blaTEM","beta-lactamase",,"amoxicillin-clavulanate","Escherichia coli","sequencing",,,10991849,"Epidemiological survey of amoxicillin-clavulanate resistance and corresponding molecular mechanisms in Escherichia coli isolates in France: new genetic features of blaTEM genes.",2000,
"Reslit","C141G",,"blaTEM","beta-lactamase",,"amoxicillin-clavulanate","Escherichia coli","sequencing",,,10991849,"Epidemiological survey of amoxicillin-clavulanate resistance and corresponding molecular mechanisms in Escherichia coli isolates in France: new genetic features of blaTEM genes.",2000,
"Reslit","G162T",,"blaTEM","beta-lactamase",,"amoxicillin-clavulanate","Escherichia coli","sequencing",,,10991849,"Epidemiological survey of amoxicillin-clavulanate resistance and corresponding molecular mechanisms in Escherichia coli isolates in France: new genetic features of blaTEM genes.",2000,
"Reslit","C32T",,"blaTEM","beta-lactamase",,"amoxicillin-clavulanate","Escherichia coli","sequencing",,,10991849,"Epidemiological survey of amoxicillin-clavulanate resistance and corresponding molecular mechanisms in Escherichia coli isolates in France: new genetic features of blaTEM genes.",2000,
"Reslit","C141G",,"blaTEM","beta-lactamase",,"amoxicillin-clavulanate","Escherichia coli","sequencing",,,10991849,"Epidemiological survey of amoxicillin-clavulanate resistance and corresponding molecular mechanisms in Escherichia coli isolates in France: new genetic features of blaTEM genes.",2000,
"Reslit","G162T",,"blaTEM","beta-lactamase",,"amoxicillin-clavulanate","Escherichia coli","sequencing",,,10991849,"Epidemiological survey of amoxicillin-clavulanate resistance and corresponding molecular mechanisms in Escherichia coli isolates in France: new genetic features of blaTEM genes.",2000,
"Reslit",,"S79Y","parC","DNA topoisomerase IV subunit",,"clinafloxacin|ciprofloxacin|trovafloxacin","Streptococcus pneumoniae","sequence analysis",,,10991854,"In vitro selection of resistance to clinafloxacin, ciprofloxacin, and trovafloxacin in Streptococcus pneumoniae.",2000,
"Reslit",,"S81Y","gyrA","DNA gyrase subunit A",,"clinafloxacin|ciprofloxacin|trovafloxacin","Streptococcus pneumoniae","sequence analysis",,,10991854,"In vitro selection of resistance to clinafloxacin, ciprofloxacin, and trovafloxacin in Streptococcus pneumoniae.",2000,
"Reslit",,"S81F","gyrA","DNA gyrase subunit A",,"clinafloxacin|ciprofloxacin|trovafloxacin","Streptococcus pneumoniae","sequence analysis",,,10991854,"In vitro selection of resistance to clinafloxacin, ciprofloxacin, and trovafloxacin in Streptococcus pneumoniae.",2000,
"Reslit",,"S81L","gyrA","DNA gyrase subunit A",,"clinafloxacin|ciprofloxacin|trovafloxacin","Streptococcus pneumoniae","sequence analysis",,,10991854,"In vitro selection of resistance to clinafloxacin, ciprofloxacin, and trovafloxacin in Streptococcus pneumoniae.",2000,
"Reslit",,"S81F","gyrA","DNA gyrase subunit A",,"clinafloxacin|ciprofloxacin|trovafloxacin","Streptococcus pneumoniae","sequence analysis",,,10991854,"In vitro selection of resistance to clinafloxacin, ciprofloxacin, and trovafloxacin in Streptococcus pneumoniae.",2000,
"Reslit",,"P454S","parE","DNA topoisomerase IV subunit",,"clinafloxacin|ciprofloxacin|trovafloxacin","Streptococcus pneumoniae","sequence analysis",,,10991854,"In vitro selection of resistance to clinafloxacin, ciprofloxacin, and trovafloxacin in Streptococcus pneumoniae.",2000,
"Reslit",,"P454A","parE","DNA topoisomerase IV subunit",,"clinafloxacin|ciprofloxacin|trovafloxacin","Streptococcus pneumoniae","sequence analysis",,,10991854,"In vitro selection of resistance to clinafloxacin, ciprofloxacin, and trovafloxacin in Streptococcus pneumoniae.",2000,
"Reslit",,"P454H","parE","DNA topoisomerase IV subunit",,"clinafloxacin|ciprofloxacin|trovafloxacin","Streptococcus pneumoniae","sequence analysis",,,10991854,"In vitro selection of resistance to clinafloxacin, ciprofloxacin, and trovafloxacin in Streptococcus pneumoniae.",2000,
"Reslit",,"R445S","gyrB","DNA gyrase subunit B",,"clinafloxacin|ciprofloxacin|trovafloxacin","Streptococcus pneumoniae","sequence analysis",,,10991854,"In vitro selection of resistance to clinafloxacin, ciprofloxacin, and trovafloxacin in Streptococcus pneumoniae.",2000,
"Reslit",,"G406S","gyrB","DNA gyrase subunit B",,"clinafloxacin|ciprofloxacin|trovafloxacin","Streptococcus pneumoniae","sequence analysis",,,10991854,"In vitro selection of resistance to clinafloxacin, ciprofloxacin, and trovafloxacin in Streptococcus pneumoniae.",2000,
"Reslit",,"S81F","gyrA","DNA gyrase A subunit",,"levofloxacin|clinafloxacin","Streptococcus pneumoniae","DNA sequence analysis",,,11036007,"Activities of clinafloxacin, gatifloxacin, gemifloxacin, and trovafloxacin against recent clinical isolates of levofloxacin-resistant Streptococcus pneumoniae.",2000,
"Reslit",,"S79F","parC","DNA topoisomerase IV subunit",,"levofloxacin|clinafloxacin","Streptococcus pneumoniae","DNA sequence analysis",,,11036007,"Activities of clinafloxacin, gatifloxacin, gemifloxacin, and trovafloxacin against recent clinical isolates of levofloxacin-resistant Streptococcus pneumoniae.",2000,
"Reslit",,"S79Y","parC","DNA topoisomerase IV subunit",,"levofloxacin|clinafloxacin","Streptococcus pneumoniae","DNA sequence analysis",,,11036007,"Activities of clinafloxacin, gatifloxacin, gemifloxacin, and trovafloxacin against recent clinical isolates of levofloxacin-resistant Streptococcus pneumoniae.",2000,
"Reslit",,"D435N","parE","DNA topoisomerase IV subunit",,"levofloxacin|clinafloxacin","Streptococcus pneumoniae","DNA sequence analysis",,,11036007,"Activities of clinafloxacin, gatifloxacin, gemifloxacin, and trovafloxacin against recent clinical isolates of levofloxacin-resistant Streptococcus pneumoniae.",2000,
"Reslit",,"S492L","rpoB","RNA polymerase subunit",,"rifampin","Escherichia coli","experimental validation through fitness measurements and sequencing","The study focuses on compensatory evolution in rifampin-resistant E. coli, highlighting mutations in the rpoB gene.",,11102350,"Compensatory evolution in rifampin-resistant Escherichia coli.",2000,
"Reslit",,"V176F","rpoB","RNA polymerase beta subunit",,"rifampin","Mycobacterium tuberculosis","direct sequencing","Detected in one isolate and 5 of 18 RIF-resistant strains with no cluster I mutation",,11136757,"Frequency of rpoB mutations inside and outside the cluster I region in rifampin-resistant clinical Mycobacterium tuberculosis isolates.",2001,
"Reslit",,"D407E","mexB","multidrug transporter","loss of activity","aztreonam|novobiocin","Pseudomonas aeruginosa","determination of MICs of antibiotics and fluorescent dye efflux","Mutations in charged residues of transmembrane segments of MexB affect efflux pump function.",,11160105,"Identification of essential charged residues in transmembrane segments of the multidrug transporter MexB of Pseudomonas aeruginosa.",2001,"Pseudomonas aeruginosa"
"Reslit",,"D407A","mexB","multidrug transporter","loss of activity","aztreonam|novobiocin","Pseudomonas aeruginosa","determination of MICs of antibiotics and fluorescent dye efflux","Mutations in charged residues of transmembrane segments of MexB affect efflux pump function.",,11160105,"Identification of essential charged residues in transmembrane segments of the multidrug transporter MexB of Pseudomonas aeruginosa.",2001,"Pseudomonas aeruginosa"
"Reslit",,"D407K","mexB","multidrug transporter","loss of activity","aztreonam|novobiocin","Pseudomonas aeruginosa","determination of MICs of antibiotics and fluorescent dye efflux","Mutations in charged residues of transmembrane segments of MexB affect efflux pump function.",,11160105,"Identification of essential charged residues in transmembrane segments of the multidrug transporter MexB of Pseudomonas aeruginosa.",2001,"Pseudomonas aeruginosa"
"Reslit",,"D408E","mexB","multidrug transporter","loss of activity","aztreonam|novobiocin","Pseudomonas aeruginosa","determination of MICs of antibiotics and fluorescent dye efflux","Mutations in charged residues of transmembrane segments of MexB affect efflux pump function.",,11160105,"Identification of essential charged residues in transmembrane segments of the multidrug transporter MexB of Pseudomonas aeruginosa.",2001,"Pseudomonas aeruginosa"
"Reslit",,"D408A","mexB","multidrug transporter","loss of activity","aztreonam|novobiocin","Pseudomonas aeruginosa","determination of MICs of antibiotics and fluorescent dye efflux","Mutations in charged residues of transmembrane segments of MexB affect efflux pump function.",,11160105,"Identification of essential charged residues in transmembrane segments of the multidrug transporter MexB of Pseudomonas aeruginosa.",2001,"Pseudomonas aeruginosa"
"Reslit",,"D408K","mexB","multidrug transporter","loss of activity","aztreonam|novobiocin","Pseudomonas aeruginosa","determination of MICs of antibiotics and fluorescent dye efflux","Mutations in charged residues of transmembrane segments of MexB affect efflux pump function.",,11160105,"Identification of essential charged residues in transmembrane segments of the multidrug transporter MexB of Pseudomonas aeruginosa.",2001,"Pseudomonas aeruginosa"
"Reslit",,"K939A","mexB","multidrug transporter","loss of activity","aztreonam|novobiocin","Pseudomonas aeruginosa","determination of MICs of antibiotics and fluorescent dye efflux","Mutations in charged residues of transmembrane segments of MexB affect efflux pump function.",,11160105,"Identification of essential charged residues in transmembrane segments of the multidrug transporter MexB of Pseudomonas aeruginosa.",2001,"Pseudomonas aeruginosa"
"Reslit",,"K939E","mexB","multidrug transporter","loss of activity","aztreonam|novobiocin","Pseudomonas aeruginosa","determination of MICs of antibiotics and fluorescent dye efflux","Mutations in charged residues of transmembrane segments of MexB affect efflux pump function.",,11160105,"Identification of essential charged residues in transmembrane segments of the multidrug transporter MexB of Pseudomonas aeruginosa.",2001,"Pseudomonas aeruginosa"
"Reslit",,"K939D","mexB","multidrug transporter","loss of activity","aztreonam|novobiocin","Pseudomonas aeruginosa","determination of MICs of antibiotics and fluorescent dye efflux","Mutations in charged residues of transmembrane segments of MexB affect efflux pump function.",,11160105,"Identification of essential charged residues in transmembrane segments of the multidrug transporter MexB of Pseudomonas aeruginosa.",2001,"Pseudomonas aeruginosa"
"Reslit",,"K939R","mexB","multidrug transporter","preserved resistance","aztreonam|novobiocin","Pseudomonas aeruginosa","determination of MICs of antibiotics and fluorescent dye efflux","Mutations in charged residues of transmembrane segments of MexB affect efflux pump function.",,11160105,"Identification of essential charged residues in transmembrane segments of the multidrug transporter MexB of Pseudomonas aeruginosa.",2001,"Pseudomonas aeruginosa"
"Reslit",,"G428R","katG","enoyl-(acyl-carrier-protein) reductase",,"isoniazid","Mycobacterium tuberculosis","sequencing",,,11179917,"Genetic diversity and evidence for acquired antimicrobial resistance in Mycobacterium tuberculosis at a large hospital in South India.",2000,
"Reslit",,"D328A","katG","enoyl-(acyl-carrier-protein) reductase",,"isoniazid","Mycobacterium tuberculosis","sequencing",,,11179917,"Genetic diversity and evidence for acquired antimicrobial resistance in Mycobacterium tuberculosis at a large hospital in South India.",2000,
"Reslit",,"D516E","rpoB","RNA polymerase beta subunit",,"rifampin","Mycobacterium tuberculosis","sequencing",,,11179917,"Genetic diversity and evidence for acquired antimicrobial resistance in Mycobacterium tuberculosis at a large hospital in South India.",2000,
"Reslit",,"S522L","rpoB","RNA polymerase beta subunit",,"rifampin","Mycobacterium tuberculosis","sequencing",,,11179917,"Genetic diversity and evidence for acquired antimicrobial resistance in Mycobacterium tuberculosis at a large hospital in South India.",2000,
"Reslit",,"H526P","rpoB","RNA polymerase beta subunit",,"rifampin","Mycobacterium tuberculosis","sequencing",,,11179917,"Genetic diversity and evidence for acquired antimicrobial resistance in Mycobacterium tuberculosis at a large hospital in South India.",2000,
"Reslit",,"K527Q","rpoB","RNA polymerase beta subunit",,"rifampin","Mycobacterium tuberculosis","sequencing",,,11179917,"Genetic diversity and evidence for acquired antimicrobial resistance in Mycobacterium tuberculosis at a large hospital in South India.",2000,
"Reslit",,"G132D","pncA","pyrazinamidase",,"pyrazinamide","Mycobacterium tuberculosis","sequencing",,,11179917,"Genetic diversity and evidence for acquired antimicrobial resistance in Mycobacterium tuberculosis at a large hospital in South India.",2000,
"Reslit",,"H51R","pncA","pyrazinamidase",,"pyrazinamide","Mycobacterium tuberculosis","sequencing",,,11179917,"Genetic diversity and evidence for acquired antimicrobial resistance in Mycobacterium tuberculosis at a large hospital in South India.",2000,
"Reslit",,"T86I","gyrA","DNA gyrase subunit A",,"fluoroquinolones","Campylobacter jejuni","anchored SDA with specific reporters",,,11230433,"Antimicrobial resistance and bacterial identification utilizing a microelectronic chip array.",2001,
"Reslit",,"S84L","gyrA",,"reduced potency of ciprofloxacin","quinolones","Staphylococcus aureus","mutant strain construction and MIC testing","Mutations promoted from gene entry 'gyrA' (model emitted mutations_found inside genes).",,11257024,"Quinolone resistance in Staphylococci: activities of new nonfluorinated quinolones against molecular targets in whole cells and clinical isolates.",2001,"Staphylococcus aureus"
"Reslit",,"S80F","grlA",,"reduced the potency of ciprofloxacin","quinolones","Staphylococcus aureus","mutant strain construction and MIC testing","Mutations promoted from gene entry 'grlA' (model emitted mutations_found inside genes).",,11257024,"Quinolone resistance in Staphylococci: activities of new nonfluorinated quinolones against molecular targets in whole cells and clinical isolates.",2001,"Staphylococcus aureus"
"Reslit","A258C",,"gyrA","DNA gyrase subunit A",,"fluoroquinolones","Campylobacter jejuni","Cloning and sequencing",,,11266291,"Quinolone and macrolide resistance in Campylobacter jejuni and C. coli: resistance mechanisms and trends in human isolates.",2001,
"Reslit","A271T",,"gyrA","DNA gyrase subunit A",,"fluoroquinolones","Campylobacter jejuni","Cloning and sequencing",,,11266291,"Quinolone and macrolide resistance in Campylobacter jejuni and C. coli: resistance mechanisms and trends in human isolates.",2001,
"Reslit","G210A",,"gyrA","DNA gyrase subunit A",,"fluoroquinolones","Campylobacter jejuni","Cloning and sequencing",,,11266291,"Quinolone and macrolide resistance in Campylobacter jejuni and C. coli: resistance mechanisms and trends in human isolates.",2001,
"Reslit",,"L521P","rpoB","RNA polymerase beta subunit",,"rifampin","Mycobacterium bovis","sequencing",,,11353606,"Molecular basis of rifampin and isoniazid resistance in Mycobacterium bovis strains isolated in Sardinia, Italy.",2001,
"Reslit",,"L463R","katG","catalase-peroxidase",,"isoniazid","Mycobacterium bovis","sequencing",,,11353606,"Molecular basis of rifampin and isoniazid resistance in Mycobacterium bovis strains isolated in Sardinia, Italy.",2001,
"Reslit",,"S315T","katG","catalase-peroxidase",,"isoniazid","Mycobacterium bovis","sequencing",,,11353606,"Molecular basis of rifampin and isoniazid resistance in Mycobacterium bovis strains isolated in Sardinia, Italy.",2001,
"Reslit",,"E506K","katG","catalase-peroxidase",,"isoniazid","Mycobacterium bovis","sequencing",,,11353606,"Molecular basis of rifampin and isoniazid resistance in Mycobacterium bovis strains isolated in Sardinia, Italy.",2001,
"Reslit","C209T",,"inhA","enoyl-acyl carrier protein reductase",,"isoniazid","Mycobacterium bovis","sequencing",,,11353606,"Molecular basis of rifampin and isoniazid resistance in Mycobacterium bovis strains isolated in Sardinia, Italy.",2001,
"Reslit",,"S82L","gyrA","DNA gyrase A subunit",,"ciprofloxacin|levofloxacin|moxifloxacin|clinafloxacin","Bacteroides fragilis","sequencing and MIC determination","Mutations at position 82 (Ser82Leu) were associated with high-level resistance to all quinolones tested.",,11408211,"gyrA Mutations Associated with Quinolone Resistance in Bacteroides fragilis Group Strains.",2001,
"Reslit",,"T338P","pbp2x","penicillin-binding protein 2X",,"beta-lactam","Streptococcus mitis","sequencing","The resistant strain 127R shows a T-to-P change at position 338.",,11408226,"All detectable high-molecular-mass penicillin-binding proteins are modified in a high-level beta-lactam-resistant clinical isolate of Streptococcus mitis.",2001,
"Reslit",,"T446A","pbp2b","penicillin-binding protein 2B",,"beta-lactam","Streptococcus mitis","sequencing","The resistant strain 127R shows T446A and A619G changes in the transpeptidase domain.",,11408226,"All detectable high-molecular-mass penicillin-binding proteins are modified in a high-level beta-lactam-resistant clinical isolate of Streptococcus mitis.",2001,
"Reslit",,"A619G","pbp2b","penicillin-binding protein 2B",,"beta-lactam","Streptococcus mitis","sequencing","The resistant strain 127R shows T446A and A619G changes in the transpeptidase domain.",,11408226,"All detectable high-molecular-mass penicillin-binding proteins are modified in a high-level beta-lactam-resistant clinical isolate of Streptococcus mitis.",2001,
"Reslit",,"I358T","pbp1a","penicillin-binding protein 1A",,"beta-lactam","Streptococcus mitis","sequencing","The resistant strain 127R shows an I-to-T change at position 358 in the PB domain.",,11408226,"All detectable high-molecular-mass penicillin-binding proteins are modified in a high-level beta-lactam-resistant clinical isolate of Streptococcus mitis.",2001,
"Reslit",,"T83I","gyrA","DNA gyrase subunit A",,"moxifloxacin","Clostridium difficile","sequencing and MIC testing","Thirteen isolates showed the same nucleotide transition (ACT→ATT) resulting in a threonine→isoleucine change. In one isolate (1542), two nucleotide changes (ACT→GTT) resulted in a replacement of threonine by valine.",,11451695,"Resistance to moxifloxacin in toxigenic Clostridium difficile isolates is associated with mutations in gyrA.",2001,
"Reslit","G81A",,"gyrA","DNA gyrase A subunit",,"ciprofloxacin","Yersinia pestis","DNA sequencing and FRET-based assay","Mutant M1",,11574586,"Detection of Ciprofloxacin-Resistant Yersinia pestis by Fluorogenic PCR Using the LightCycler.",2001,"Yersinia pestis"
"Reslit",,"K42R","rpsL","ribosomal protein S12",,"streptomycin","Escherichia coli","electrospray MS and tandem MS/MS analysis",,,11600354,"Single ribosomal protein mutations in antibiotic-resistant bacteria analyzed by mass spectrometry.",2001,
"Reslit",,"S21P","rpsE","ribosomal protein S5",,"spectinomycin","Escherichia coli","electrospray MS and tandem MS/MS analysis",,,11600354,"Single ribosomal protein mutations in antibiotic-resistant bacteria analyzed by mass spectrometry.",2001,
"Reslit",,"S80F","grlA","DNA topoisomerase IV subunit A",,"ciprofloxacin","Staphylococcus aureus","sequencing of quinolone target genes",,,11600359,"Efficacies of moxifloxacin, ciprofloxacin, and vancomycin against experimental endocarditis due to methicillin-resistant Staphylococcus aureus expressing various degrees of ciprofloxacin resistance.",2001,
"Reslit",,"S85P","gyrA","DNA gyrase subunit A",,"ciprofloxacin","Staphylococcus aureus","sequencing of quinolone target genes",,,11600359,"Efficacies of moxifloxacin, ciprofloxacin, and vancomycin against experimental endocarditis due to methicillin-resistant Staphylococcus aureus expressing various degrees of ciprofloxacin resistance.",2001,
"Reslit",,"S83L","gyrA","DNA gyrase subunit",,"ciprofloxacin|ofloxacin|nalidixic acid","Escherichia coli","PCR and sequencing","Single point mutations in gyrA are associated with reduced susceptibility to fluoroquinolones.",,11600360,"Emergence of reduced susceptibility and resistance to fluoroquinolones in Escherichia coli in Taiwan and contributions of distinct selective pressures.",2001,
"Reslit",,"D87N","parC","topoisomerase IV subunit",,"ciprofloxacin|ofloxacin|nalidixic acid","Escherichia coli","PCR and sequencing","Single point mutations in parC are associated with reduced susceptibility to fluoroquinolones.",,11600360,"Emergence of reduced susceptibility and resistance to fluoroquinolones in Escherichia coli in Taiwan and contributions of distinct selective pressures.",2001,
"Reslit",,"S83L","gyrA","DNA gyrase subunit A",,"nalidixic acid","Escherichia coli","molecular epidemiological characterisation","Mutations in gyrA alone or in combination with parC were linked to nalidixic acid resistance.",,11699598,"Susceptibility patterns of enteroaggregative Escherichia coli associated with traveller's diarrhoea: emergence of quinolone resistance.",2001,
"Reslit",,"D107E","gyrA","DNA gyrase subunit A",,"nalidixic acid","Escherichia coli","molecular epidemiological characterisation","Mutations in gyrA alone or in combination with parC were linked to nalidixic acid resistance.",,11699598,"Susceptibility patterns of enteroaggregative Escherichia coli associated with traveller's diarrhoea: emergence of quinolone resistance.",2001,
"Reslit",,"S80I","parC","DNA topoisomerase IV subunit C",,"nalidixic acid","Escherichia coli","molecular epidemiological characterisation","Mutations in parC were linked to nalidixic acid resistance.",,11699598,"Susceptibility patterns of enteroaggregative Escherichia coli associated with traveller's diarrhoea: emergence of quinolone resistance.",2001,
"Reslit",,"S80F","grlA","topoisomerase IV subunit A",,"quinolones","Staphylococcus aureus","selection with norfloxacin",,,11709337,"Target preference of 15 quinolones against Staphylococcus aureus, based on antibacterial activities and target inhibition.",2001,
"Reslit",,"S84L","gyrA","DNA gyrase subunit A",,"quinolones","Staphylococcus aureus","selection with nadifloxacin",,,11709337,"Target preference of 15 quinolones against Staphylococcus aureus, based on antibacterial activities and target inhibition.",2001,
"Reslit",,"S80F","grlA","topoisomerase IV subunit",,"fluoroquinolones","Staphylococcus aureus","MIC and time-kill studies",,,11751133,"Bactericidal activities of BMS-284756, a novel Des-F(6)-quinolone, against Staphylococcus aureus strains with topoisomerase mutations.",2002,
"Reslit",,"S84L","gyrA","DNA gyrase subunit",,"fluoroquinolones","Staphylococcus aureus","MIC and time-kill studies",,,11751133,"Bactericidal activities of BMS-284756, a novel Des-F(6)-quinolone, against Staphylococcus aureus strains with topoisomerase mutations.",2002,
"Reslit",,"D516V","rpoB","RNA polymerase B subunit",,"rifampin","Mycobacterium tuberculosis","sequencing",,,11796356,"Molecular characterization of multidrug-resistant isolates of Mycobacterium tuberculosis from patients in North India.",2002,
"Reslit",,"R463L","katG","catalase-peroxidase",,"isoniazid","Mycobacterium tuberculosis","sequencing",,,11796356,"Molecular characterization of multidrug-resistant isolates of Mycobacterium tuberculosis from patients in North India.",2002,
"Reslit",,"S95T","gyrA","DNA gyrase A subunit",,"ofloxacin","Mycobacterium tuberculosis","sequencing",,,11796356,"Molecular characterization of multidrug-resistant isolates of Mycobacterium tuberculosis from patients in North India.",2002,
"Reslit",,"K121K","rpsL","ribosomal protein S12",,"streptomycin","Mycobacterium tuberculosis","sequencing",,,11796356,"Molecular characterization of multidrug-resistant isolates of Mycobacterium tuberculosis from patients in North India.",2002,
"Reslit","T294C",,"blaP99","class C β-lactamase",,"cefepime|ceftazidime","Enterobacter cloacae","kinetic analysis and MIC testing","The wild-type blaP99 gene confers resistance to a wide range of β-lactams but not to cefepime.",,12019116,"Mutational Replacement of Leu-293 in the Class C Enterobacter cloacae P99 β-Lactamase Confers Increased MIC of Cefepime.",2002,"Enterobacter cloacae P99"
"Reslit","T294C",,"blaP99","class C β-lactamase",,"cefepime|ceftazidime","Escherichia coli","kinetic analysis and MIC testing","The wild-type blaP99 gene confers resistance to a wide range of β-lactams but not to cefepime.",,12019116,"Mutational Replacement of Leu-293 in the Class C Enterobacter cloacae P99 β-Lactamase Confers Increased MIC of Cefepime.",2002,"Enterobacter cloacae P99"
"Reslit",,"G20S","blaOXY-2","beta-lactamase","enhanced hydrolytic activity against monobactams",,"Klebsiella oxytoca","sequence analysis","The promoter region mutations enhance hydrolytic activity against monobactams.",,12019142,"The extended-spectrum K1 beta-lactamase from Klebsiella oxytoca SC 10,436 is a member of the bla(OXY-2) family of chromosomal Klebsiella enzymes.",2002,"chromosomal"
"Reslit",,"D197N","blaOXY-2","beta-lactamase","enhanced hydrolytic activity against monobactams",,"Klebsiella oxytoca","sequence analysis","The promoter region mutations enhance hydrolytic activity against monobactams.",,12019142,"The extended-spectrum K1 beta-lactamase from Klebsiella oxytoca SC 10,436 is a member of the bla(OXY-2) family of chromosomal Klebsiella enzymes.",2002,"chromosomal"
"Reslit","C531T",,"rpoB","β subunit of RNA polymerase",,"rifampin","Mycobacterium tuberculosis","Inno-LiPA Rif. TB test","The 531 TCG→TTG mutation was predominant among strains of the Beijing genotype.",,12037045,"Spread of Drug-Resistant Mycobacterium tuberculosis Strains of the Beijing Genotype in the Archangel Oblast, Russia.",2002,
"Reslit",,"T338A","pbp2x","penicillin-binding protein 2X",,"amoxicillin","Streptococcus pneumoniae","DNA sequence analysis",,,12121904,"Analysis of penicillin-binding protein genes of clinical isolates of Streptococcus pneumoniae with reduced susceptibility to amoxicillin.",2002,
"Reslit",,"Q633E","pbp2x","penicillin-binding protein 2X",,"amoxicillin","Streptococcus pneumoniae","DNA sequence analysis",,,12121904,"Analysis of penicillin-binding protein genes of clinical isolates of Streptococcus pneumoniae with reduced susceptibility to amoxicillin.",2002,
"Reslit",,"M339F","pbp2x","penicillin-binding protein 2X",,"cefotaxime","Streptococcus pneumoniae","DNA sequence analysis",,,12121904,"Analysis of penicillin-binding protein genes of clinical isolates of Streptococcus pneumoniae with reduced susceptibility to amoxicillin.",2002,
"Reslit",,"I366M","pbp2x","penicillin-binding protein 2X",,"cefotaxime","Streptococcus pneumoniae","DNA sequence analysis",,,12121904,"Analysis of penicillin-binding protein genes of clinical isolates of Streptococcus pneumoniae with reduced susceptibility to amoxicillin.",2002,
"Reslit",,"M400T","pbp2x","penicillin-binding protein 2X",,"cefotaxime","Streptococcus pneumoniae","DNA sequence analysis",,,12121904,"Analysis of penicillin-binding protein genes of clinical isolates of Streptococcus pneumoniae with reduced susceptibility to amoxicillin.",2002,
"Reslit",,"T445A","pbp2b","penicillin-binding protein 2B",,"amoxicillin","Streptococcus pneumoniae","DNA sequence analysis",,,12121904,"Analysis of penicillin-binding protein genes of clinical isolates of Streptococcus pneumoniae with reduced susceptibility to amoxicillin.",2002,
"Reslit",,"T598R","pbp2b","penicillin-binding protein 2B",,"amoxicillin","Streptococcus pneumoniae","DNA sequence analysis",,,12121904,"Analysis of penicillin-binding protein genes of clinical isolates of Streptococcus pneumoniae with reduced susceptibility to amoxicillin.",2002,
"Reslit",,"T599Q","pbp2b","penicillin-binding protein 2B",,"amoxicillin","Streptococcus pneumoniae","DNA sequence analysis",,,12121904,"Analysis of penicillin-binding protein genes of clinical isolates of Streptococcus pneumoniae with reduced susceptibility to amoxicillin.",2002,
"Reslit",,"T371S","pbp1a","penicillin-binding protein 1A",,"amoxicillin","Streptococcus pneumoniae","DNA sequence analysis",,,12121904,"Analysis of penicillin-binding protein genes of clinical isolates of Streptococcus pneumoniae with reduced susceptibility to amoxicillin.",2002,
"Reslit",,"V408L","pbp1a","penicillin-binding protein 1A",,"amoxicillin","Streptococcus pneumoniae","DNA sequence analysis",,,12121904,"Analysis of penicillin-binding protein genes of clinical isolates of Streptococcus pneumoniae with reduced susceptibility to amoxicillin.",2002,
"Reslit",,"R413H","pbp1a","penicillin-binding protein 1A",,"amoxicillin","Streptococcus pneumoniae","DNA sequence analysis",,,12121904,"Analysis of penicillin-binding protein genes of clinical isolates of Streptococcus pneumoniae with reduced susceptibility to amoxicillin.",2002,
"Reslit",,"L421I","pbp1a","penicillin-binding protein 1A",,"amoxicillin","Streptococcus pneumoniae","DNA sequence analysis",,,12121904,"Analysis of penicillin-binding protein genes of clinical isolates of Streptococcus pneumoniae with reduced susceptibility to amoxicillin.",2002,
"Reslit",,"V518A","pbp1a","penicillin-binding protein 1A",,"amoxicillin","Streptococcus pneumoniae","DNA sequence analysis",,,12121904,"Analysis of penicillin-binding protein genes of clinical isolates of Streptococcus pneumoniae with reduced susceptibility to amoxicillin.",2002,
"Reslit",,"T543I","pbp1a","penicillin-binding protein 1A",,"amoxicillin","Streptococcus pneumoniae","DNA sequence analysis",,,12121904,"Analysis of penicillin-binding protein genes of clinical isolates of Streptococcus pneumoniae with reduced susceptibility to amoxicillin.",2002,
"Reslit",,"H571Y","pbp1a","penicillin-binding protein 1A",,"amoxicillin","Streptococcus pneumoniae","DNA sequence analysis",,,12121904,"Analysis of penicillin-binding protein genes of clinical isolates of Streptococcus pneumoniae with reduced susceptibility to amoxicillin.",2002,
"Reslit",,"I572V","pbp1a","penicillin-binding protein 1A",,"amoxicillin","Streptococcus pneumoniae","DNA sequence analysis",,,12121904,"Analysis of penicillin-binding protein genes of clinical isolates of Streptococcus pneumoniae with reduced susceptibility to amoxicillin.",2002,
"Reslit",,"S83I","gyrA","DNA gyrase A subunit",,"norfloxacin|ciprofloxacin|sparfloxacin|ofloxacin","Vibrio cholerae","PCR and sequencing","Mutations in gyrA are associated with fluoroquinolone resistance",,12121955,"Role of active efflux in association with target gene mutations in fluoroquinolone resistance in clinical isolates of Vibrio cholerae.",2002,
"Reslit",,"Y100D","gyrA","DNA gyrase A subunit",,"norfloxacin|ciprofloxacin|sparfloxacin|ofloxacin","Vibrio cholerae","PCR and sequencing","Mutations in gyrA are associated with fluoroquinolone resistance",,12121955,"Role of active efflux in association with target gene mutations in fluoroquinolone resistance in clinical isolates of Vibrio cholerae.",2002,
"Reslit",,"S85L","parC","Topoisomerase IV subunit C",,"norfloxacin|ciprofloxacin|sparfloxacin|ofloxacin","Vibrio cholerae","PCR and sequencing","Mutation in parC is associated with fluoroquinolone resistance",,12121955,"Role of active efflux in association with target gene mutations in fluoroquinolone resistance in clinical isolates of Vibrio cholerae.",2002,
"Reslit","C2611T",,"rrl","23S rRNA",,"erythromycin|azithromycin","Neisseria gonorrhoeae","DNA sequencing","The mutation was found in alleles 1, 2, and 4 of the 23S rRNA gene.",,12183262,"Mutation in 23S rRNA associated with macrolide resistance in Neisseria gonorrhoeae.",2002,
"Reslit","C-11T",,"ampC","beta-lactamase","increasing resistance",,"Escherichia coli","promoter strength assessment","creates a perfect homology with the -10 consensus sequence",,12234856,"-11 Mutation in the ampC promoter increasing resistance to beta-lactams in a clinical Escherichia coli strain.",2002,"clinical"
"Reslit",,"H481N","rpoB","RNA polymerase beta subunit",,"rifampin","Staphylococcus aureus","partial DNA sequencing of the rpoB gene","Mutations in rpoB confer rifampin resistance",,12384339,"Biological cost of rifampin resistance from the perspective of Staphylococcus aureus.",2002,
"Reslit",,"D71V","gyrA","DNA gyrase subunit A",,"Ciprofloxacin|Moxifloxacin","Clostridium difficile","sequencing",,,12384345,"gyrA and gyrB Mutations Are Implicated in Cross-Resistance to Ciprofloxacin and Moxifloxacin in Clostridium difficile.",2002,
"Reslit",,"T82I","gyrA","DNA gyrase subunit A",,"Ciprofloxacin|Moxifloxacin","Clostridium difficile","sequencing",,,12384345,"gyrA and gyrB Mutations Are Implicated in Cross-Resistance to Ciprofloxacin and Moxifloxacin in Clostridium difficile.",2002,
"Reslit",,"A118T","gyrA","DNA gyrase subunit A",,"Ciprofloxacin|Moxifloxacin","Clostridium difficile","sequencing",,,12384345,"gyrA and gyrB Mutations Are Implicated in Cross-Resistance to Ciprofloxacin and Moxifloxacin in Clostridium difficile.",2002,
"Reslit",,"D426N","gyrB","DNA gyrase subunit B",,"Ciprofloxacin|Moxifloxacin","Clostridium difficile","sequencing",,,12384345,"gyrA and gyrB Mutations Are Implicated in Cross-Resistance to Ciprofloxacin and Moxifloxacin in Clostridium difficile.",2002,
"Reslit",,"R447L","gyrB","DNA gyrase subunit B",,"Ciprofloxacin|Moxifloxacin","Clostridium difficile","sequencing",,,12384345,"gyrA and gyrB Mutations Are Implicated in Cross-Resistance to Ciprofloxacin and Moxifloxacin in Clostridium difficile.",2002,
"Reslit","C929A","R244S","bla TEM-30","beta-lactamase",,"amoxicillin|ticarcillin","Escherichia coli","sequencing","Mutation in the coding region leads to inhibitor resistance.",,12384395,"Phenotype and molecular characterization of the first inhibitor-resistant TEM-derived beta-lactamase identified in Portugal.",2002,
"Reslit",,"G238A","blaSHV-1","beta-lactamase","conferred the most resistance to penicillins and cephalosporins","penicillins|cephalosporins","Escherichia coli","site saturation mutagenesis","Mutations at Ambler position Gly238 in SHV-1 beta-lactamase confer resistance to penicillins and cephalosporins.",,12435703,"Amino acid substitutions at Ambler position Gly238 in the SHV-1 beta-lactamase: exploring sequence requirements for resistance to penicillins and cephalosporins.",2002,"SHV-1 beta-lactamase"
"Reslit",,"G238S","blaSHV-1","beta-lactamase","conferred resistance to penicillins and cephalosporins","penicillins|cephalosporins","Escherichia coli","site saturation mutagenesis","Mutations at Ambler position Gly238 in SHV-1 beta-lactamase confer resistance to penicillins and cephalosporins.",,12435703,"Amino acid substitutions at Ambler position Gly238 in the SHV-1 beta-lactamase: exploring sequence requirements for resistance to penicillins and cephalosporins.",2002,"SHV-1 beta-lactamase"
"Reslit",,"G238P","blaSHV-1","beta-lactamase","demonstrated lower levels of resistance","penicillins|cephalosporins","Escherichia coli","site saturation mutagenesis","Mutations at Ambler position Gly238 in SHV-1 beta-lactamase confer resistance to penicillins and cephalosporins.",,12435703,"Amino acid substitutions at Ambler position Gly238 in the SHV-1 beta-lactamase: exploring sequence requirements for resistance to penicillins and cephalosporins.",2002,"SHV-1 beta-lactamase"
"Reslit",,"G238C","blaSHV-1","beta-lactamase","demonstrated lower levels of resistance","penicillins|cephalosporins","Escherichia coli","site saturation mutagenesis","Mutations at Ambler position Gly238 in SHV-1 beta-lactamase confer resistance to penicillins and cephalosporins.",,12435703,"Amino acid substitutions at Ambler position Gly238 in the SHV-1 beta-lactamase: exploring sequence requirements for resistance to penicillins and cephalosporins.",2002,"SHV-1 beta-lactamase"
"Reslit",,"G238Q","blaSHV-1","beta-lactamase","demonstrated lower levels of resistance","penicillins|cephalosporins","Escherichia coli","site saturation mutagenesis","Mutations at Ambler position Gly238 in SHV-1 beta-lactamase confer resistance to penicillins and cephalosporins.",,12435703,"Amino acid substitutions at Ambler position Gly238 in the SHV-1 beta-lactamase: exploring sequence requirements for resistance to penicillins and cephalosporins.",2002,"SHV-1 beta-lactamase"
"Reslit",,"G238D","blaSHV-1","beta-lactamase","demonstrated lower levels of resistance","penicillins|cephalosporins","Escherichia coli","site saturation mutagenesis","Mutations at Ambler position Gly238 in SHV-1 beta-lactamase confer resistance to penicillins and cephalosporins.",,12435703,"Amino acid substitutions at Ambler position Gly238 in the SHV-1 beta-lactamase: exploring sequence requirements for resistance to penicillins and cephalosporins.",2002,"SHV-1 beta-lactamase"
"Reslit",,"L83F","gyrA","DNA gyrase subunit A",,"nalidixic acid|ciprofloxacin","Escherichia coli","nucleotide sequencing","Mutation in the quinolone resistance-determining region",,12450802,"A multiresistant clone of Shiga toxin-producing Escherichia coli O118:[H16] is spread in cattle and humans over different European countries.",2002,
"Reslit",,"L83F","gyrA","DNA gyrase subunit A",,"nalidixic acid|ciprofloxacin","Salmonella typhimurium","nucleotide sequencing","Mutation in the quinolone resistance-determining region",,12450802,"A multiresistant clone of Shiga toxin-producing Escherichia coli O118:[H16] is spread in cattle and humans over different European countries.",2002,
"Reslit",,"G184S","ddl","d-Ala:d-Ala ligase","impaired","vancomycin","Enterococcus faecium","PCR and sequencing","Frameshift mutation in vanY D gene leads to truncated protein.",,12499162,"VanD-Type Vancomycin-Resistant Enterococcus faecium 10/96A.",2003,"Enterococcus faecium 10/96A"
"Reslit","A2058G",,"erm(A)","erythromycin resistance methylase",,"azithromycin|clarithromycin","Haemophilus influenzae","PCR and sequencing",,,12604536,"Effects of an Efflux Mechanism and Ribosomal Mutations on Macrolide Susceptibility of Haemophilus influenzae Clinical Isolates.",2003,
"Reslit","A2058G",,"erm(B)","erythromycin resistance methylase",,"azithromycin|clarithromycin","Haemophilus influenzae","PCR and sequencing",,,12604536,"Effects of an Efflux Mechanism and Ribosomal Mutations on Macrolide Susceptibility of Haemophilus influenzae Clinical Isolates.",2003,
"Reslit",,"G65D","mef(A)","macrolide efflux transporter",,"azithromycin|clarithromycin","Haemophilus influenzae","PCR and sequencing",,,12604536,"Effects of an Efflux Mechanism and Ribosomal Mutations on Macrolide Susceptibility of Haemophilus influenzae Clinical Isolates.",2003,"Haemophilus influenzae"
"Reslit",,"K61Q","mef(A)","macrolide efflux transporter",,"azithromycin|clarithromycin","Haemophilus influenzae","PCR and sequencing",,,12604536,"Effects of an Efflux Mechanism and Ribosomal Mutations on Macrolide Susceptibility of Haemophilus influenzae Clinical Isolates.",2003,"Haemophilus influenzae"
"Reslit",,"T64K","mef(A)","macrolide efflux transporter",,"azithromycin|clarithromycin","Haemophilus influenzae","PCR and sequencing",,,12604536,"Effects of an Efflux Mechanism and Ribosomal Mutations on Macrolide Susceptibility of Haemophilus influenzae Clinical Isolates.",2003,"Haemophilus influenzae"
"Reslit",,"A69S","mef(A)","macrolide efflux transporter",,"azithromycin|clarithromycin","Haemophilus influenzae","PCR and sequencing",,,12604536,"Effects of an Efflux Mechanism and Ribosomal Mutations on Macrolide Susceptibility of Haemophilus influenzae Clinical Isolates.",2003,"Haemophilus influenzae"
"Reslit",,"T82I","mef(A)","macrolide efflux transporter",,"azithromycin|clarithromycin","Haemophilus influenzae","PCR and sequencing",,,12604536,"Effects of an Efflux Mechanism and Ribosomal Mutations on Macrolide Susceptibility of Haemophilus influenzae Clinical Isolates.",2003,"Haemophilus influenzae"
"Reslit",,"S416F","rpoB","DNA-dependent RNA polymerase beta subunit",,"rifampin","Mycobacterium ulcerans","sequencing",,,12654651,"Isolation of three Mycobacterium ulcerans strains resistant to rifampin after experimental chemotherapy of mice.",2003,
"Reslit",,"H420Y","rpoB","DNA-dependent RNA polymerase beta subunit",,"rifampin","Mycobacterium ulcerans","sequencing",,,12654651,"Isolation of three Mycobacterium ulcerans strains resistant to rifampin after experimental chemotherapy of mice.",2003,
"Reslit",,"S531L","rpoB","RNA polymerase beta subunit",,"rifampin","Mycobacterium tuberculosis","experimental validation","Mutations in rpoB gene associated with rifampin resistance",,12682139,"Drug-susceptible Mycobacterium tuberculosis Beijing genotype does not develop mutation-conferred resistance to rifampin at an elevated rate.",2003,
"Reslit",,"S81F","gyrA","DNA gyrase A subunit",,"levofloxacin","Streptococcus pneumoniae","sequencing",,,12791865,"Genetic relatedness of levofloxacin-nonsusceptible Streptococcus pneumoniae isolates from North America.",2003,
"Reslit",,"S79F","parC","topoisomerase IV subunit C",,"levofloxacin","Streptococcus pneumoniae","sequencing",,,12791865,"Genetic relatedness of levofloxacin-nonsusceptible Streptococcus pneumoniae isolates from North America.",2003,
"Reslit",,"S79Y","parC","topoisomerase IV subunit C",,"levofloxacin","Streptococcus pneumoniae","sequencing",,,12791865,"Genetic relatedness of levofloxacin-nonsusceptible Streptococcus pneumoniae isolates from North America.",2003,
"Reslit",,"S80P","parC","topoisomerase IV subunit C",,"levofloxacin","Streptococcus pneumoniae","sequencing",,,12791865,"Genetic relatedness of levofloxacin-nonsusceptible Streptococcus pneumoniae isolates from North America.",2003,
"Reslit",,"D83Y","parC","topoisomerase IV subunit C",,"levofloxacin","Streptococcus pneumoniae","sequencing",,,12791865,"Genetic relatedness of levofloxacin-nonsusceptible Streptococcus pneumoniae isolates from North America.",2003,
"Reslit",,"P167S","blaA","class A beta-lactamase",,"ceftazidime","Burkholderia pseudomallei","sequence analysis",,,12821450,"Burkholderia pseudomallei class a beta-lactamase mutations that confer selective resistance against ceftazidime or clavulanic acid inhibition.",2003,"clinical isolates"
"Reslit","G-28A",,"ampC","beta-lactamase",,"cefoxitin|cefazolin|ampicillin|cefotaxime|ceftazidime|ceftriaxone","Escherichia coli","Northern blot hybridization",,,12821459,"High-level expression of ampC beta-lactamase due to insertion of nucleotides between -10 and -35 promoter sequences in Escherichia coli clinical isolates: cases not responsive to extended-spectrum-cephalosporin treatment.",2003,"clinical isolates"
"Reslit","C58T",,"ampC","beta-lactamase",,"cefoxitin|cefazolin|ampicillin|cefotaxime|ceftazidime|ceftriaxone","Escherichia coli","Northern blot hybridization",,,12821459,"High-level expression of ampC beta-lactamase due to insertion of nucleotides between -10 and -35 promoter sequences in Escherichia coli clinical isolates: cases not responsive to extended-spectrum-cephalosporin treatment.",2003,"clinical isolates"
"Reslit",,"S79Y","parC","DNA topoisomerase IV subunit",,"levofloxacin","Streptococcus pneumoniae","PCR and DNA sequencing","Mutations in parC contribute to levofloxacin resistance",,12878509,"Cefotaxime Acts Synergistically with Levofloxacin in Experimental Meningitis Due to Penicillin-Resistant Pneumococci and Prevents Selection of Levofloxacin-Resistant Mutants In Vitro.",2003,
"Reslit",,"S79Y","parC","DNA topoisomerase IV subunit",,"levofloxacin","Streptococcus pneumoniae","PCR and DNA sequencing","Mutations in parC contribute to levofloxacin resistance",,12878509,"Cefotaxime Acts Synergistically with Levofloxacin in Experimental Meningitis Due to Penicillin-Resistant Pneumococci and Prevents Selection of Levofloxacin-Resistant Mutants In Vitro.",2003,
"Reslit",,"K137N","parC","DNA topoisomerase IV subunit",,"levofloxacin","Streptococcus pneumoniae","PCR and DNA sequencing","Mutations in parC contribute to levofloxacin resistance",,12878509,"Cefotaxime Acts Synergistically with Levofloxacin in Experimental Meningitis Due to Penicillin-Resistant Pneumococci and Prevents Selection of Levofloxacin-Resistant Mutants In Vitro.",2003,
"Reslit",,"K137N","parC","DNA topoisomerase IV subunit",,"levofloxacin","Streptococcus pneumoniae","PCR and DNA sequencing","Mutations in parC contribute to levofloxacin resistance",,12878509,"Cefotaxime Acts Synergistically with Levofloxacin in Experimental Meningitis Due to Penicillin-Resistant Pneumococci and Prevents Selection of Levofloxacin-Resistant Mutants In Vitro.",2003,
"Reslit",,"D83Y","parC","DNA topoisomerase IV subunit",,"levofloxacin","Streptococcus pneumoniae","PCR and DNA sequencing","Mutations in parC contribute to levofloxacin resistance",,12878509,"Cefotaxime Acts Synergistically with Levofloxacin in Experimental Meningitis Due to Penicillin-Resistant Pneumococci and Prevents Selection of Levofloxacin-Resistant Mutants In Vitro.",2003,
"Reslit",,"D83Y","parC","DNA topoisomerase IV subunit",,"levofloxacin","Streptococcus pneumoniae","PCR and DNA sequencing","Mutations in parC contribute to levofloxacin resistance",,12878509,"Cefotaxime Acts Synergistically with Levofloxacin in Experimental Meningitis Due to Penicillin-Resistant Pneumococci and Prevents Selection of Levofloxacin-Resistant Mutants In Vitro.",2003,
"Reslit",,"E85K","gyrA","DNA gyrase subunit A",,"levofloxacin","Streptococcus pneumoniae","PCR and DNA sequencing","Mutations in gyrA contribute to levofloxacin resistance",,12878509,"Cefotaxime Acts Synergistically with Levofloxacin in Experimental Meningitis Due to Penicillin-Resistant Pneumococci and Prevents Selection of Levofloxacin-Resistant Mutants In Vitro.",2003,
"Reslit",,"E85K","gyrA","DNA gyrase subunit A",,"levofloxacin","Streptococcus pneumoniae","PCR and DNA sequencing","Mutations in gyrA contribute to levofloxacin resistance",,12878509,"Cefotaxime Acts Synergistically with Levofloxacin in Experimental Meningitis Due to Penicillin-Resistant Pneumococci and Prevents Selection of Levofloxacin-Resistant Mutants In Vitro.",2003,
"Reslit",,"P162T","gyrA","DNA gyrase subunit A",,"levofloxacin","Streptococcus pneumoniae","PCR and DNA sequencing","Mutations in gyrA contribute to levofloxacin resistance",,12878509,"Cefotaxime Acts Synergistically with Levofloxacin in Experimental Meningitis Due to Penicillin-Resistant Pneumococci and Prevents Selection of Levofloxacin-Resistant Mutants In Vitro.",2003,
"Reslit",,"P162T","gyrA","DNA gyrase subunit A",,"levofloxacin","Streptococcus pneumoniae","PCR and DNA sequencing","Mutations in gyrA contribute to levofloxacin resistance",,12878509,"Cefotaxime Acts Synergistically with Levofloxacin in Experimental Meningitis Due to Penicillin-Resistant Pneumococci and Prevents Selection of Levofloxacin-Resistant Mutants In Vitro.",2003,
"Reslit",,"R164W","blaROB-1","β-lactamase","increased resistance to extended-spectrum cephalosporins and β-lactam-β-lactamase inhibitor combinations","cefotaxime|amoxicillin-clavulanate","Escherichia coli","serial passage experiments","Mutations in blaROB-1 confer resistance to cefotaxime and amoxicillin-clavulanate, but decrease cefaclor hydrolysis.",,12878518,"Haemophilus influenzae blaROB-1 Mutations in Hypermutagenic ΔampC Escherichia coli Conferring Resistance to Cefotaxime and β-Lactamase Inhibitors and Increased Susceptibility to Cefaclor.",2003,"Haemophilus influenzae"
"Reslit",,"L169S","blaROB-1","β-lactamase","increased resistance to extended-spectrum cephalosporins","cefotaxime","Escherichia coli","serial passage experiments","Mutations in blaROB-1 confer resistance to cefotaxime and amoxicillin-clavulanate, but decrease cefaclor hydrolysis.",,12878518,"Haemophilus influenzae blaROB-1 Mutations in Hypermutagenic ΔampC Escherichia coli Conferring Resistance to Cefotaxime and β-Lactamase Inhibitors and Increased Susceptibility to Cefaclor.",2003,"Haemophilus influenzae"
"Reslit",,"A237T","blaROB-1","β-lactamase","increased resistance to extended-spectrum cephalosporins and β-lactam-β-lactamase inhibitor combinations","cefotaxime|amoxicillin-clavulanate","Escherichia coli","serial passage experiments","Mutations in blaROB-1 confer resistance to cefotaxime and amoxicillin-clavulanate, but decrease cefaclor hydrolysis.",,12878518,"Haemophilus influenzae blaROB-1 Mutations in Hypermutagenic ΔampC Escherichia coli Conferring Resistance to Cefotaxime and β-Lactamase Inhibitors and Increased Susceptibility to Cefaclor.",2003,"Haemophilus influenzae"
"Reslit",,"S79F","parC","DNA topoisomerase IV subunit",,"levofloxacin","Streptococcus pneumoniae","sequencing",,,12890324,"Antimicrobial susceptibility breakpoints and first-step parC mutations in Streptococcus pneumoniae: redefining fluoroquinolone resistance.",2003,
"Reslit","A445G","N149D","rplC","ribosomal protein L3",,"tiamulin","Escherichia coli","complementation experiments and sequencing of transductants","The mutation in ribosomal protein L3 confers tiamulin resistance by altering the drug-binding site.",,12936991,"Resistance to the Peptidyl Transferase Inhibitor Tiamulin Caused by Mutation of Ribosomal Protein L3.",2003,
"Reslit",,"S83L","gyrA","DNA gyrase subunit A","mutations in gyrA confer resistance to fluoroquinolones","norfloxacin|ciprofloxacin","Escherichia coli","DNA sequencing",,,14506034,"Mutation rate and evolution of fluoroquinolone resistance in Escherichia coli isolates from patients with urinary tract infections.",2003,"Escherichia coli"
"Reslit","TCA -> ATA","S80I","parC","DNA topoisomerase IV subunit A",,"norfloxacin|ciprofloxacin","Escherichia coli","DNA sequencing",,,14506034,"Mutation rate and evolution of fluoroquinolone resistance in Escherichia coli isolates from patients with urinary tract infections.",2003,
"Reslit","GAA -> AAG","E84K","parC","DNA topoisomerase IV subunit A",,"norfloxacin|ciprofloxacin","Escherichia coli","DNA sequencing",,,14506034,"Mutation rate and evolution of fluoroquinolone resistance in Escherichia coli isolates from patients with urinary tract infections.",2003,
"Reslit","ATA -> TTC","I444F","parE","DNA topoisomerase IV subunit B",,"norfloxacin|ciprofloxacin","Escherichia coli","DNA sequencing",,,14506034,"Mutation rate and evolution of fluoroquinolone resistance in Escherichia coli isolates from patients with urinary tract infections.",2003,
"Reslit","TCA -> ACC","S458T","parE","DNA topoisomerase IV subunit B",,"norfloxacin|ciprofloxacin","Escherichia coli","DNA sequencing",,,14506034,"Mutation rate and evolution of fluoroquinolone resistance in Escherichia coli isolates from patients with urinary tract infections.",2003,
"Reslit","T477A","D475E","parE","DNA topoisomerase IV subunit B",,"norfloxacin|ciprofloxacin","Escherichia coli","DNA sequencing",,,14506034,"Mutation rate and evolution of fluoroquinolone resistance in Escherichia coli isolates from patients with urinary tract infections.",2003,
"Reslit","A529C","I529L","parE","DNA topoisomerase IV subunit B",,"norfloxacin|ciprofloxacin","Escherichia coli","DNA sequencing",,,14506034,"Mutation rate and evolution of fluoroquinolone resistance in Escherichia coli isolates from patients with urinary tract infections.",2003,
"Reslit","A63G","K62R","acrR","repressor of the acrAB-TolC efflux pump",,"norfloxacin|ciprofloxacin","Escherichia coli","DNA sequencing",,,14506034,"Mutation rate and evolution of fluoroquinolone resistance in Escherichia coli isolates from patients with urinary tract infections.",2003,
"Reslit","G79A","V79I","acrR","repressor of the acrAB-TolC efflux pump",,"norfloxacin|ciprofloxacin","Escherichia coli","DNA sequencing",,,14506034,"Mutation rate and evolution of fluoroquinolone resistance in Escherichia coli isolates from patients with urinary tract infections.",2003,
"Reslit","T47G","C47G","acrR","repressor of the acrAB-TolC efflux pump",,"norfloxacin|ciprofloxacin","Escherichia coli","DNA sequencing",,,14506034,"Mutation rate and evolution of fluoroquinolone resistance in Escherichia coli isolates from patients with urinary tract infections.",2003,
"Reslit","C6A","T5N","acrR","repressor of the acrAB-TolC efflux pump",,"norfloxacin|ciprofloxacin","Escherichia coli","DNA sequencing",,,14506034,"Mutation rate and evolution of fluoroquinolone resistance in Escherichia coli isolates from patients with urinary tract infections.",2003,
"Reslit","A16T","I16F","acrR","repressor of the acrAB-TolC efflux pump",,"norfloxacin|ciprofloxacin","Escherichia coli","DNA sequencing",,,14506034,"Mutation rate and evolution of fluoroquinolone resistance in Escherichia coli isolates from patients with urinary tract infections.",2003,
"Reslit","T24C","F24L","acrR","repressor of the acrAB-TolC efflux pump",,"norfloxacin|ciprofloxacin","Escherichia coli","DNA sequencing",,,14506034,"Mutation rate and evolution of fluoroquinolone resistance in Escherichia coli isolates from patients with urinary tract infections.",2003,
"Reslit","T25C","S25P","acrR","repressor of the acrAB-TolC efflux pump",,"norfloxacin|ciprofloxacin","Escherichia coli","DNA sequencing",,,14506034,"Mutation rate and evolution of fluoroquinolone resistance in Escherichia coli isolates from patients with urinary tract infections.",2003,
"Reslit","A62T","I62F","acrR","repressor of the acrAB-TolC efflux pump",,"norfloxacin|ciprofloxacin","Escherichia coli","DNA sequencing",,,14506034,"Mutation rate and evolution of fluoroquinolone resistance in Escherichia coli isolates from patients with urinary tract infections.",2003,
"Reslit","G125A","V125I","acrR","repressor of the acrAB-TolC efflux pump",,"norfloxacin|ciprofloxacin","Escherichia coli","DNA sequencing",,,14506034,"Mutation rate and evolution of fluoroquinolone resistance in Escherichia coli isolates from patients with urinary tract infections.",2003,
"Reslit","A147C","K146T","acrR","repressor of the acrAB-TolC efflux pump",,"norfloxacin|ciprofloxacin","Escherichia coli","DNA sequencing",,,14506034,"Mutation rate and evolution of fluoroquinolone resistance in Escherichia coli isolates from patients with urinary tract infections.",2003,
"Reslit","C156T","P155L","acrR","repressor of the acrAB-TolC efflux pump",,"norfloxacin|ciprofloxacin","Escherichia coli","DNA sequencing",,,14506034,"Mutation rate and evolution of fluoroquinolone resistance in Escherichia coli isolates from patients with urinary tract infections.",2003,
"Reslit","T202G","M201R","acrR","repressor of the acrAB-TolC efflux pump",,"norfloxacin|ciprofloxacin","Escherichia coli","DNA sequencing",,,14506034,"Mutation rate and evolution of fluoroquinolone resistance in Escherichia coli isolates from patients with urinary tract infections.",2003,
"Reslit",,"T83I","gyrA","DNA gyrase",,"ciprofloxacin","Pseudomonas aeruginosa","sequencing",,,14507757,"Ciprofloxacin susceptibility of Pseudomonas aeruginosa isolates from keratitis.",2003,
"Reslit",,"S87L","parC","topoisomerase IV",,"ciprofloxacin","Pseudomonas aeruginosa","sequencing",,,14507757,"Ciprofloxacin susceptibility of Pseudomonas aeruginosa isolates from keratitis.",2003,
"Reslit","CAT->TAT","H103Y","parE","topoisomerase IV subunit",,"moxifloxacin|sparfloxacin|grepafloxacin","Streptococcus pneumoniae","site-directed mutagenesis and MIC testing","The His103Tyr mutation was found to confer resistance to fluoroquinolones when associated with a mutation in the QRDR of GyrA.",,14526026,"ATP-bound conformation of topoisomerase IV: a possible target for quinolones in Streptococcus pneumoniae.",2003,
"Reslit",,"L45P","mexR","repressor of the mexR-mexA-mexB-oprM operon",,"aztreonam|ofloxacin","Pseudomonas aeruginosa","dominant-negative phenotype and MIC testing","Mutations in mexR lead to derepression of the mexAB-oprM efflux pump, resulting in increased resistance to aztreonam and ofloxacin.",,14526032,"Mutations Affecting DNA-Binding Activity of the MexR Repressor of mexR-mexA-mexB-oprM Operon Expression.",2003,
"Reslit",,"I46N","mexR","repressor of the mexR-mexA-mexB-oprM operon",,"aztreonam|ofloxacin","Pseudomonas aeruginosa","dominant-negative phenotype and MIC testing","Mutations in mexR lead to derepression of the mexAB-oprM efflux pump, resulting in increased resistance to aztreonam and ofloxacin.",,14526032,"Mutations Affecting DNA-Binding Activity of the MexR Repressor of mexR-mexA-mexB-oprM Operon Expression.",2003,
"Reslit",,"L57P","mexR","repressor of the mexR-mexA-mexB-oprM operon",,"aztreonam|ofloxacin","Pseudomonas aeruginosa","dominant-negative phenotype and MIC testing","Mutations in mexR lead to derepression of the mexAB-oprM efflux pump, resulting in increased resistance to aztreonam and ofloxacin.",,14526032,"Mutations Affecting DNA-Binding Activity of the MexR Repressor of mexR-mexA-mexB-oprM Operon Expression.",2003,
"Reslit",,"L57R","mexR","repressor of the mexR-mexA-mexB-oprM operon",,"aztreonam|ofloxacin","Pseudomonas aeruginosa","dominant-negative phenotype and MIC testing","Mutations in mexR lead to derepression of the mexAB-oprM efflux pump, resulting in increased resistance to aztreonam and ofloxacin.",,14526032,"Mutations Affecting DNA-Binding Activity of the MexR Repressor of mexR-mexA-mexB-oprM Operon Expression.",2003,
"Reslit",,"T69I","mexR","repressor of the mexR-mexA-mexB-oprM operon",,"aztreonam|ofloxacin","Pseudomonas aeruginosa","dominant-negative phenotype and MIC testing","Mutations in mexR lead to derepression of the mexAB-oprM efflux pump, resulting in increased resistance to aztreonam and ofloxacin.",,14526032,"Mutations Affecting DNA-Binding Activity of the MexR Repressor of mexR-mexA-mexB-oprM Operon Expression.",2003,
"Reslit",,"I72N","mexR","repressor of the mexR-mexA-mexB-oprM operon",,"aztreonam|ofloxacin","Pseudomonas aeruginosa","dominant-negative phenotype and MIC testing","Mutations in mexR lead to derepression of the mexAB-oprM efflux pump, resulting in increased resistance to aztreonam and ofloxacin.",,14526032,"Mutations Affecting DNA-Binding Activity of the MexR Repressor of mexR-mexA-mexB-oprM Operon Expression.",2003,
"Reslit",,"L75P","mexR","repressor of the mexR-mexA-mexB-oprM operon",,"aztreonam|ofloxacin","Pseudomonas aeruginosa","dominant-negative phenotype and MIC testing","Mutations in mexR lead to derepression of the mexAB-oprM efflux pump, resulting in increased resistance to aztreonam and ofloxacin.",,14526032,"Mutations Affecting DNA-Binding Activity of the MexR Repressor of mexR-mexA-mexB-oprM Operon Expression.",2003,
"Reslit",,"L75R","mexR","repressor of the mexR-mexA-mexB-oprM operon",,"aztreonam|ofloxacin","Pseudomonas aeruginosa","dominant-negative phenotype and MIC testing","Mutations in mexR lead to derepression of the mexAB-oprM efflux pump, resulting in increased resistance to aztreonam and ofloxacin.",,14526032,"Mutations Affecting DNA-Binding Activity of the MexR Repressor of mexR-mexA-mexB-oprM Operon Expression.",2003,
"Reslit",,"R83C","mexR","repressor of the mexR-mexA-mexB-oprM operon",,"aztreonam|ofloxacin","Pseudomonas aeruginosa","dominant-negative phenotype and MIC testing","Mutations in mexR lead to derepression of the mexAB-oprM efflux pump, resulting in increased resistance to aztreonam and ofloxacin.",,14526032,"Mutations Affecting DNA-Binding Activity of the MexR Repressor of mexR-mexA-mexB-oprM Operon Expression.",2003,
"Reslit",,"R91C","mexR","repressor of the mexR-mexA-mexB-oprM operon",,"aztreonam|ofloxacin","Pseudomonas aeruginosa","dominant-negative phenotype and MIC testing","Mutations in mexR lead to derepression of the mexAB-oprM efflux pump, resulting in increased resistance to aztreonam and ofloxacin.",,14526032,"Mutations Affecting DNA-Binding Activity of the MexR Repressor of mexR-mexA-mexB-oprM Operon Expression.",2003,
"Reslit",,"R91H","mexR","repressor of the mexR-mexA-mexB-oprM operon",,"aztreonam|ofloxacin","Pseudomonas aeruginosa","dominant-negative phenotype and MIC testing","Mutations in mexR lead to derepression of the mexAB-oprM efflux pump, resulting in increased resistance to aztreonam and ofloxacin.",,14526032,"Mutations Affecting DNA-Binding Activity of the MexR Repressor of mexR-mexA-mexB-oprM Operon Expression.",2003,
"Reslit","G13A",,"parE","topoisomerase IV subunit E",,"premafloxacin|ciprofloxacin","Staphylococcus aureus","sequencing and genetic linkage studies","The mutation reduces the expression of ParE, leading to quinolone resistance.",,14617652,"Quinolone resistance due to reduced target enzyme expression.",2003,
"Reslit",,"V194L","czcS","two-component system sensor kinase",,"carbapenems","Pseudomonas aeruginosa","sequencing and functional analysis","The V194L mutation in CzcS leads to constitutive activation of the two-component system, resulting in carbapenem resistance.",,14679195,"CzcR-CzcS, a two-component system involved in heavy metal and carbapenem resistance in Pseudomonas aeruginosa.",2004,
"Reslit",,"V194L","czcS","two-component system sensor kinase",,"zinc|cadmium|cobalt|imipenem","Pseudomonas aeruginosa","mutant analysis","The V194L mutation in CzcS leads to constitutive activation of the two-component system, resulting in carbapenem resistance.",,14679195,"CzcR-CzcS, a two-component system involved in heavy metal and carbapenem resistance in Pseudomonas aeruginosa.",2004,
"Reslit",,"G71R","rplD","ribosomal protein L4",,"macrolides","Streptococcus pneumoniae","DHPLC analysis",,,14693554,"Denaturing high-performance liquid chromatography detection of ribosomal mutations conferring macrolide resistance in gram-positive cocci.",2004,
"Reslit",,"G71R","rplD","ribosomal protein L4",,"macrolides","Staphylococcus aureus","DHPLC analysis",,,14693554,"Denaturing high-performance liquid chromatography detection of ribosomal mutations conferring macrolide resistance in gram-positive cocci.",2004,
"Reslit",,"G71R","rplD","ribosomal protein L4",,"macrolides","Streptococcus pyogenes","DHPLC analysis",,,14693554,"Denaturing high-performance liquid chromatography detection of ribosomal mutations conferring macrolide resistance in gram-positive cocci.",2004,
"Reslit",,"G71R","rplD","ribosomal protein L4",,"macrolides","Streptococcus oralis","DHPLC analysis",,,14693554,"Denaturing high-performance liquid chromatography detection of ribosomal mutations conferring macrolide resistance in gram-positive cocci.",2004,
"Reslit",,"G71R","rplD","ribosomal protein L4",,"macrolides","group G","DHPLC analysis",,,14693554,"Denaturing high-performance liquid chromatography detection of ribosomal mutations conferring macrolide resistance in gram-positive cocci.",2004,
"Reslit","A2058T",,"rrl","23S rRNA",,"macrolides","Streptococcus pneumoniae","DHPLC analysis",,,14693554,"Denaturing high-performance liquid chromatography detection of ribosomal mutations conferring macrolide resistance in gram-positive cocci.",2004,
"Reslit","A2058T",,"rrl","23S rRNA",,"macrolides","Staphylococcus aureus","DHPLC analysis",,,14693554,"Denaturing high-performance liquid chromatography detection of ribosomal mutations conferring macrolide resistance in gram-positive cocci.",2004,
"Reslit","A2058T",,"rrl","23S rRNA",,"macrolides","Streptococcus pyogenes","DHPLC analysis",,,14693554,"Denaturing high-performance liquid chromatography detection of ribosomal mutations conferring macrolide resistance in gram-positive cocci.",2004,
"Reslit","A2058T",,"rrl","23S rRNA",,"macrolides","Streptococcus oralis","DHPLC analysis",,,14693554,"Denaturing high-performance liquid chromatography detection of ribosomal mutations conferring macrolide resistance in gram-positive cocci.",2004,
"Reslit","A2058T",,"rrl","23S rRNA",,"macrolides","group G","DHPLC analysis",,,14693554,"Denaturing high-performance liquid chromatography detection of ribosomal mutations conferring macrolide resistance in gram-positive cocci.",2004,
"Reslit","A2058G",,"rrl","23S rRNA",,"macrolides","Streptococcus pneumoniae","DHPLC analysis",,,14693554,"Denaturing high-performance liquid chromatography detection of ribosomal mutations conferring macrolide resistance in gram-positive cocci.",2004,
"Reslit","A2058G",,"rrl","23S rRNA",,"macrolides","Staphylococcus aureus","DHPLC analysis",,,14693554,"Denaturing high-performance liquid chromatography detection of ribosomal mutations conferring macrolide resistance in gram-positive cocci.",2004,
"Reslit","A2058G",,"rrl","23S rRNA",,"macrolides","Streptococcus pyogenes","DHPLC analysis",,,14693554,"Denaturing high-performance liquid chromatography detection of ribosomal mutations conferring macrolide resistance in gram-positive cocci.",2004,
"Reslit","A2058G",,"rrl","23S rRNA",,"macrolides","Streptococcus oralis","DHPLC analysis",,,14693554,"Denaturing high-performance liquid chromatography detection of ribosomal mutations conferring macrolide resistance in gram-positive cocci.",2004,
"Reslit","A2058G",,"rrl","23S rRNA",,"macrolides","group G","DHPLC analysis",,,14693554,"Denaturing high-performance liquid chromatography detection of ribosomal mutations conferring macrolide resistance in gram-positive cocci.",2004,
"Reslit","A2059G",,"rrl","23S rRNA",,"macrolides","Streptococcus pneumoniae","DHPLC analysis",,,14693554,"Denaturing high-performance liquid chromatography detection of ribosomal mutations conferring macrolide resistance in gram-positive cocci.",2004,
"Reslit","A2059G",,"rrl","23S rRNA",,"macrolides","Staphylococcus aureus","DHPLC analysis",,,14693554,"Denaturing high-performance liquid chromatography detection of ribosomal mutations conferring macrolide resistance in gram-positive cocci.",2004,
"Reslit","A2059G",,"rrl","23S rRNA",,"macrolides","Streptococcus pyogenes","DHPLC analysis",,,14693554,"Denaturing high-performance liquid chromatography detection of ribosomal mutations conferring macrolide resistance in gram-positive cocci.",2004,
"Reslit","A2059G",,"rrl","23S rRNA",,"macrolides","Streptococcus oralis","DHPLC analysis",,,14693554,"Denaturing high-performance liquid chromatography detection of ribosomal mutations conferring macrolide resistance in gram-positive cocci.",2004,
"Reslit","A2059G",,"rrl","23S rRNA",,"macrolides","group G","DHPLC analysis",,,14693554,"Denaturing high-performance liquid chromatography detection of ribosomal mutations conferring macrolide resistance in gram-positive cocci.",2004,
"Reslit","C2610T",,"rrl","23S rRNA",,"macrolides","Streptococcus pneumoniae","DHPLC analysis",,,14693554,"Denaturing high-performance liquid chromatography detection of ribosomal mutations conferring macrolide resistance in gram-positive cocci.",2004,
"Reslit","C2610T",,"rrl","23S rRNA",,"macrolides","Staphylococcus aureus","DHPLC analysis",,,14693554,"Denaturing high-performance liquid chromatography detection of ribosomal mutations conferring macrolide resistance in gram-positive cocci.",2004,
"Reslit","C2610T",,"rrl","23S rRNA",,"macrolides","Streptococcus pyogenes","DHPLC analysis",,,14693554,"Denaturing high-performance liquid chromatography detection of ribosomal mutations conferring macrolide resistance in gram-positive cocci.",2004,
"Reslit","C2610T",,"rrl","23S rRNA",,"macrolides","Streptococcus oralis","DHPLC analysis",,,14693554,"Denaturing high-performance liquid chromatography detection of ribosomal mutations conferring macrolide resistance in gram-positive cocci.",2004,
"Reslit","C2610T",,"rrl","23S rRNA",,"macrolides","group G","DHPLC analysis",,,14693554,"Denaturing high-performance liquid chromatography detection of ribosomal mutations conferring macrolide resistance in gram-positive cocci.",2004,
"Reslit","C2611T",,"rrl","23S rRNA",,"macrolides","Streptococcus pneumoniae","DHPLC analysis",,,14693554,"Denaturing high-performance liquid chromatography detection of ribosomal mutations conferring macrolide resistance in gram-positive cocci.",2004,
"Reslit","C2611T",,"rrl","23S rRNA",,"macrolides","Staphylococcus aureus","DHPLC analysis",,,14693554,"Denaturing high-performance liquid chromatography detection of ribosomal mutations conferring macrolide resistance in gram-positive cocci.",2004,
"Reslit","C2611T",,"rrl","23S rRNA",,"macrolides","Streptococcus pyogenes","DHPLC analysis",,,14693554,"Denaturing high-performance liquid chromatography detection of ribosomal mutations conferring macrolide resistance in gram-positive cocci.",2004,
"Reslit","C2611T",,"rrl","23S rRNA",,"macrolides","Streptococcus oralis","DHPLC analysis",,,14693554,"Denaturing high-performance liquid chromatography detection of ribosomal mutations conferring macrolide resistance in gram-positive cocci.",2004,
"Reslit","C2611T",,"rrl","23S rRNA",,"macrolides","group G","DHPLC analysis",,,14693554,"Denaturing high-performance liquid chromatography detection of ribosomal mutations conferring macrolide resistance in gram-positive cocci.",2004,
"Reslit","C2611A",,"rrl","23S rRNA",,"macrolides","Streptococcus pneumoniae","DHPLC analysis",,,14693554,"Denaturing high-performance liquid chromatography detection of ribosomal mutations conferring macrolide resistance in gram-positive cocci.",2004,
"Reslit","C2611A",,"rrl","23S rRNA",,"macrolides","Staphylococcus aureus","DHPLC analysis",,,14693554,"Denaturing high-performance liquid chromatography detection of ribosomal mutations conferring macrolide resistance in gram-positive cocci.",2004,
"Reslit","C2611A",,"rrl","23S rRNA",,"macrolides","Streptococcus pyogenes","DHPLC analysis",,,14693554,"Denaturing high-performance liquid chromatography detection of ribosomal mutations conferring macrolide resistance in gram-positive cocci.",2004,
"Reslit","C2611A",,"rrl","23S rRNA",,"macrolides","Streptococcus oralis","DHPLC analysis",,,14693554,"Denaturing high-performance liquid chromatography detection of ribosomal mutations conferring macrolide resistance in gram-positive cocci.",2004,
"Reslit","C2611A",,"rrl","23S rRNA",,"macrolides","group G","DHPLC analysis",,,14693554,"Denaturing high-performance liquid chromatography detection of ribosomal mutations conferring macrolide resistance in gram-positive cocci.",2004,
"Reslit","TCC->CTC",,"gyrA","DNA gyrase subunit A",,"ciprofloxacin","Escherichia coli","mutation analysis","Most frequent mutation",,14706091,"Quinolone resistance among Escherichia coli strains from community-acquired urinary tract infections in Greece.",2004,
"Reslit","A261G",,"gyrA","DNA gyrase subunit A",,"ciprofloxacin","Escherichia coli","mutation analysis","Most frequent mutation",,14706091,"Quinolone resistance among Escherichia coli strains from community-acquired urinary tract infections in Greece.",2004,
"Reslit",,"S83L","gyrA","DNA gyrase subunit A",,"nalidixic acid|ciprofloxacin","Escherichia coli","PCR and sequencing","Most frequent mutation",,14706091,"Quinolone resistance among Escherichia coli strains from community-acquired urinary tract infections in Greece.",2004,
"Reslit","TCC->ATC",,"parC","DNA topoisomerase IV subunit C",,"ciprofloxacin","Escherichia coli","mutation analysis","Additional mutation in parC associated with high-level resistance",,14706091,"Quinolone resistance among Escherichia coli strains from community-acquired urinary tract infections in Greece.",2004,
"Reslit","G251A",,"parC","DNA topoisomerase IV subunit C",,"ciprofloxacin","Escherichia coli","mutation analysis","Additional mutation in parC associated with high-level resistance",,14706091,"Quinolone resistance among Escherichia coli strains from community-acquired urinary tract infections in Greece.",2004,
"Reslit",,"S80I","parC","DNA topoisomerase IV subunit C",,"ciprofloxacin","Escherichia coli","PCR and sequencing","Additional mutation in parC associated with high-level resistance",,14706091,"Quinolone resistance among Escherichia coli strains from community-acquired urinary tract infections in Greece.",2004,
"Reslit",,"S83F","gyrA","DNA gyrase subunit A",,"ciprofloxacin","Salmonella enterica","nucleotide sequencing",,,14718091,"Fluoroquinolone resistance linked to GyrA, GyrB, and ParC mutations in Salmonella enterica typhimurium isolates in humans.",2003,
"Reslit",,"S464F","gyrB","DNA gyrase subunit B",,"ciprofloxacin","Salmonella enterica","nucleotide sequencing",,,14718091,"Fluoroquinolone resistance linked to GyrA, GyrB, and ParC mutations in Salmonella enterica typhimurium isolates in humans.",2003,
"Reslit",,"S80R","parC","topoisomerase IV subunit C",,"ciprofloxacin","Salmonella enterica","nucleotide sequencing",,,14718091,"Fluoroquinolone resistance linked to GyrA, GyrB, and ParC mutations in Salmonella enterica typhimurium isolates in humans.",2003,
"Reslit",,"E84K","parC","topoisomerase IV subunit C",,"ciprofloxacin","Salmonella enterica","nucleotide sequencing",,,14718091,"Fluoroquinolone resistance linked to GyrA, GyrB, and ParC mutations in Salmonella enterica typhimurium isolates in humans.",2003,
"Reslit",,"D83N","gyrA","DNA gyrase subunit A",,"ciprofloxacin","Salmonella enterica","PCR and sequencing","Single point mutation in the quinolone-resistance-determining region (QRDR) of the topoisomerase gene gyrA",,14720407,"Ciprofloxacin treatment failure in typhoid fever case, Pakistan.",2003,
"Reslit",,"S81Y","gyrA","DNA gyrase A subunit",,"ciprofloxacin|garenoxacin|sparfloxacin|trovafloxacin","Streptococcus pneumoniae","sequencing","Mutation in gyrA leads to quinolone resistance",,14982762,"Activities of garenoxacin against quinolone-resistant Streptococcus pneumoniae strains in vitro and in a mouse pneumonia model.",2004,
"Reslit",,"S79Y","parC","topoisomerase IV parC subunit",,"ciprofloxacin|garenoxacin|sparfloxacin|trovafloxacin","Streptococcus pneumoniae","sequencing","Mutation in parC leads to quinolone resistance",,14982762,"Activities of garenoxacin against quinolone-resistant Streptococcus pneumoniae strains in vitro and in a mouse pneumonia model.",2004,
"Reslit",,"S79F","parC","topoisomerase IV parC subunit",,"ciprofloxacin|garenoxacin|sparfloxacin|trovafloxacin","Streptococcus pneumoniae","sequencing","Mutation in parC leads to quinolone resistance",,14982762,"Activities of garenoxacin against quinolone-resistant Streptococcus pneumoniae strains in vitro and in a mouse pneumonia model.",2004,
"Reslit",,"D435N","parE","DNA topoisomerase IV parE subunit",,"ciprofloxacin|garenoxacin|sparfloxacin|trovafloxacin","Streptococcus pneumoniae","sequencing","Mutation in parE leads to quinolone resistance",,14982762,"Activities of garenoxacin against quinolone-resistant Streptococcus pneumoniae strains in vitro and in a mouse pneumonia model.",2004,
"Reslit",,"I460V","parE","DNA topoisomerase IV parE subunit",,"ciprofloxacin|garenoxacin|sparfloxacin|trovafloxacin","Streptococcus pneumoniae","sequencing","Mutation in parE leads to quinolone resistance",,14982762,"Activities of garenoxacin against quinolone-resistant Streptococcus pneumoniae strains in vitro and in a mouse pneumonia model.",2004,
"Reslit","G244C",,"gyrA","DNA gyrase subunit A",,"ciprofloxacin","Haemophilus influenzae","MIC testing","Mutations in gyrA were associated with ciprofloxacin resistance.",,15070988,"Dynamics of Long-Term Colonization of Respiratory Tract by Haemophilus influenzae in Cystic Fibrosis Patients Shows a Marked Increase in Hypermutable Strains.",2004,
"Reslit",,"S83F","gyrA","DNA gyrase subunit A",,"ciprofloxacin","Salmonella enterica","sequence analysis",,,15078598,"Ciprofloxacin-resistant Salmonella enterica Typhimurium and Choleraesuis from pigs to humans, Taiwan.",2004,
"Reslit",,"S83F","gyrA","DNA gyrase subunit A",,"ciprofloxacin","Salmonella enterica","sequence analysis",,,15078598,"Ciprofloxacin-resistant Salmonella enterica Typhimurium and Choleraesuis from pigs to humans, Taiwan.",2004,
"Reslit",,"D87G","gyrA","DNA gyrase subunit A",,"ciprofloxacin","Salmonella enterica","sequence analysis",,,15078598,"Ciprofloxacin-resistant Salmonella enterica Typhimurium and Choleraesuis from pigs to humans, Taiwan.",2004,
"Reslit",,"D87G","gyrA","DNA gyrase subunit A",,"ciprofloxacin","Salmonella enterica","sequence analysis",,,15078598,"Ciprofloxacin-resistant Salmonella enterica Typhimurium and Choleraesuis from pigs to humans, Taiwan.",2004,
"Reslit",,"D87N","gyrA","DNA gyrase subunit A",,"ciprofloxacin","Salmonella enterica","sequence analysis",,,15078598,"Ciprofloxacin-resistant Salmonella enterica Typhimurium and Choleraesuis from pigs to humans, Taiwan.",2004,
"Reslit",,"D87N","gyrA","DNA gyrase subunit A",,"ciprofloxacin","Salmonella enterica","sequence analysis",,,15078598,"Ciprofloxacin-resistant Salmonella enterica Typhimurium and Choleraesuis from pigs to humans, Taiwan.",2004,
"Reslit",,"S80R","parC","DNA topoisomerase IV subunit C",,"ciprofloxacin","Salmonella enterica","sequence analysis",,,15078598,"Ciprofloxacin-resistant Salmonella enterica Typhimurium and Choleraesuis from pigs to humans, Taiwan.",2004,
"Reslit",,"S80R","parC","DNA topoisomerase IV subunit C",,"ciprofloxacin","Salmonella enterica","sequence analysis",,,15078598,"Ciprofloxacin-resistant Salmonella enterica Typhimurium and Choleraesuis from pigs to humans, Taiwan.",2004,
"Reslit",,"E84K","parC","DNA topoisomerase IV subunit C",,"ciprofloxacin","Salmonella enterica","sequence analysis",,,15078598,"Ciprofloxacin-resistant Salmonella enterica Typhimurium and Choleraesuis from pigs to humans, Taiwan.",2004,
"Reslit",,"E84K","parC","DNA topoisomerase IV subunit C",,"ciprofloxacin","Salmonella enterica","sequence analysis",,,15078598,"Ciprofloxacin-resistant Salmonella enterica Typhimurium and Choleraesuis from pigs to humans, Taiwan.",2004,
"Reslit",,"S80I","parC","DNA topoisomerase IV subunit C",,"ciprofloxacin","Salmonella enterica","sequence analysis",,,15078598,"Ciprofloxacin-resistant Salmonella enterica Typhimurium and Choleraesuis from pigs to humans, Taiwan.",2004,
"Reslit",,"S80I","parC","DNA topoisomerase IV subunit C",,"ciprofloxacin","Salmonella enterica","sequence analysis",,,15078598,"Ciprofloxacin-resistant Salmonella enterica Typhimurium and Choleraesuis from pigs to humans, Taiwan.",2004,
"Reslit",,"S91F","gyrA","DNA gyrase subunit A",,"fluoroquinolones","Neisseria gonorrhoeae","direct sequencing and real-time PCR","associated with ciprofloxacin resistance",,15243093,"Use of applied biosystems 7900HT sequence detection system and Taqman assay for detection of quinolone-resistant Neisseria gonorrhoeae.",2004,
"Reslit",,"D86G","parC","topoisomerase IV subunit C",,"fluoroquinolones","Neisseria gonorrhoeae","direct sequencing and real-time PCR","associated with ciprofloxacin resistance",,15243093,"Use of applied biosystems 7900HT sequence detection system and Taqman assay for detection of quinolone-resistant Neisseria gonorrhoeae.",2004,
"Reslit",,"D87S","parC","topoisomerase IV subunit C",,"fluoroquinolones","Neisseria gonorrhoeae","direct sequencing and real-time PCR","associated with ciprofloxacin resistance",,15243093,"Use of applied biosystems 7900HT sequence detection system and Taqman assay for detection of quinolone-resistant Neisseria gonorrhoeae.",2004,
"Reslit",,"D88S","parC","topoisomerase IV subunit C",,"fluoroquinolones","Neisseria gonorrhoeae","direct sequencing and real-time PCR","associated with ciprofloxacin resistance",,15243093,"Use of applied biosystems 7900HT sequence detection system and Taqman assay for detection of quinolone-resistant Neisseria gonorrhoeae.",2004,
"Reslit",,"N121K","mecI","repressor protein",,"oxacillin","Staphylococcus aureus","Sequencing and MIC testing","Mutations in mecI affect the regulation of mecA and influence methicillin resistance.",,15273123,"Novel Polymorphisms in mec Genes and a New mec Complex Type in Methicillin-Resistant Staphylococcus aureus Isolates Obtained in Rural Wisconsin.",2004,
"Reslit",,"A11V","mecI","repressor protein",,"oxacillin","Staphylococcus aureus","Sequencing and MIC testing","Mutations in mecI affect the regulation of mecA and influence methicillin resistance.",,15273123,"Novel Polymorphisms in mec Genes and a New mec Complex Type in Methicillin-Resistant Staphylococcus aureus Isolates Obtained in Rural Wisconsin.",2004,
"Reslit",,"I31M","mecI","repressor protein",,"oxacillin","Staphylococcus aureus","Sequencing and MIC testing","Mutations in mecI affect the regulation of mecA and influence methicillin resistance.",,15273123,"Novel Polymorphisms in mec Genes and a New mec Complex Type in Methicillin-Resistant Staphylococcus aureus Isolates Obtained in Rural Wisconsin.",2004,
"Reslit",,"L52*","mecI","repressor protein",,"oxacillin","Staphylococcus aureus","Sequencing and MIC testing","Mutations in mecI affect the regulation of mecA and influence methicillin resistance.",,15273123,"Novel Polymorphisms in mec Genes and a New mec Complex Type in Methicillin-Resistant Staphylococcus aureus Isolates Obtained in Rural Wisconsin.",2004,
"Reslit",,"Q68*","mecI","repressor protein",,"oxacillin","Staphylococcus aureus","Sequencing and MIC testing","Mutations in mecI affect the regulation of mecA and influence methicillin resistance.",,15273123,"Novel Polymorphisms in mec Genes and a New mec Complex Type in Methicillin-Resistant Staphylococcus aureus Isolates Obtained in Rural Wisconsin.",2004,
"Reslit",,"E115*","mecI","repressor protein",,"oxacillin","Staphylococcus aureus","Sequencing and MIC testing","Mutations in mecI affect the regulation of mecA and influence methicillin resistance.",,15273123,"Novel Polymorphisms in mec Genes and a New mec Complex Type in Methicillin-Resistant Staphylococcus aureus Isolates Obtained in Rural Wisconsin.",2004,
"Reslit",,"S117S","mecR1","signal transducer",,"oxacillin","Staphylococcus aureus","Sequencing and MIC testing","Mutations in mecR1 may influence the signaling pathway regulating mecA expression.",,15273123,"Novel Polymorphisms in mec Genes and a New mec Complex Type in Methicillin-Resistant Staphylococcus aureus Isolates Obtained in Rural Wisconsin.",2004,
"Reslit",,"E583E","mecR1","signal transducer",,"oxacillin","Staphylococcus aureus","Sequencing and MIC testing","Mutations in mecR1 may influence the signaling pathway regulating mecA expression.",,15273123,"Novel Polymorphisms in mec Genes and a New mec Complex Type in Methicillin-Resistant Staphylococcus aureus Isolates Obtained in Rural Wisconsin.",2004,
"Reslit",,"S531L","rpoB","β-subunit of the DNA-dependent RNA polymerase",,"rifampin","Mycobacterium tuberculosis","experimental data from clinical isolates","Mutations in rpoB are associated with rifampin resistance in M. tuberculosis.",,15338545,"Multiple rpoB mutants of Mycobacterium tuberculosis and second-order selection.",2004,
"Reslit",,"H526Y","rpoB","β-subunit of the DNA-dependent RNA polymerase",,"rifampin","Mycobacterium tuberculosis","experimental data from clinical isolates","Mutations in rpoB are associated with rifampin resistance in M. tuberculosis.",,15338545,"Multiple rpoB mutants of Mycobacterium tuberculosis and second-order selection.",2004,
"Reslit","TCA->CTA","S83L","gyrA","DNA gyrase A subunit",,"quinolones","Escherichia coli","microarray and DNA sequencing","Single nucleotide exchange at position 83",,15364994,"Development and validation of a diagnostic DNA microarray to detect quinolone-resistant Escherichia coli among clinical isolates.",2004,
"Reslit","GAT->AAT","D87N","gyrA","DNA gyrase A subunit",,"quinolones","Escherichia coli","microarray and DNA sequencing","Single nucleotide exchange at position 83",,15364994,"Development and validation of a diagnostic DNA microarray to detect quinolone-resistant Escherichia coli among clinical isolates.",2004,
"Reslit","GAT->TAT","D87Y","gyrA","DNA gyrase A subunit",,"quinolones","Escherichia coli","microarray and DNA sequencing","Single nucleotide exchange at position 83",,15364994,"Development and validation of a diagnostic DNA microarray to detect quinolone-resistant Escherichia coli among clinical isolates.",2004,
"Reslit","GAT->GGT","D87G","gyrA","DNA gyrase A subunit",,"quinolones","Escherichia coli","microarray and DNA sequencing","Single nucleotide exchange at position 83",,15364994,"Development and validation of a diagnostic DNA microarray to detect quinolone-resistant Escherichia coli among clinical isolates.",2004,
"Reslit",,"S83F","gyrA","DNA gyrase A subunit",,"ciprofloxacin","Salmonella enterica","sequencing","Five isolates had this mutation.",,15380025,"Suboptimal clinical response to ciprofloxacin in patients with enteric fever due to Salmonella spp. with reduced fluoroquinolone susceptibility: a case series.",2004,
"Reslit",,"S83F","gyrA","DNA gyrase A subunit",,"ciprofloxacin","Salmonella enterica","sequencing","Five isolates had this mutation.",,15380025,"Suboptimal clinical response to ciprofloxacin in patients with enteric fever due to Salmonella spp. with reduced fluoroquinolone susceptibility: a case series.",2004,
"Reslit","G249A","S83L","gyrA","DNA gyrase subunit A",,"nalidixic acid|ciprofloxacin","non-typhoidal Salmonella","MIC determination","Mutations in gyrA were associated with quinolone resistance.",,15387492,"Emerging nalidixic acid and ciprofloxacin resistance in non-typhoidal Salmonella isolated from patients having acute diarrhoeal disease.",2004,
"Reslit",,"S83L","gyrA","DNA gyrase subunit A",,"ciprofloxacin","Escherichia coli",,,,15388428,"Emergence and spread of three clonally related virulent isolates of CTX-M-15-producing Escherichia coli with variable resistance to aminoglycosides and tetracycline in a French geriatric hospital.",2004,
"Reslit",,"S80I","parC","topoisomerase IV subunit C",,"ciprofloxacin","Escherichia coli",,,,15388428,"Emergence and spread of three clonally related virulent isolates of CTX-M-15-producing Escherichia coli with variable resistance to aminoglycosides and tetracycline in a French geriatric hospital.",2004,
"Reslit",,"E84V","parC","topoisomerase IV subunit C",,"ciprofloxacin","Escherichia coli",,,,15388428,"Emergence and spread of three clonally related virulent isolates of CTX-M-15-producing Escherichia coli with variable resistance to aminoglycosides and tetracycline in a French geriatric hospital.",2004,
"Reslit",,"S81F","gyrA","DNA gyrase subunit A",,"ciprofloxacin|levofloxacin|moxifloxacin","Streptococcus pneumoniae","sequencing",,,15388458,"Mutant prevention concentrations for single-step fluoroquinolone-resistant mutants of wild-type, efflux-positive, or ParC or GyrA mutation-containing Streptococcus pneumoniae isolates.",2004,
"Reslit",,"S79F","parC","topoisomerase IV subunit C",,"ciprofloxacin|levofloxacin|moxifloxacin","Streptococcus pneumoniae","sequencing",,,15388458,"Mutant prevention concentrations for single-step fluoroquinolone-resistant mutants of wild-type, efflux-positive, or ParC or GyrA mutation-containing Streptococcus pneumoniae isolates.",2004,
"Reslit",,"G103S","marR","transcriptional repressor",,"nalidixic acid|ciprofloxacin|ampicillin|kanamycin|streptomycin|rifampin|tetracycline|chloramphenicol|trimethoprim|sulfamethoxazole","Escherichia coli",,"mutations in MarR contribute to multiple antibiotic resistance",,15388464,"Mechanisms of resistance in multiple-antibiotic-resistant Escherichia coli strains of human, animal, and food origins.",2004,
"Reslit",,"S83F","gyrA","DNA gyrase subunit A",,"ciprofloxacin","Salmonella enterica","mutation analysis",,,15498176,"Fluoroquinolone resistance in Salmonella enterica serotype Choleraesuis, Taiwan, 2000-2003.",2004,
"Reslit",,"S80I","parC","DNA topoisomerase IV subunit C",,"ciprofloxacin","Salmonella enterica","mutation analysis",,,15498176,"Fluoroquinolone resistance in Salmonella enterica serotype Choleraesuis, Taiwan, 2000-2003.",2004,
"Reslit",,"S315T","katG","ketoacyl-ACP synthase III",,"isoniazid","Mycobacterium tuberculosis","real-time PCR and DNA sequencing",,,15504855,"Rapid direct detection of multiple rifampin and isoniazid resistance mutations in Mycobacterium tuberculosis in respiratory samples by real-time PCR.",2004,
"Reslit",,"S315T","katG","ketoacyl-ACP synthase III",,"isoniazid","Mycobacterium tuberculosis","real-time PCR and DNA sequencing",,,15504855,"Rapid direct detection of multiple rifampin and isoniazid resistance mutations in Mycobacterium tuberculosis in respiratory samples by real-time PCR.",2004,
"Reslit",,"S315N","katG","ketoacyl-ACP synthase III",,"isoniazid","Mycobacterium tuberculosis","real-time PCR and DNA sequencing",,,15504855,"Rapid direct detection of multiple rifampin and isoniazid resistance mutations in Mycobacterium tuberculosis in respiratory samples by real-time PCR.",2004,
"Reslit",,"S83I","gyrA","DNA gyrase subunit A",,"ciprofloxacin|norfloxacin","Aeromonas caviae","nucleotide sequencing",,,15567276,"An unusually high level of quinolone resistance associated with type II topoisomerase mutations in quinolone resistance-determining regions of Aeromonas caviae isolated from diarrhoeal patients.",2004,
"Reslit",,"S80I","parC","topoisomerase IV subunit C",,"ciprofloxacin|norfloxacin","Aeromonas caviae","nucleotide sequencing",,,15567276,"An unusually high level of quinolone resistance associated with type II topoisomerase mutations in quinolone resistance-determining regions of Aeromonas caviae isolated from diarrhoeal patients.",2004,
"Reslit",,"G238S","blaSHV","beta-lactamase","confers extended-spectrum beta-lactamase (ESBL) activity","ceftazidime|cefotaxime|aztreonam","Klebsiella pneumoniae","sequence analysis","Mutations in codons 238 and 240 of blaSHV contribute to extended-spectrum beta-lactamase (ESBL) activity.",,15616303,"bla(SHV) Genes in Klebsiella pneumoniae: different allele distributions are associated with different promoters within individual isolates.",2005,"Klebsiella pneumoniae"
"Reslit",,"E240K","blaSHV","beta-lactamase","confers extended-spectrum beta-lactamase (ESBL) activity","ceftazidime|cefotaxime|aztreonam","Klebsiella pneumoniae","sequence analysis","Mutations in codons 238 and 240 of blaSHV contribute to extended-spectrum beta-lactamase (ESBL) activity.",,15616303,"bla(SHV) Genes in Klebsiella pneumoniae: different allele distributions are associated with different promoters within individual isolates.",2005,"Klebsiella pneumoniae"
"Reslit",,"R418Q","katG","catalase-peroxidase","loss of catalase-peroxidase activities","isoniazid","Mycobacterium tuberculosis","enzyme activity assays","The Arg418->Gln mutation in KatG leads to loss of catalase-peroxidase activities and confers isoniazid resistance.",,15650370,"Three-dimensional model and molecular mechanism of Mycobacterium tuberculosis catalase-peroxidase (KatG) and isoniazid-resistant KatG mutants.",2004,
"Reslit","C682A",,"folP","dihydropteroate synthase",,"sulfonamide","Neisseria meningitidis",,"mutations in folP associated with elevated sulfonamide MICs",,15673729,"Mutations in folP associated with elevated sulfonamide MICs for Neisseria meningitidis clinical isolates from five continents.",2005,
"Reslit",,"T86I","gyrA","DNA gyrase subunit A",,"ciprofloxacin|nalidixic acid","Campylobacter jejuni","DNA sequencing and MIC testing","The Thr-86→Ile mutation in gyrA was the most common mutation associated with ciprofloxacin and nalidixic acid resistance.",,15673754,"Incidence and mechanism of ciprofloxacin resistance in Campylobacter spp. isolated from commercial poultry flocks in the United Kingdom before, during, and after fluoroquinolone treatment.",2005,
"Reslit",,"T86I","gyrA","DNA gyrase subunit A",,"ciprofloxacin|nalidixic acid","Campylobacter coli","DNA sequencing and MIC testing","The Thr-86→Ile mutation in gyrA was the most common mutation associated with ciprofloxacin and nalidixic acid resistance.",,15673754,"Incidence and mechanism of ciprofloxacin resistance in Campylobacter spp. isolated from commercial poultry flocks in the United Kingdom before, during, and after fluoroquinolone treatment.",2005,
"Reslit",,"S83L","gyrA","DNA gyrase subunit A",,"ciprofloxacin","Escherichia coli","PCR and HinfI digestion","Single mutation at Ser83Leu or Asp87Asn associated with low-level resistance; double mutations at Ser83Leu and Asp87Asn associated with high-level resistance.",,15685943,"Isolation and molecular characterization of fluoroquinolone-resistant Escherichia coli from poultry litter.",2005,
"Reslit",,"S79Y","parC","topoisomerase IV subunit",,"gemifloxacin|trovafloxacin|sparfloxacin|ciprofloxacin","Streptococcus pneumoniae","sequencing of PCR-amplified DNA","Mutations in parC were associated with increased resistance to fluoroquinolones.",,15728901,"Activity of gemifloxacin against quinolone-resistant Streptococcus pneumoniae strains in vitro and in a mouse pneumonia model.",2005,
"Reslit",,"S81Y","gyrA","DNA gyrase subunit A",,"gemifloxacin|trovafloxacin|sparfloxacin|ciprofloxacin","Streptococcus pneumoniae","sequencing of PCR-amplified DNA","Mutations in gyrA were associated with increased resistance to fluoroquinolones.",,15728901,"Activity of gemifloxacin against quinolone-resistant Streptococcus pneumoniae strains in vitro and in a mouse pneumonia model.",2005,
"Reslit",,"I517M","rpoB","RNA polymerase subunit",,"rifampin","Chlamydia trachomatis","DNA sequencing and MIC testing",,,15728912,"Rifampin-resistant RNA polymerase mutants of Chlamydia trachomatis remain susceptible to the ansamycin rifalazil.",2005,
"Reslit",,"V466A","rpoB","RNA polymerase subunit",,"rifampin","Chlamydia trachomatis","DNA sequencing and MIC testing",,,15728912,"Rifampin-resistant RNA polymerase mutants of Chlamydia trachomatis remain susceptible to the ansamycin rifalazil.",2005,
"Reslit",,"D461N","rpoB","RNA polymerase subunit",,"rifampin","Chlamydia trachomatis","DNA sequencing and MIC testing",,,15728912,"Rifampin-resistant RNA polymerase mutants of Chlamydia trachomatis remain susceptible to the ansamycin rifalazil.",2005,
"Reslit",,"H471N","rpoB","RNA polymerase subunit",,"rifampin","Chlamydia trachomatis","DNA sequencing and MIC testing",,,15728912,"Rifampin-resistant RNA polymerase mutants of Chlamydia trachomatis remain susceptible to the ansamycin rifalazil.",2005,
"Reslit",,"H471L","rpoB","RNA polymerase subunit",,"rifampin","Chlamydia trachomatis","DNA sequencing and MIC testing",,,15728912,"Rifampin-resistant RNA polymerase mutants of Chlamydia trachomatis remain susceptible to the ansamycin rifalazil.",2005,
"Reslit",,"H471Y","rpoB","RNA polymerase subunit",,"rifampin","Chlamydia trachomatis","DNA sequencing and MIC testing",,,15728912,"Rifampin-resistant RNA polymerase mutants of Chlamydia trachomatis remain susceptible to the ansamycin rifalazil.",2005,
"Reslit",,"A467T","rpoB","RNA polymerase subunit",,"rifampin","Chlamydia trachomatis","DNA sequencing and MIC testing",,,15728912,"Rifampin-resistant RNA polymerase mutants of Chlamydia trachomatis remain susceptible to the ansamycin rifalazil.",2005,
"Reslit",,"Q513L","rpoB","RNA polymerase beta subunit",,"rifampin|rifabutin|rifapentine","Escherichia coli","in vitro transcription assay","Mutations in the rpoB gene encoding the beta subunit of RNA polymerase confer resistance to rifampin and related antibiotics.",,15805525,"Cross-resistance of Escherichia coli RNA polymerases conferring rifampin resistance to different antibiotics.",2005,
"Reslit",,"Q513P","rpoB","RNA polymerase beta subunit",,"rifampin|rifabutin|rifapentine","Escherichia coli","in vitro transcription assay","Mutations in the rpoB gene encoding the beta subunit of RNA polymerase confer resistance to rifampin and related antibiotics.",,15805525,"Cross-resistance of Escherichia coli RNA polymerases conferring rifampin resistance to different antibiotics.",2005,
"Reslit",,"D516N","rpoB","RNA polymerase beta subunit",,"rifampin|rifabutin|rifapentine","Escherichia coli","in vitro transcription assay","Mutations in the rpoB gene encoding the beta subunit of RNA polymerase confer resistance to rifampin and related antibiotics.",,15805525,"Cross-resistance of Escherichia coli RNA polymerases conferring rifampin resistance to different antibiotics.",2005,
"Reslit",,"S522F","rpoB","RNA polymerase beta subunit",,"rifampin|rifabutin|rifapentine","Escherichia coli","in vitro transcription assay","Mutations in the rpoB gene encoding the beta subunit of RNA polymerase confer resistance to rifampin and related antibiotics.",,15805525,"Cross-resistance of Escherichia coli RNA polymerases conferring rifampin resistance to different antibiotics.",2005,
"Reslit",,"H526Y","rpoB","RNA polymerase beta subunit",,"rifampin|rifabutin|rifapentine|sorangicin A","Escherichia coli","in vitro transcription assay","Mutations in the rpoB gene encoding the beta subunit of RNA polymerase confer resistance to rifampin and related antibiotics.",,15805525,"Cross-resistance of Escherichia coli RNA polymerases conferring rifampin resistance to different antibiotics.",2005,
"Reslit",,"R529C","rpoB","RNA polymerase beta subunit",,"rifampin|rifabutin|rifapentine","Escherichia coli","in vitro transcription assay","Mutations in the rpoB gene encoding the beta subunit of RNA polymerase confer resistance to rifampin and related antibiotics.",,15805525,"Cross-resistance of Escherichia coli RNA polymerases conferring rifampin resistance to different antibiotics.",2005,
"Reslit",,"S531F","rpoB","RNA polymerase beta subunit",,"rifampin|rifabutin|rifapentine","Escherichia coli","in vitro transcription assay","Mutations in the rpoB gene encoding the beta subunit of RNA polymerase confer resistance to rifampin and related antibiotics.",,15805525,"Cross-resistance of Escherichia coli RNA polymerases conferring rifampin resistance to different antibiotics.",2005,
"Reslit",,"T563P","rpoB","RNA polymerase beta subunit",,"rifampin|rifabutin|rifapentine","Escherichia coli","in vitro transcription assay","Mutations in the rpoB gene encoding the beta subunit of RNA polymerase confer resistance to rifampin and related antibiotics.",,15805525,"Cross-resistance of Escherichia coli RNA polymerases conferring rifampin resistance to different antibiotics.",2005,
"Reslit",,"P564L","rpoB","RNA polymerase beta subunit",,"rifampin|rifabutin|rifapentine","Escherichia coli","in vitro transcription assay","Mutations in the rpoB gene encoding the beta subunit of RNA polymerase confer resistance to rifampin and related antibiotics.",,15805525,"Cross-resistance of Escherichia coli RNA polymerases conferring rifampin resistance to different antibiotics.",2005,
"Reslit",,"I572F","rpoB","RNA polymerase beta subunit",,"rifampin|rifabutin|rifapentine","Escherichia coli","in vitro transcription assay","Mutations in the rpoB gene encoding the beta subunit of RNA polymerase confer resistance to rifampin and related antibiotics.",,15805525,"Cross-resistance of Escherichia coli RNA polymerases conferring rifampin resistance to different antibiotics.",2005,
"Reslit",,"R687H","rpoB","RNA polymerase beta subunit",,"rifampin","Escherichia coli","in vitro transcription assay","Mutations in the rpoB gene encoding the beta subunit of RNA polymerase confer resistance to rifampin and related antibiotics.",,15805525,"Cross-resistance of Escherichia coli RNA polymerases conferring rifampin resistance to different antibiotics.",2005,
"Reslit",,"S87R","gyrA","DNA gyrase subunit A",,"ciprofloxacin|levofloxacin|moxifloxacin","Corynebacterium amycolatum","MIC testing","mutations in the QRDR of the gyrA gene are associated with quinolone resistance",,15855486,"Relationship between mutations in the gyrA gene and quinolone resistance in clinical isolates of Corynebacterium striatum and Corynebacterium amycolatum.",2005,
"Reslit",,"S87R","gyrA","DNA gyrase subunit A",,"ciprofloxacin|levofloxacin|moxifloxacin","Corynebacterium striatum","MIC testing","mutations in the QRDR of the gyrA gene are associated with quinolone resistance",,15855486,"Relationship between mutations in the gyrA gene and quinolone resistance in clinical isolates of Corynebacterium striatum and Corynebacterium amycolatum.",2005,
"Reslit",,"A88P","gyrA","DNA gyrase subunit A",,"ciprofloxacin|levofloxacin|moxifloxacin","Corynebacterium amycolatum","MIC testing","mutations in the QRDR of the gyrA gene are associated with quinolone resistance",,15855486,"Relationship between mutations in the gyrA gene and quinolone resistance in clinical isolates of Corynebacterium striatum and Corynebacterium amycolatum.",2005,
"Reslit",,"A88P","gyrA","DNA gyrase subunit A",,"ciprofloxacin|levofloxacin|moxifloxacin","Corynebacterium striatum","MIC testing","mutations in the QRDR of the gyrA gene are associated with quinolone resistance",,15855486,"Relationship between mutations in the gyrA gene and quinolone resistance in clinical isolates of Corynebacterium striatum and Corynebacterium amycolatum.",2005,
"Reslit",,"S87F","gyrA","DNA gyrase subunit A",,"ciprofloxacin|levofloxacin","Corynebacterium striatum","MIC testing","mutations in the QRDR of the gyrA gene are associated with quinolone resistance",,15855486,"Relationship between mutations in the gyrA gene and quinolone resistance in clinical isolates of Corynebacterium striatum and Corynebacterium amycolatum.",2005,
"Reslit",,"D91Y","gyrA","DNA gyrase subunit A",,"ciprofloxacin|levofloxacin","Corynebacterium striatum","MIC testing","mutations in the QRDR of the gyrA gene are associated with quinolone resistance",,15855486,"Relationship between mutations in the gyrA gene and quinolone resistance in clinical isolates of Corynebacterium striatum and Corynebacterium amycolatum.",2005,
"Reslit",,"S87V","gyrA","DNA gyrase subunit A",,"ciprofloxacin|levofloxacin|moxifloxacin","Corynebacterium striatum","MIC testing","mutations in the QRDR of the gyrA gene are associated with quinolone resistance",,15855486,"Relationship between mutations in the gyrA gene and quinolone resistance in clinical isolates of Corynebacterium striatum and Corynebacterium amycolatum.",2005,
"Reslit",,"V146F","rpoB","RNA polymerase beta subunit",,"rifampin","Mycobacterium tuberculosis","dgge and dna sequencing","all mutations are in the rpoB gene and confer resistance to rifampin",,15917513,"Detection of rpoB mutations associated with rifampin resistance in Mycobacterium tuberculosis using denaturing gradient gel electrophoresis.",2005,
"Reslit",,"G438G","rpoB","RNA polymerase beta subunit",,"rifampin","Mycobacterium tuberculosis","dgge and dna sequencing","all mutations are in the rpoB gene and confer resistance to rifampin",,15917513,"Detection of rpoB mutations associated with rifampin resistance in Mycobacterium tuberculosis using denaturing gradient gel electrophoresis.",2005,
"Reslit",,"Q510H","rpoB","RNA polymerase beta subunit",,"rifampin","Mycobacterium tuberculosis","dgge and dna sequencing","all mutations are in the rpoB gene and confer resistance to rifampin",,15917513,"Detection of rpoB mutations associated with rifampin resistance in Mycobacterium tuberculosis using denaturing gradient gel electrophoresis.",2005,
"Reslit",,"H511Y","rpoB","RNA polymerase beta subunit",,"rifampin","Mycobacterium tuberculosis","dgge and dna sequencing","all mutations are in the rpoB gene and confer resistance to rifampin",,15917513,"Detection of rpoB mutations associated with rifampin resistance in Mycobacterium tuberculosis using denaturing gradient gel electrophoresis.",2005,
"Reslit",,"L511P","rpoB","RNA polymerase beta subunit",,"rifampin","Mycobacterium tuberculosis","dgge and dna sequencing","all mutations are in the rpoB gene and confer resistance to rifampin",,15917513,"Detection of rpoB mutations associated with rifampin resistance in Mycobacterium tuberculosis using denaturing gradient gel electrophoresis.",2005,
"Reslit",,"D516G","rpoB","RNA polymerase beta subunit",,"rifampin","Mycobacterium tuberculosis","dgge and dna sequencing","all mutations are in the rpoB gene and confer resistance to rifampin",,15917513,"Detection of rpoB mutations associated with rifampin resistance in Mycobacterium tuberculosis using denaturing gradient gel electrophoresis.",2005,
"Reslit",,"D516V","rpoB","RNA polymerase beta subunit",,"rifampin","Mycobacterium tuberculosis","dgge and dna sequencing","all mutations are in the rpoB gene and confer resistance to rifampin",,15917513,"Detection of rpoB mutations associated with rifampin resistance in Mycobacterium tuberculosis using denaturing gradient gel electrophoresis.",2005,
"Reslit",,"D516Y","rpoB","RNA polymerase beta subunit",,"rifampin","Mycobacterium tuberculosis","dgge and dna sequencing","all mutations are in the rpoB gene and confer resistance to rifampin",,15917513,"Detection of rpoB mutations associated with rifampin resistance in Mycobacterium tuberculosis using denaturing gradient gel electrophoresis.",2005,
"Reslit",,"D516E","rpoB","RNA polymerase beta subunit",,"rifampin","Mycobacterium tuberculosis","dgge and dna sequencing","all mutations are in the rpoB gene and confer resistance to rifampin",,15917513,"Detection of rpoB mutations associated with rifampin resistance in Mycobacterium tuberculosis using denaturing gradient gel electrophoresis.",2005,
"Reslit",,"H526N","rpoB","RNA polymerase beta subunit",,"rifampin","Mycobacterium tuberculosis","dgge and dna sequencing","all mutations are in the rpoB gene and confer resistance to rifampin",,15917513,"Detection of rpoB mutations associated with rifampin resistance in Mycobacterium tuberculosis using denaturing gradient gel electrophoresis.",2005,
"Reslit",,"H526R","rpoB","RNA polymerase beta subunit",,"rifampin","Mycobacterium tuberculosis","dgge and dna sequencing","all mutations are in the rpoB gene and confer resistance to rifampin",,15917513,"Detection of rpoB mutations associated with rifampin resistance in Mycobacterium tuberculosis using denaturing gradient gel electrophoresis.",2005,
"Reslit",,"H526N","rpoB","RNA polymerase beta subunit",,"rifampin","Mycobacterium tuberculosis","dgge and dna sequencing","all mutations are in the rpoB gene and confer resistance to rifampin",,15917513,"Detection of rpoB mutations associated with rifampin resistance in Mycobacterium tuberculosis using denaturing gradient gel electrophoresis.",2005,
"Reslit",,"H526D","rpoB","RNA polymerase beta subunit",,"rifampin","Mycobacterium tuberculosis","dgge and dna sequencing","all mutations are in the rpoB gene and confer resistance to rifampin",,15917513,"Detection of rpoB mutations associated with rifampin resistance in Mycobacterium tuberculosis using denaturing gradient gel electrophoresis.",2005,
"Reslit",,"H526C","rpoB","RNA polymerase beta subunit",,"rifampin","Mycobacterium tuberculosis","dgge and dna sequencing","all mutations are in the rpoB gene and confer resistance to rifampin",,15917513,"Detection of rpoB mutations associated with rifampin resistance in Mycobacterium tuberculosis using denaturing gradient gel electrophoresis.",2005,
"Reslit",,"H526Y","rpoB","RNA polymerase beta subunit",,"rifampin","Mycobacterium tuberculosis","dgge and dna sequencing","all mutations are in the rpoB gene and confer resistance to rifampin",,15917513,"Detection of rpoB mutations associated with rifampin resistance in Mycobacterium tuberculosis using denaturing gradient gel electrophoresis.",2005,
"Reslit",,"H526S","rpoB","RNA polymerase beta subunit",,"rifampin","Mycobacterium tuberculosis","dgge and dna sequencing","all mutations are in the rpoB gene and confer resistance to rifampin",,15917513,"Detection of rpoB mutations associated with rifampin resistance in Mycobacterium tuberculosis using denaturing gradient gel electrophoresis.",2005,
"Reslit",,"H526S","rpoB","RNA polymerase beta subunit",,"rifampin","Mycobacterium tuberculosis","dgge and dna sequencing","all mutations are in the rpoB gene and confer resistance to rifampin",,15917513,"Detection of rpoB mutations associated with rifampin resistance in Mycobacterium tuberculosis using denaturing gradient gel electrophoresis.",2005,
"Reslit",,"H526L","rpoB","RNA polymerase beta subunit",,"rifampin","Mycobacterium tuberculosis","dgge and dna sequencing","all mutations are in the rpoB gene and confer resistance to rifampin",,15917513,"Detection of rpoB mutations associated with rifampin resistance in Mycobacterium tuberculosis using denaturing gradient gel electrophoresis.",2005,
"Reslit",,"S526A","rpoB","RNA polymerase beta subunit",,"rifampin","Mycobacterium tuberculosis","dgge and dna sequencing","all mutations are in the rpoB gene and confer resistance to rifampin",,15917513,"Detection of rpoB mutations associated with rifampin resistance in Mycobacterium tuberculosis using denaturing gradient gel electrophoresis.",2005,
"Reslit",,"S531Y","rpoB","RNA polymerase beta subunit",,"rifampin","Mycobacterium tuberculosis","dgge and dna sequencing","all mutations are in the rpoB gene and confer resistance to rifampin",,15917513,"Detection of rpoB mutations associated with rifampin resistance in Mycobacterium tuberculosis using denaturing gradient gel electrophoresis.",2005,
"Reslit",,"S531L","rpoB","RNA polymerase beta subunit",,"rifampin","Mycobacterium tuberculosis","dgge and dna sequencing","all mutations are in the rpoB gene and confer resistance to rifampin",,15917513,"Detection of rpoB mutations associated with rifampin resistance in Mycobacterium tuberculosis using denaturing gradient gel electrophoresis.",2005,
"Reslit",,"S531W","rpoB","RNA polymerase beta subunit",,"rifampin","Mycobacterium tuberculosis","dgge and dna sequencing","all mutations are in the rpoB gene and confer resistance to rifampin",,15917513,"Detection of rpoB mutations associated with rifampin resistance in Mycobacterium tuberculosis using denaturing gradient gel electrophoresis.",2005,
"Reslit",,"S531F","rpoB","RNA polymerase beta subunit",,"rifampin","Mycobacterium tuberculosis","dgge and dna sequencing","all mutations are in the rpoB gene and confer resistance to rifampin",,15917513,"Detection of rpoB mutations associated with rifampin resistance in Mycobacterium tuberculosis using denaturing gradient gel electrophoresis.",2005,
"Reslit",,"V146F","rpoB","RNA polymerase beta subunit",,"rifampin","Mycobacterium tuberculosis","dgge and dna sequencing","all mutations are in the rpoB gene and confer resistance to rifampin",,15917513,"Detection of rpoB mutations associated with rifampin resistance in Mycobacterium tuberculosis using denaturing gradient gel electrophoresis.",2005,
"Reslit",,"E562L","rpoB","RNA polymerase beta subunit",,"rifampin","Mycobacterium tuberculosis","dgge and dna sequencing","all mutations are in the rpoB gene and confer resistance to rifampin",,15917513,"Detection of rpoB mutations associated with rifampin resistance in Mycobacterium tuberculosis using denaturing gradient gel electrophoresis.",2005,
"Reslit",,"P564S","rpoB","RNA polymerase beta subunit",,"rifampin","Mycobacterium tuberculosis","dgge and dna sequencing","all mutations are in the rpoB gene and confer resistance to rifampin",,15917513,"Detection of rpoB mutations associated with rifampin resistance in Mycobacterium tuberculosis using denaturing gradient gel electrophoresis.",2005,
"Reslit",,"I572F","rpoB","RNA polymerase beta subunit",,"rifampin","Mycobacterium tuberculosis","dgge and dna sequencing","all mutations are in the rpoB gene and confer resistance to rifampin",,15917513,"Detection of rpoB mutations associated with rifampin resistance in Mycobacterium tuberculosis using denaturing gradient gel electrophoresis.",2005,
"Reslit",,"I572L","rpoB","RNA polymerase beta subunit",,"rifampin","Mycobacterium tuberculosis","dgge and dna sequencing","all mutations are in the rpoB gene and confer resistance to rifampin",,15917513,"Detection of rpoB mutations associated with rifampin resistance in Mycobacterium tuberculosis using denaturing gradient gel electrophoresis.",2005,
"Reslit",,"P622Q","rpoB","RNA polymerase beta subunit",,"rifampin","Mycobacterium tuberculosis","dgge and dna sequencing","all mutations are in the rpoB gene and confer resistance to rifampin",,15917513,"Detection of rpoB mutations associated with rifampin resistance in Mycobacterium tuberculosis using denaturing gradient gel electrophoresis.",2005,
"Reslit",,"E641E","rpoB","RNA polymerase beta subunit",,"rifampin","Mycobacterium tuberculosis","dgge and dna sequencing","all mutations are in the rpoB gene and confer resistance to rifampin",,15917513,"Detection of rpoB mutations associated with rifampin resistance in Mycobacterium tuberculosis using denaturing gradient gel electrophoresis.",2005,
"Reslit",,"V642A","rpoB","RNA polymerase beta subunit",,"rifampin","Mycobacterium tuberculosis","dgge and dna sequencing","all mutations are in the rpoB gene and confer resistance to rifampin",,15917513,"Detection of rpoB mutations associated with rifampin resistance in Mycobacterium tuberculosis using denaturing gradient gel electrophoresis.",2005,
"Reslit",,"P646S","rpoB","RNA polymerase beta subunit",,"rifampin","Mycobacterium tuberculosis","dgge and dna sequencing","all mutations are in the rpoB gene and confer resistance to rifampin",,15917513,"Detection of rpoB mutations associated with rifampin resistance in Mycobacterium tuberculosis using denaturing gradient gel electrophoresis.",2005,
"Reslit",,"P646L","rpoB","RNA polymerase beta subunit",,"rifampin","Mycobacterium tuberculosis","dgge and dna sequencing","all mutations are in the rpoB gene and confer resistance to rifampin",,15917513,"Detection of rpoB mutations associated with rifampin resistance in Mycobacterium tuberculosis using denaturing gradient gel electrophoresis.",2005,
"Reslit","C150A",,"rpoB","RNA polymerase beta subunit",,"rifampin","Streptococcus pneumoniae","genetic transformation","Mutations in rpoB were identified as the cause of rifampin resistance in Streptococcus pneumoniae.",,15917517,"New mutations and horizontal transfer of rpoB among Rifampin-Resistant Streptococcus pneumoniae from four Spanish hospitals.",2005,
"Reslit","T481C",,"rpoB","RNA polymerase beta subunit",,"rifampin","Streptococcus pneumoniae","genetic transformation","Mutations in rpoB were identified as the cause of rifampin resistance in Streptococcus pneumoniae.",,15917517,"New mutations and horizontal transfer of rpoB among Rifampin-Resistant Streptococcus pneumoniae from four Spanish hospitals.",2005,
"Reslit","T482C",,"rpoB","RNA polymerase beta subunit",,"rifampin","Streptococcus pneumoniae","genetic transformation","Mutations in rpoB were identified as the cause of rifampin resistance in Streptococcus pneumoniae.",,15917517,"New mutations and horizontal transfer of rpoB among Rifampin-Resistant Streptococcus pneumoniae from four Spanish hospitals.",2005,
"Reslit","T485C",,"rpoB","RNA polymerase beta subunit",,"rifampin","Streptococcus pneumoniae","genetic transformation","Mutations in rpoB were identified as the cause of rifampin resistance in Streptococcus pneumoniae.",,15917517,"New mutations and horizontal transfer of rpoB among Rifampin-Resistant Streptococcus pneumoniae from four Spanish hospitals.",2005,
"Reslit","C486T",,"rpoB","RNA polymerase beta subunit",,"rifampin","Streptococcus pneumoniae","genetic transformation","Mutations in rpoB were identified as the cause of rifampin resistance in Streptococcus pneumoniae.",,15917517,"New mutations and horizontal transfer of rpoB among Rifampin-Resistant Streptococcus pneumoniae from four Spanish hospitals.",2005,
"Reslit","C486A",,"rpoB","RNA polymerase beta subunit",,"rifampin","Streptococcus pneumoniae","genetic transformation","Mutations in rpoB were identified as the cause of rifampin resistance in Streptococcus pneumoniae.",,15917517,"New mutations and horizontal transfer of rpoB among Rifampin-Resistant Streptococcus pneumoniae from four Spanish hospitals.",2005,
"Reslit","G489A",,"rpoB","RNA polymerase beta subunit",,"rifampin","Streptococcus pneumoniae","genetic transformation","Mutations in rpoB were identified as the cause of rifampin resistance in Streptococcus pneumoniae.",,15917517,"New mutations and horizontal transfer of rpoB among Rifampin-Resistant Streptococcus pneumoniae from four Spanish hospitals.",2005,
"Reslit","G489T",,"rpoB","RNA polymerase beta subunit",,"rifampin","Streptococcus pneumoniae","genetic transformation","Mutations in rpoB were identified as the cause of rifampin resistance in Streptococcus pneumoniae.",,15917517,"New mutations and horizontal transfer of rpoB among Rifampin-Resistant Streptococcus pneumoniae from four Spanish hospitals.",2005,
"Reslit","G489C",,"rpoB","RNA polymerase beta subunit",,"rifampin","Streptococcus pneumoniae","genetic transformation","Mutations in rpoB were identified as the cause of rifampin resistance in Streptococcus pneumoniae.",,15917517,"New mutations and horizontal transfer of rpoB among Rifampin-Resistant Streptococcus pneumoniae from four Spanish hospitals.",2005,
"Reslit","T495C",,"rpoB","RNA polymerase beta subunit",,"rifampin","Streptococcus pneumoniae","genetic transformation","Mutations in rpoB were identified as the cause of rifampin resistance in Streptococcus pneumoniae.",,15917517,"New mutations and horizontal transfer of rpoB among Rifampin-Resistant Streptococcus pneumoniae from four Spanish hospitals.",2005,
"Reslit","T498C",,"rpoB","RNA polymerase beta subunit",,"rifampin","Streptococcus pneumoniae","genetic transformation","Mutations in rpoB were identified as the cause of rifampin resistance in Streptococcus pneumoniae.",,15917517,"New mutations and horizontal transfer of rpoB among Rifampin-Resistant Streptococcus pneumoniae from four Spanish hospitals.",2005,
"Reslit","C499T",,"rpoB","RNA polymerase beta subunit",,"rifampin","Streptococcus pneumoniae","genetic transformation","Mutations in rpoB were identified as the cause of rifampin resistance in Streptococcus pneumoniae.",,15917517,"New mutations and horizontal transfer of rpoB among Rifampin-Resistant Streptococcus pneumoniae from four Spanish hospitals.",2005,
"Reslit","C499A",,"rpoB","RNA polymerase beta subunit",,"rifampin","Streptococcus pneumoniae","genetic transformation","Mutations in rpoB were identified as the cause of rifampin resistance in Streptococcus pneumoniae.",,15917517,"New mutations and horizontal transfer of rpoB among Rifampin-Resistant Streptococcus pneumoniae from four Spanish hospitals.",2005,
"Reslit","C499G",,"rpoB","RNA polymerase beta subunit",,"rifampin","Streptococcus pneumoniae","genetic transformation","Mutations in rpoB were identified as the cause of rifampin resistance in Streptococcus pneumoniae.",,15917517,"New mutations and horizontal transfer of rpoB among Rifampin-Resistant Streptococcus pneumoniae from four Spanish hospitals.",2005,
"Reslit","C501T",,"rpoB","RNA polymerase beta subunit",,"rifampin","Streptococcus pneumoniae","genetic transformation","Mutations in rpoB were identified as the cause of rifampin resistance in Streptococcus pneumoniae.",,15917517,"New mutations and horizontal transfer of rpoB among Rifampin-Resistant Streptococcus pneumoniae from four Spanish hospitals.",2005,
"Reslit","T506C",,"rpoB","RNA polymerase beta subunit",,"rifampin","Streptococcus pneumoniae","genetic transformation","Mutations in rpoB were identified as the cause of rifampin resistance in Streptococcus pneumoniae.",,15917517,"New mutations and horizontal transfer of rpoB among Rifampin-Resistant Streptococcus pneumoniae from four Spanish hospitals.",2005,
"Reslit","T506A",,"rpoB","RNA polymerase beta subunit",,"rifampin","Streptococcus pneumoniae","genetic transformation","Mutations in rpoB were identified as the cause of rifampin resistance in Streptococcus pneumoniae.",,15917517,"New mutations and horizontal transfer of rpoB among Rifampin-Resistant Streptococcus pneumoniae from four Spanish hospitals.",2005,
"Reslit","G638A",,"rpoB","RNA polymerase beta subunit",,"rifampin","Streptococcus pneumoniae","genetic transformation","Mutations in rpoB were identified as the cause of rifampin resistance in Streptococcus pneumoniae.",,15917517,"New mutations and horizontal transfer of rpoB among Rifampin-Resistant Streptococcus pneumoniae from four Spanish hospitals.",2005,
"Reslit","C535G",,"rpoB","RNA polymerase beta subunit",,"rifampin","Streptococcus pneumoniae","genetic transformation","Mutations in rpoB were identified as the cause of rifampin resistance in Streptococcus pneumoniae.",,15917517,"New mutations and horizontal transfer of rpoB among Rifampin-Resistant Streptococcus pneumoniae from four Spanish hospitals.",2005,
"Reslit","C537T",,"rpoB","RNA polymerase beta subunit",,"rifampin","Streptococcus pneumoniae","genetic transformation","Mutations in rpoB were identified as the cause of rifampin resistance in Streptococcus pneumoniae.",,15917517,"New mutations and horizontal transfer of rpoB among Rifampin-Resistant Streptococcus pneumoniae from four Spanish hospitals.",2005,
"Reslit","A547T",,"rpoB","RNA polymerase beta subunit",,"rifampin","Streptococcus pneumoniae","genetic transformation","Mutations in rpoB were identified as the cause of rifampin resistance in Streptococcus pneumoniae.",,15917517,"New mutations and horizontal transfer of rpoB among Rifampin-Resistant Streptococcus pneumoniae from four Spanish hospitals.",2005,
"Reslit",,"A119E","gyrA","DNA gyrase A subunit",,"norfloxacin","Escherichia coli","sequencing and MIC testing",,,15917531,"Biological cost of single and multiple norfloxacin resistance mutations in Escherichia coli implicated in urinary tract infections.",2005,
"Reslit","CGG->CAC","R94H","marR","transcriptional repressor",,"norfloxacin","Escherichia coli","sequencing and MIC testing",,,15917531,"Biological cost of single and multiple norfloxacin resistance mutations in Escherichia coli implicated in urinary tract infections.",2005,
"Reslit",,"S79L","parC","topoisomerase IV subunit",,"ciprofloxacin|levofloxacin|moxifloxacin|gatifloxacin|gemifloxacin|garenoxacin|norfloxacin","Streptococcus pneumoniae","introduction into R6 background and susceptibility testing",,,15917550,"Novel Ser79Leu and Ser81Ile Substitutions in the Quinolone Resistance-Determining Regions of ParC Topoisomerase IV and GyrA DNA Gyrase Subunits from Recent Fluoroquinolone-Resistant Streptococcus pneumoniae Clinical Isolates.",2005,
"Reslit",,"S81I","gyrA","DNA gyrase subunit",,"ciprofloxacin|levofloxacin|moxifloxacin|gatifloxacin|gemifloxacin|garenoxacin|norfloxacin","Streptococcus pneumoniae","introduction into R6 background and susceptibility testing",,,15917550,"Novel Ser79Leu and Ser81Ile Substitutions in the Quinolone Resistance-Determining Regions of ParC Topoisomerase IV and GyrA DNA Gyrase Subunits from Recent Fluoroquinolone-Resistant Streptococcus pneumoniae Clinical Isolates.",2005,
"Reslit",,"T83I","gyrA","DNA gyrase subunit A",,"ciprofloxacin|garenoxacin","Pseudomonas aeruginosa","PCR and sequencing",,,15917569,"Selection of cross-resistance following exposure of Pseudomonas aeruginosa clinical isolates to ciprofloxacin or cefepime.",2005,
"Reslit",,"A473V","gyrB","DNA gyrase subunit B",,"ciprofloxacin|garenoxacin","Pseudomonas aeruginosa","PCR and sequencing",,,15917569,"Selection of cross-resistance following exposure of Pseudomonas aeruginosa clinical isolates to ciprofloxacin or cefepime.",2005,
"Reslit",,"A436T","gyrB","DNA gyrase subunit B",,"ciprofloxacin|garenoxacin","Pseudomonas aeruginosa","PCR and sequencing",,,15917569,"Selection of cross-resistance following exposure of Pseudomonas aeruginosa clinical isolates to ciprofloxacin or cefepime.",2005,
"Reslit",,"S468F","parE","topoisomerase IV subunit",,"ciprofloxacin|garenoxacin","Pseudomonas aeruginosa","PCR and sequencing",,,15917569,"Selection of cross-resistance following exposure of Pseudomonas aeruginosa clinical isolates to ciprofloxacin or cefepime.",2005,
"Reslit",,"S468Y","parE","topoisomerase IV subunit",,"ciprofloxacin|garenoxacin","Pseudomonas aeruginosa","PCR and sequencing",,,15917569,"Selection of cross-resistance following exposure of Pseudomonas aeruginosa clinical isolates to ciprofloxacin or cefepime.",2005,
"Reslit",,"P394R","parE","topoisomerase IV subunit",,"ciprofloxacin|garenoxacin","Pseudomonas aeruginosa","PCR and sequencing",,,15917569,"Selection of cross-resistance following exposure of Pseudomonas aeruginosa clinical isolates to ciprofloxacin or cefepime.",2005,
"Reslit",,"D72G","parE","topoisomerase IV subunit",,"ciprofloxacin|garenoxacin","Pseudomonas aeruginosa","PCR and sequencing",,,15917569,"Selection of cross-resistance following exposure of Pseudomonas aeruginosa clinical isolates to ciprofloxacin or cefepime.",2005,
"Reslit",,"D87N","parE","topoisomerase IV subunit",,"ciprofloxacin|garenoxacin","Pseudomonas aeruginosa","PCR and sequencing",,,15917569,"Selection of cross-resistance following exposure of Pseudomonas aeruginosa clinical isolates to ciprofloxacin or cefepime.",2005,
"Reslit",,"D87H","parE","topoisomerase IV subunit",,"ciprofloxacin|garenoxacin","Pseudomonas aeruginosa","PCR and sequencing",,,15917569,"Selection of cross-resistance following exposure of Pseudomonas aeruginosa clinical isolates to ciprofloxacin or cefepime.",2005,
"Reslit",,"D87Y","parE","topoisomerase IV subunit",,"ciprofloxacin|garenoxacin","Pseudomonas aeruginosa","PCR and sequencing",,,15917569,"Selection of cross-resistance following exposure of Pseudomonas aeruginosa clinical isolates to ciprofloxacin or cefepime.",2005,
"Reslit",,"D87G","parE","topoisomerase IV subunit",,"ciprofloxacin|garenoxacin","Pseudomonas aeruginosa","PCR and sequencing",,,15917569,"Selection of cross-resistance following exposure of Pseudomonas aeruginosa clinical isolates to ciprofloxacin or cefepime.",2005,
"Reslit",,"A67S","parE","topoisomerase IV subunit",,"ciprofloxacin|garenoxacin","Pseudomonas aeruginosa","PCR and sequencing",,,15917569,"Selection of cross-resistance following exposure of Pseudomonas aeruginosa clinical isolates to ciprofloxacin or cefepime.",2005,
"Reslit",,"D72G","parE","topoisomerase IV subunit",,"ciprofloxacin|garenoxacin","Pseudomonas aeruginosa","PCR and sequencing",,,15917569,"Selection of cross-resistance following exposure of Pseudomonas aeruginosa clinical isolates to ciprofloxacin or cefepime.",2005,
"Reslit",,"E470D","parE","topoisomerase IV subunit",,"ciprofloxacin|garenoxacin","Pseudomonas aeruginosa","PCR and sequencing",,,15917569,"Selection of cross-resistance following exposure of Pseudomonas aeruginosa clinical isolates to ciprofloxacin or cefepime.",2005,
"Reslit",,"S522L","rpoB","RNA polymerase beta subunit",,"rifampicin","Mycobacterium tuberculosis","sequencing of rpoB gene fragments","Mutations in the rpoB gene were identified through sequencing of gene fragments.",,15958167,"Acquisition of rifabutin resistance by a rifampicin resistant mutant of Mycobacterium tuberculosis involves an unusual spectrum of mutations and elevated frequency.",2005,
"Reslit",,"H526Y","rpoB","RNA polymerase beta subunit",,"rifampicin|rifabutin","Mycobacterium tuberculosis","sequencing of rpoB gene fragments","Mutations in the rpoB gene were identified through sequencing of gene fragments.",,15958167,"Acquisition of rifabutin resistance by a rifampicin resistant mutant of Mycobacterium tuberculosis involves an unusual spectrum of mutations and elevated frequency.",2005,
"Reslit",,"S531L","rpoB","RNA polymerase beta subunit",,"rifampicin|rifabutin","Mycobacterium tuberculosis","sequencing of rpoB gene fragments","Mutations in the rpoB gene were identified through sequencing of gene fragments.",,15958167,"Acquisition of rifabutin resistance by a rifampicin resistant mutant of Mycobacterium tuberculosis involves an unusual spectrum of mutations and elevated frequency.",2005,
"Reslit",,"F505L","rpoB","RNA polymerase beta subunit",,"rifabutin","Mycobacterium tuberculosis","sequencing of rpoB gene fragments","Mutations in the rpoB gene were identified through sequencing of gene fragments.",,15958167,"Acquisition of rifabutin resistance by a rifampicin resistant mutant of Mycobacterium tuberculosis involves an unusual spectrum of mutations and elevated frequency.",2005,
"Reslit",,"S512G","rpoB","RNA polymerase beta subunit",,"rifabutin","Mycobacterium tuberculosis","sequencing of rpoB gene fragments","Mutations in the rpoB gene were identified through sequencing of gene fragments.",,15958167,"Acquisition of rifabutin resistance by a rifampicin resistant mutant of Mycobacterium tuberculosis involves an unusual spectrum of mutations and elevated frequency.",2005,
"Reslit",,"V144M","rpoB","RNA polymerase beta subunit",,"rifabutin","Mycobacterium tuberculosis","sequencing of rpoB gene fragments","Mutations in the rpoB gene were identified through sequencing of gene fragments.",,15958167,"Acquisition of rifabutin resistance by a rifampicin resistant mutant of Mycobacterium tuberculosis involves an unusual spectrum of mutations and elevated frequency.",2005,
"Reslit",,"V146F","rpoB","RNA polymerase beta subunit",,"rifabutin","Mycobacterium tuberculosis","sequencing of rpoB gene fragments","Mutations in the rpoB gene were identified through sequencing of gene fragments.",,15958167,"Acquisition of rifabutin resistance by a rifampicin resistant mutant of Mycobacterium tuberculosis involves an unusual spectrum of mutations and elevated frequency.",2005,
"Reslit",,"Q148H","rpoB","RNA polymerase beta subunit",,"rifabutin","Mycobacterium tuberculosis","sequencing of rpoB gene fragments","Mutations in the rpoB gene were identified through sequencing of gene fragments.",,15958167,"Acquisition of rifabutin resistance by a rifampicin resistant mutant of Mycobacterium tuberculosis involves an unusual spectrum of mutations and elevated frequency.",2005,
"Reslit",,"S83F","gyrA","DNA gyrase subunit A",,"ciprofloxacin","Salmonella enterica","Sequencing of QRDRs","Mutations in gyrA and parC contribute to ciprofloxacin resistance",,15963294,"Cephalosporin and ciprofloxacin resistance in Salmonella, Taiwan.",2005,
"Reslit",,"D87N","gyrA","DNA gyrase subunit A",,"ciprofloxacin","Salmonella enterica","Sequencing of QRDRs","Mutations in gyrA and parC contribute to ciprofloxacin resistance",,15963294,"Cephalosporin and ciprofloxacin resistance in Salmonella, Taiwan.",2005,
"Reslit",,"S80L","parC","DNA topoisomerase IV subunit C",,"ciprofloxacin","Salmonella enterica","Sequencing of QRDRs","Mutation in parC contributes to ciprofloxacin resistance",,15963294,"Cephalosporin and ciprofloxacin resistance in Salmonella, Taiwan.",2005,
"Reslit","CAG -> TAT",,"rpoB","RNA polymerase beta subunit",,"rifampin","Neisseria meningitidis","sequencing","Mutations in the RNA polymerase β subunit (rpoB) gene were found in isolates from each rifampin-resistant case-patient.",,15963302,"Rifampin-resistant meningococcal disease.",2005,
"Reslit","G262T","D88Y","gyrA","DNA gyrase subunit A",,"ciprofloxacin","Haemophilus influenzae","transformation and sequencing",,,15980348,"Novel approach to mapping of resistance mutations in whole genomes by using restriction enzyme modulation of transformation efficiency.",2005,
"Reslit",,"P520S","pbp4","penicillin-binding protein 4",,"ampicillin|imipenem","Enterococcus faecalis","sequencing of pbp4 gene and analysis of PBP4 affinity",,,15980374,"Mechanisms of resistance to imipenem and ampicillin in Enterococcus faecalis.",2005,
"Reslit",,"Y605H","pbp4","penicillin-binding protein 4",,"ampicillin|imipenem","Enterococcus faecalis","sequencing of pbp4 gene and analysis of PBP4 affinity",,,15980374,"Mechanisms of resistance to imipenem and ampicillin in Enterococcus faecalis.",2005,
"Reslit",,"S130G","blaTEM-1","beta-lactamase","prevents irreversible cross-linking of the inhibitor to Ser130","penicillins","Escherichia coli","structural analysis and kinetic measurements","The Ser130Gly substitution prevents irreversible cross-linking of the inhibitor to Ser130, leading to resistance.",,15981999,"Structural consequences of the inhibitor-resistant Ser130Gly substitution in TEM beta-lactamase.",2005,"TEM-1"
"Reslit",,"Q22*","tlyA","putative rRNA methyltransferase",,"capreomycin|viomycin","Mycobacterium tuberculosis","sequencing and MIC determination","mutation of tlyA gene confers resistance to capreomycin and viomycin",,16048924,"Molecular analysis of cross-resistance to capreomycin, kanamycin, amikacin, and viomycin in Mycobacterium tuberculosis.",2005,
"Reslit",,"S91F","gyrA","DNA gyrase subunit A",,"ciprofloxacin|gatifloxacin|levofloxacin|ofloxacin","Neisseria gonorrhoeae","sequencing",,,16145072,"Cultivation of Neisseria gonorrhoeae in liquid media and determination of its in vitro susceptibilities to quinolones.",2005,
"Reslit",,"D86N","parC","topoisomerase IV subunit C",,"ciprofloxacin|gatifloxacin|levofloxacin|ofloxacin","Neisseria gonorrhoeae","sequencing",,,16145072,"Cultivation of Neisseria gonorrhoeae in liquid media and determination of its in vitro susceptibilities to quinolones.",2005,
"Reslit",,"E91K","parC","topoisomerase IV subunit C",,"ciprofloxacin|gatifloxacin|levofloxacin|ofloxacin","Neisseria gonorrhoeae","sequencing",,,16145072,"Cultivation of Neisseria gonorrhoeae in liquid media and determination of its in vitro susceptibilities to quinolones.",2005,
"Reslit","G155A",,"tet(L)","tetracycline efflux protein",,"tetracycline","Escherichia coli","mutant analysis and transport assays","Mutations in the GP dipeptide of Motif C and other proline and glycine residues affect tetracycline efflux capacity.",,16171405,"Importance of the GP dipeptide of the ""antiporter motif"" and other membrane-embedded proline and glycine residues in tetracycline efflux protein Tet(L).",2005,
"Reslit","G155C",,"tet(L)","tetracycline efflux protein",,"tetracycline","Escherichia coli","mutant analysis and transport assays","Mutations in the GP dipeptide of Motif C and other proline and glycine residues affect tetracycline efflux capacity.",,16171405,"Importance of the GP dipeptide of the ""antiporter motif"" and other membrane-embedded proline and glycine residues in tetracycline efflux protein Tet(L).",2005,
"Reslit",,"G155S","tet(L)","tetracycline efflux protein",,"tetracycline","Escherichia coli","mutant analysis and transport assays","Mutations in the GP dipeptide of Motif C and other proline and glycine residues affect tetracycline efflux capacity.",,16171405,"Importance of the GP dipeptide of the ""antiporter motif"" and other membrane-embedded proline and glycine residues in tetracycline efflux protein Tet(L).",2005,
"Reslit",,"P156A","tet(L)","tetracycline efflux protein",,"tetracycline","Escherichia coli","mutant analysis and transport assays","Mutations in the GP dipeptide of Motif C and other proline and glycine residues affect tetracycline efflux capacity.",,16171405,"Importance of the GP dipeptide of the ""antiporter motif"" and other membrane-embedded proline and glycine residues in tetracycline efflux protein Tet(L).",2005,
"Reslit",,"P156C","tet(L)","tetracycline efflux protein",,"tetracycline","Escherichia coli","mutant analysis and transport assays","Mutations in the GP dipeptide of Motif C and other proline and glycine residues affect tetracycline efflux capacity.",,16171405,"Importance of the GP dipeptide of the ""antiporter motif"" and other membrane-embedded proline and glycine residues in tetracycline efflux protein Tet(L).",2005,
"Reslit",,"P156G","tet(L)","tetracycline efflux protein",,"tetracycline","Escherichia coli","mutant analysis and transport assays","Mutations in the GP dipeptide of Motif C and other proline and glycine residues affect tetracycline efflux capacity.",,16171405,"Importance of the GP dipeptide of the ""antiporter motif"" and other membrane-embedded proline and glycine residues in tetracycline efflux protein Tet(L).",2005,
"Reslit",,"D117A","katG","catalase-peroxidase",,"isoniazid","Mycobacterium tuberculosis","sequencing of the katG ORF","Three novel katG mutations (D117A, M257I, G491C) were identified in three INH-resistant strains with a wild-type katG codon 315, fabG1-inhA regulatory region, and inhA structural gene.",,16189082,"Molecular characterization of isoniazid-resistant Mycobacterium tuberculosis isolates collected in Australia.",2005,
"Reslit",,"M257I","katG","catalase-peroxidase",,"isoniazid","Mycobacterium tuberculosis","sequencing of the katG ORF","Three novel katG mutations (D117A, M257I, G491C) were identified in three INH-resistant strains with a wild-type katG codon 315, fabG1-inhA regulatory region, and inhA structural gene.",,16189082,"Molecular characterization of isoniazid-resistant Mycobacterium tuberculosis isolates collected in Australia.",2005,
"Reslit",,"G491C","katG","catalase-peroxidase",,"isoniazid","Mycobacterium tuberculosis","sequencing of the katG ORF","Three novel katG mutations (D117A, M257I, G491C) were identified in three INH-resistant strains with a wild-type katG codon 315, fabG1-inhA regulatory region, and inhA structural gene.",,16189082,"Molecular characterization of isoniazid-resistant Mycobacterium tuberculosis isolates collected in Australia.",2005,
"Reslit",,"D78A","parC","DNA gyrase subunit C",,"fluoroquinolones","Streptococcus pneumoniae","sequencing and MIC testing","Mutations in parC are associated with fluoroquinolone resistance.",,16189113,"Horizontal transfer of fluoroquinolone resistance genes in Streptococcus pneumoniae",2003,
"Reslit",,"D78N","parC","DNA gyrase subunit C",,"fluoroquinolones","Streptococcus pneumoniae","sequencing and MIC testing","Mutations in parC are associated with fluoroquinolone resistance.",,16189113,"Horizontal transfer of fluoroquinolone resistance genes in Streptococcus pneumoniae",2003,
"Reslit",,"S79F","parC","DNA gyrase subunit C",,"fluoroquinolones","Streptococcus pneumoniae","sequencing and MIC testing","Mutations in parC are associated with fluoroquinolone resistance.",,16189113,"Horizontal transfer of fluoroquinolone resistance genes in Streptococcus pneumoniae",2003,
"Reslit",,"S79Y","parC","DNA gyrase subunit C",,"fluoroquinolones","Streptococcus pneumoniae","sequencing and MIC testing","Mutations in parC are associated with fluoroquinolone resistance.",,16189113,"Horizontal transfer of fluoroquinolone resistance genes in Streptococcus pneumoniae",2003,
"Reslit",,"D83Y","parC","DNA gyrase subunit C",,"fluoroquinolones","Streptococcus pneumoniae","sequencing and MIC testing","Mutations in parC are associated with fluoroquinolone resistance.",,16189113,"Horizontal transfer of fluoroquinolone resistance genes in Streptococcus pneumoniae",2003,
"Reslit",,"D435N","parE","DNA gyrase subunit E",,"fluoroquinolones","Streptococcus pneumoniae","sequencing and MIC testing","Mutations in parE are associated with fluoroquinolone resistance.",,16189113,"Horizontal transfer of fluoroquinolone resistance genes in Streptococcus pneumoniae",2003,
"Reslit",,"P454S","parE","DNA gyrase subunit E",,"fluoroquinolones","Streptococcus pneumoniae","sequencing and MIC testing","Mutations in parE are associated with fluoroquinolone resistance.",,16189113,"Horizontal transfer of fluoroquinolone resistance genes in Streptococcus pneumoniae",2003,
"Reslit",,"E474K","parE","DNA gyrase subunit E",,"fluoroquinolones","Streptococcus pneumoniae","sequencing and MIC testing","Mutations in parE are associated with fluoroquinolone resistance.",,16189113,"Horizontal transfer of fluoroquinolone resistance genes in Streptococcus pneumoniae",2003,
"Reslit",,"S81F","gyrA","DNA gyrase subunit A",,"fluoroquinolones","Streptococcus pneumoniae","sequencing and MIC testing","Mutations in gyrA are associated with fluoroquinolone resistance.",,16189113,"Horizontal transfer of fluoroquinolone resistance genes in Streptococcus pneumoniae",2003,
"Reslit",,"S81Y","gyrA","DNA gyrase subunit A",,"fluoroquinolones","Streptococcus pneumoniae","sequencing and MIC testing","Mutations in gyrA are associated with fluoroquinolone resistance.",,16189113,"Horizontal transfer of fluoroquinolone resistance genes in Streptococcus pneumoniae",2003,
"Reslit",,"E85K","gyrA","DNA gyrase subunit A",,"fluoroquinolones","Streptococcus pneumoniae","sequencing and MIC testing","Mutations in gyrA are associated with fluoroquinolone resistance.",,16189113,"Horizontal transfer of fluoroquinolone resistance genes in Streptococcus pneumoniae",2003,
"Reslit",,"R379L","gyrB","DNA gyrase subunit B",,"fluoroquinolones","Streptococcus pneumoniae","sequencing and MIC testing","Mutation in gyrB is associated with fluoroquinolone resistance.",,16189113,"Horizontal transfer of fluoroquinolone resistance genes in Streptococcus pneumoniae",2003,
"Reslit",,"S83F","gyrA","DNA gyrase subunit A",,"ciprofloxacin|nalidixic acid","Salmonella enterica","sequence analysis of the QRDRs of the gyrA, gyrB, parC, and parE genes",,,16207965,"Characterization of isolates of Salmonella enterica serovar typhimurium displaying high-level fluoroquinolone resistance in Japan.",2005,"Salmonella enterica serovar Typhimurium"
"Reslit",,"D87N","gyrA","DNA gyrase subunit A",,"ciprofloxacin|nalidixic acid","Salmonella enterica","sequence analysis of the QRDRs of the gyrA, gyrB, parC, and parE genes",,,16207965,"Characterization of isolates of Salmonella enterica serovar typhimurium displaying high-level fluoroquinolone resistance in Japan.",2005,"Salmonella enterica serovar Typhimurium"
"Reslit",,"D87G","gyrA","DNA gyrase subunit A",,"ciprofloxacin|nalidixic acid","Salmonella enterica","sequence analysis of the QRDRs of the gyrA, gyrB, parC, and parE genes",,,16207965,"Characterization of isolates of Salmonella enterica serovar typhimurium displaying high-level fluoroquinolone resistance in Japan.",2005,"Salmonella enterica serovar Typhimurium"
"Reslit",,"S80R","parC","DNA topoisomerase IV subunit C",,"ciprofloxacin|nalidixic acid","Salmonella enterica","sequence analysis of the QRDRs of the gyrA , gyrB , parC , and parE genes",,,16207965,"Characterization of isolates of Salmonella enterica serovar typhimurium displaying high-level fluoroquinolone resistance in Japan.",2005,"Salmonella enterica serovar Typhimurium"
"Reslit",,"H481N","rpoB","RNA polymerase beta subunit",,"rifampin","Staphylococcus aureus","PCR amplification and DNA sequencing","Mutations in the rpoB gene were identified as conferring rifampin resistance in Staphylococcus aureus.",,16377701,"Molecular genetic and structural modeling studies of Staphylococcus aureus RNA polymerase and the fitness of rifampin resistance genotypes in relation to clinical prevalence.",2006,
"Reslit",,"H481Y","rpoB","RNA polymerase beta subunit",,"rifampin","Staphylococcus aureus","PCR amplification and DNA sequencing","Mutations in the rpoB gene were identified as conferring rifampin resistance in Staphylococcus aureus.",,16377701,"Molecular genetic and structural modeling studies of Staphylococcus aureus RNA polymerase and the fitness of rifampin resistance genotypes in relation to clinical prevalence.",2006,
"Reslit",,"L466S","rpoB","RNA polymerase beta subunit",,"rifampin","Staphylococcus aureus","PCR amplification and DNA sequencing","Mutations in the rpoB gene were identified as conferring rifampin resistance in Staphylococcus aureus.",,16377701,"Molecular genetic and structural modeling studies of Staphylococcus aureus RNA polymerase and the fitness of rifampin resistance genotypes in relation to clinical prevalence.",2006,
"Reslit",,"S529L","rpoB","RNA polymerase beta subunit",,"rifampin","Staphylococcus aureus","PCR amplification and DNA sequencing","Mutations in the rpoB gene were identified as conferring rifampin resistance in Staphylococcus aureus.",,16377701,"Molecular genetic and structural modeling studies of Staphylococcus aureus RNA polymerase and the fitness of rifampin resistance genotypes in relation to clinical prevalence.",2006,
"Reslit",,"A477D","rpoB","RNA polymerase beta subunit",,"rifampin","Staphylococcus aureus","expression in laboratory strain and fitness cost assessment","Mutations in the rpoB gene were identified as conferring rifampin resistance in Staphylococcus aureus.",,16377701,"Molecular genetic and structural modeling studies of Staphylococcus aureus RNA polymerase and the fitness of rifampin resistance genotypes in relation to clinical prevalence.",2006,
"Reslit",,"V850A","rpoB","RNA polymerase beta subunit",,"rifampin","Staphylococcus aureus","identification in clinical isolate and fitness cost compensation","Mutations in the rpoB gene were identified as conferring rifampin resistance in Staphylococcus aureus.",,16377701,"Molecular genetic and structural modeling studies of Staphylococcus aureus RNA polymerase and the fitness of rifampin resistance genotypes in relation to clinical prevalence.",2006,
"Reslit",,"H481N","rpoB","RNA polymerase beta subunit",,"rifampin","Staphylococcus aureus","clinical prevalence analysis","Mutations in the rpoB gene were identified as conferring rifampin resistance in Staphylococcus aureus.",,16377701,"Molecular genetic and structural modeling studies of Staphylococcus aureus RNA polymerase and the fitness of rifampin resistance genotypes in relation to clinical prevalence.",2006,
"Reslit",,"S529L","rpoB","RNA polymerase beta subunit",,"rifampin","Staphylococcus aureus","clinical prevalence analysis","Mutations in the rpoB gene were identified as conferring rifampin resistance in Staphylococcus aureus.",,16377701,"Molecular genetic and structural modeling studies of Staphylococcus aureus RNA polymerase and the fitness of rifampin resistance genotypes in relation to clinical prevalence.",2006,
"Reslit",,"D87Y","gyrA","DNA gyrase subunit A",,"nalidixic acid","Salmonella enterica","sequencing","Mutations in the quinolone resistance-determining region of gyrA contribute to nalidixic acid resistance.",,16416922,"Antimicrobial resistance types and genes in Salmonella enterica infantis isolates from retail raw chicken meat and broiler chickens on farms.",2006,
"Reslit",,"D87N","gyrA","DNA gyrase subunit A",,"nalidixic acid","Salmonella enterica","sequencing","Mutations in the quinolone resistance-determining region of gyrA contribute to nalidixic acid resistance.",,16416922,"Antimicrobial resistance types and genes in Salmonella enterica infantis isolates from retail raw chicken meat and broiler chickens on farms.",2006,
"Reslit",,"S83L","gyrA","DNA gyrase A",,"ciprofloxacin","Pseudomonas aeruginosa",,"mutations in the quinolone resistance-determining regions of gyrA and parC",,16451415,"Genetic analysis of a multiresistant strain of Pseudomonas aeruginosa producing PER-1 beta-lactamase.",2006,
"Reslit",,"T83I","gyrA","DNA gyrase A",,"fluoroquinolones","Pseudomonas aeruginosa",,"mutations in the quinolone resistance-determining regions of gyrA and parC",,16451415,"Genetic analysis of a multiresistant strain of Pseudomonas aeruginosa producing PER-1 beta-lactamase.",2006,
"Reslit",,"S80L","parC","DNA topoisomerase IV",,"ciprofloxacin","Pseudomonas aeruginosa",,"mutations in the quinolone resistance-determining regions of gyrA and parC",,16451415,"Genetic analysis of a multiresistant strain of Pseudomonas aeruginosa producing PER-1 beta-lactamase.",2006,
"Reslit",,"S80L","parC","DNA topoisomerase IV",,"fluoroquinolones","Pseudomonas aeruginosa",,"mutations in the quinolone resistance-determining regions of gyrA and parC",,16451415,"Genetic analysis of a multiresistant strain of Pseudomonas aeruginosa producing PER-1 beta-lactamase.",2006,
"Reslit",,"S83R","gyrA","DNA gyrase subunit A",,"ciprofloxacin","Enterococcus faecium","sequencing of QRDRs",,,16517894,"High-level ciprofloxacin resistance from point mutations in gyrA and parC confined to global hospital-adapted clonal lineage CC17 of Enterococcus faecium.",2006,
"Reslit",,"S80I","parC","DNA topoisomerase IV subunit C",,"ciprofloxacin","Enterococcus faecium","sequencing of QRDRs",,,16517894,"High-level ciprofloxacin resistance from point mutations in gyrA and parC confined to global hospital-adapted clonal lineage CC17 of Enterococcus faecium.",2006,
"Reslit",,"S80R","parC","DNA topoisomerase IV subunit C",,"ciprofloxacin","Enterococcus faecium","sequencing of QRDRs",,,16517894,"High-level ciprofloxacin resistance from point mutations in gyrA and parC confined to global hospital-adapted clonal lineage CC17 of Enterococcus faecium.",2006,
"Reslit",,"E84K","parC","DNA topoisomerase IV subunit C",,"ciprofloxacin","Enterococcus faecium","sequencing of QRDRs",,,16517894,"High-level ciprofloxacin resistance from point mutations in gyrA and parC confined to global hospital-adapted clonal lineage CC17 of Enterococcus faecium.",2006,
"Reslit",,"L511P","rpoB","beta-subunit of the DNA-dependent RNA polymerase",,"rifampin","Mycobacterium tuberculosis","pyrosequencing","Mutations in the rpoB gene are associated with rifampin resistance",,16757581,"Rapid detection of rifampin resistance in Mycobacterium tuberculosis by Pyrosequencing technology.",2006,
"Reslit",,"D516G","rpoB","beta-subunit of the DNA-dependent RNA polymerase",,"rifampin","Mycobacterium tuberculosis","pyrosequencing","Mutations in the rpoB gene are associated with rifampin resistance",,16757581,"Rapid detection of rifampin resistance in Mycobacterium tuberculosis by Pyrosequencing technology.",2006,
"Reslit",,"S531L","rpoB","beta-subunit of the DNA-dependent RNA polymerase",,"rifampin","Mycobacterium tuberculosis","pyrosequencing","Mutations in the rpoB gene are associated with rifampin resistance",,16757581,"Rapid detection of rifampin resistance in Mycobacterium tuberculosis by Pyrosequencing technology.",2006,
"Reslit","A377T",,"pbp3","penicillin-binding protein 3",,"ampicillin|amoxicillin-clavulanic acid|cefotiam|cefdinir","Haemophilus influenzae","MIC testing","Mutations in PBP3 contribute to β-lactam resistance in Haemophilus influenzae.",,16801430,"Molecular evolution of beta-lactam-resistant Haemophilus influenzae: 9-year surveillance of penicillin-binding protein 3 mutations in isolates from Japan.",2006,
"Reslit","T385C",,"pbp3","penicillin-binding protein 3",,"ampicillin|amoxicillin-clavulanic acid|cefotiam|cefdinir","Haemophilus influenzae","MIC testing","Mutations in PBP3 contribute to β-lactam resistance in Haemophilus influenzae.",,16801430,"Molecular evolution of beta-lactam-resistant Haemophilus influenzae: 9-year surveillance of penicillin-binding protein 3 mutations in isolates from Japan.",2006,
"Reslit","T389C",,"pbp3","penicillin-binding protein 3",,"ampicillin|amoxicillin-clavulanic acid|cefotiam|cefdinir","Haemophilus influenzae","MIC testing","Mutations in PBP3 contribute to β-lactam resistance in Haemophilus influenzae.",,16801430,"Molecular evolution of beta-lactam-resistant Haemophilus influenzae: 9-year surveillance of penicillin-binding protein 3 mutations in isolates from Japan.",2006,
"Reslit","C517A",,"pbp3","penicillin-binding protein 3",,"ampicillin|amoxicillin-clavulanic acid|cefotiam|cefdinir","Haemophilus influenzae","MIC testing","Mutations in PBP3 contribute to β-lactam resistance in Haemophilus influenzae.",,16801430,"Molecular evolution of beta-lactam-resistant Haemophilus influenzae: 9-year surveillance of penicillin-binding protein 3 mutations in isolates from Japan.",2006,
"Reslit","A526G",,"pbp3","penicillin-binding protein 3",,"ampicillin|amoxicillin-clavulanic acid|cefotiam|cefdinir","Haemophilus influenzae","MIC testing","Mutations in PBP3 contribute to β-lactam resistance in Haemophilus influenzae.",,16801430,"Molecular evolution of beta-lactam-resistant Haemophilus influenzae: 9-year surveillance of penicillin-binding protein 3 mutations in isolates from Japan.",2006,
"Reslit","T-8C",,"inhA","enoyl-(acyl-carrier-protein) reductase",,"isoniazid","Mycobacterium tuberculosis","sequencing","The mutation was identified in patient 9 and confirmed by sequencing.",,16846493,"Mixed infection and clonal representativeness of a single sputum sample in tuberculosis patients from a penitentiary hospital in Georgia.",2006,
"Reslit",,"S83F","gyrA","DNA gyrase subunit A",,"ciprofloxacin","Salmonella enterica","sequencing","Single mutation in gyrA gene associated with reduced ciprofloxacin susceptibility.",,16891509,"Clonal emergence of extended-spectrum beta-lactamase (CTX-M-2)-producing Salmonella enterica serovar Virchow isolates with reduced susceptibilities to ciprofloxacin among poultry and humans in Belgium and France (2000 to 2003).",2006,
"Reslit",,"D104K","blaSHV-1","beta-lactamase",,"cefotaxime|ceftazidime","Escherichia coli",,"Mutations at Ambler position 104 and 238 contribute to resistance",,16982784,"Role of Asp104 in the SHV beta-lactamase.",2006,
"Reslit",,"D104R","blaSHV-1","beta-lactamase",,"cefotaxime|ceftazidime","Escherichia coli",,"Mutations at Ambler position 104 and 238 contribute to resistance",,16982784,"Role of Asp104 in the SHV beta-lactamase.",2006,
"Reslit",,"G238S","blaSHV-1","beta-lactamase",,"cefotaxime|ceftazidime","Escherichia coli",,"Mutations at Ambler position 104 and 238 contribute to resistance",,16982784,"Role of Asp104 in the SHV beta-lactamase.",2006,
"Reslit",,"S83L","gyrA","DNA gyrase subunit A",,"ciprofloxacin","Escherichia coli","sequencing of amplified DNA",,,17005812,"Ciprofloxacin-resistant gram-negative bacilli in the fecal microflora of children.",2006,
"Reslit",,"N25D","vex2","transporter protein",,"vancomycin","Streptococcus pneumoniae","sequencing and functional assays",,,17021077,"Vancomycin-tolerant Streptococcus pneumoniae in Korea.",2006,
"Reslit",,"D87G","gyrA","DNA gyrase subunit A",,"ciprofloxacin","Salmonella enterica","mutant construction and MIC testing",,,17043131,"Contribution of target gene mutations and efflux to decreased susceptibility of Salmonella enterica serovar typhimurium to fluoroquinolones and other antimicrobials.",2007,
"Reslit",,"S80I","parC","topoisomerase IV subunit A",,"ciprofloxacin","Salmonella enterica","mutant construction and MIC testing",,,17043131,"Contribution of target gene mutations and efflux to decreased susceptibility of Salmonella enterica serovar typhimurium to fluoroquinolones and other antimicrobials.",2007,
"Reslit",,"S83F","gyrA","DNA gyrase subunit A",,"ciprofloxacin|nalidixic acid","Salmonella enterica","experimental analysis of isolates",,,17080579,"Fluoroquinolone-resistant Salmonella sp. in carcasses.",2006,
"Reslit",,"T57S","parC","DNA topoisomerase IV subunit C",,"ciprofloxacin|nalidixic acid","Salmonella enterica","experimental analysis of isolates",,,17080579,"Fluoroquinolone-resistant Salmonella sp. in carcasses.",2006,
"Reslit",,"S80R","parC","DNA topoisomerase IV subunit C",,"ciprofloxacin|nalidixic acid","Salmonella enterica","experimental analysis of isolates",,,17080579,"Fluoroquinolone-resistant Salmonella sp. in carcasses.",2006,
"Reslit",,"S458P","parE","DNA topoisomerase IV subunit E",,"ciprofloxacin|nalidixic acid","Salmonella enterica","experimental analysis of isolates",,,17080579,"Fluoroquinolone-resistant Salmonella sp. in carcasses.",2006,
"Reslit",,"T83I","gyrA","DNA gyrase subunit A",,"fluoroquinolones","Pseudomonas aeruginosa","PCR and sequencing","associated with fluoroquinolone resistance",,17122009,"Outbreaks of multidrug-resistant Pseudomonas aeruginosa in community hospitals in Japan.",2007,
"Reslit",,"S87L","parC","DNA topoisomerase IV subunit C",,"fluoroquinolones","Pseudomonas aeruginosa","PCR and sequencing","associated with fluoroquinolone resistance",,17122009,"Outbreaks of multidrug-resistant Pseudomonas aeruginosa in community hospitals in Japan.",2007,
"Reslit",,"S91T","gyrA","DNA gyrase A subunit",,"ciprofloxacin","Neisseria gonorrhoeae","pyrosequencing and MIC determination","Wild-type gyrA sequence is susceptible to ciprofloxacin",,17207083,"Pyrosequencing of the DNA gyrase gene in Neisseria species: effective indicator of ciprofloxacin resistance in Neisseria gonorrhoeae.",2006,
"Reslit",,"S91T","gyrA","DNA gyrase A subunit",,"ciprofloxacin","Neisseria meningitidis","pyrosequencing and MIC determination","Wild-type gyrA sequence is susceptible to ciprofloxacin",,17207083,"Pyrosequencing of the DNA gyrase gene in Neisseria species: effective indicator of ciprofloxacin resistance in Neisseria gonorrhoeae.",2006,
"Reslit",,"S91T","gyrA","DNA gyrase A subunit",,"ciprofloxacin","Neisseria lactamica","pyrosequencing and MIC determination","Wild-type gyrA sequence is susceptible to ciprofloxacin",,17207083,"Pyrosequencing of the DNA gyrase gene in Neisseria species: effective indicator of ciprofloxacin resistance in Neisseria gonorrhoeae.",2006,
"Reslit",,"S91T","gyrA","DNA gyrase A subunit",,"ciprofloxacin","Neisseria subflava","pyrosequencing and MIC determination","Wild-type gyrA sequence is susceptible to ciprofloxacin",,17207083,"Pyrosequencing of the DNA gyrase gene in Neisseria species: effective indicator of ciprofloxacin resistance in Neisseria gonorrhoeae.",2006,
"Reslit",,"S91T","gyrA","DNA gyrase A subunit",,"ciprofloxacin","Neisseria flavescens","pyrosequencing and MIC determination","Wild-type gyrA sequence is susceptible to ciprofloxacin",,17207083,"Pyrosequencing of the DNA gyrase gene in Neisseria species: effective indicator of ciprofloxacin resistance in Neisseria gonorrhoeae.",2006,
"Reslit",,"S91T","gyrA","DNA gyrase A subunit",,"ciprofloxacin","Neisseria cinerea","pyrosequencing and MIC determination","Wild-type gyrA sequence is susceptible to ciprofloxacin",,17207083,"Pyrosequencing of the DNA gyrase gene in Neisseria species: effective indicator of ciprofloxacin resistance in Neisseria gonorrhoeae.",2006,
"Reslit",,"S91T","gyrA","DNA gyrase A subunit",,"ciprofloxacin","Neisseria elongata","pyrosequencing and MIC determination","Wild-type gyrA sequence is susceptible to ciprofloxacin",,17207083,"Pyrosequencing of the DNA gyrase gene in Neisseria species: effective indicator of ciprofloxacin resistance in Neisseria gonorrhoeae.",2006,
"Reslit",,"S91T","gyrA","DNA gyrase A subunit",,"ciprofloxacin","Neisseria mucosa","pyrosequencing and MIC determination","Wild-type gyrA sequence is susceptible to ciprofloxacin",,17207083,"Pyrosequencing of the DNA gyrase gene in Neisseria species: effective indicator of ciprofloxacin resistance in Neisseria gonorrhoeae.",2006,
"Reslit",,"S91T","gyrA","DNA gyrase A subunit",,"ciprofloxacin","Neisseria sicca","pyrosequencing and MIC determination","Wild-type gyrA sequence is susceptible to ciprofloxacin",,17207083,"Pyrosequencing of the DNA gyrase gene in Neisseria species: effective indicator of ciprofloxacin resistance in Neisseria gonorrhoeae.",2006,
"Reslit",,"S83F","gyrA","DNA gyrase subunit A",,"levofloxacin","Yersinia pestis","susceptibility testing","Mutations in gyrA were associated with reduced susceptibility to levofloxacin.",,17517837,"Impact of resistance selection and mutant growth fitness on the relative efficacies of streptomycin and levofloxacin for plague therapy.",2007,
"Reslit",,"T462A","parC","DNA topoisomerase IV subunit C",,"levofloxacin","Yersinia pestis","susceptibility testing","Mutations in parC were associated with reduced susceptibility to levofloxacin.",,17517837,"Impact of resistance selection and mutant growth fitness on the relative efficacies of streptomycin and levofloxacin for plague therapy.",2007,
"Reslit",,"Y39F","fosA","fosfomycin resistance protein",,"fosfomycin","E. coli","kinetic analysis","Mutations in the GSH binding site of FosA affect resistance to fosfomycin.",,17537395,"A model for glutathione binding and activation in the fosfomycin resistance protein, FosA.",2007,
"Reslit",,"W34A","fosA","fosfomycin resistance protein",,"fosfomycin","E. coli","kinetic analysis","Mutations in the GSH binding site of FosA affect resistance to fosfomycin.",,17537395,"A model for glutathione binding and activation in the fosfomycin resistance protein, FosA.",2007,
"Reslit",,"W34H","fosA","fosfomycin resistance protein",,"fosfomycin","E. coli","kinetic analysis","Mutations in the GSH binding site of FosA affect resistance to fosfomycin.",,17537395,"A model for glutathione binding and activation in the fosfomycin resistance protein, FosA.",2007,
"Reslit",,"Q36N","fosA","fosfomycin resistance protein",,"fosfomycin","E. coli","kinetic analysis","Mutations in the GSH binding site of FosA affect resistance to fosfomycin.",,17537395,"A model for glutathione binding and activation in the fosfomycin resistance protein, FosA.",2007,
"Reslit",,"K90A","fosA","fosfomycin resistance protein",,"fosfomycin","E. coli","kinetic analysis","Mutations in the GSH binding site of FosA affect resistance to fosfomycin.",,17537395,"A model for glutathione binding and activation in the fosfomycin resistance protein, FosA.",2007,
"Reslit",,"R93A","fosA","fosfomycin resistance protein",,"fosfomycin","E. coli","kinetic analysis","Mutations in the GSH binding site of FosA affect resistance to fosfomycin.",,17537395,"A model for glutathione binding and activation in the fosfomycin resistance protein, FosA.",2007,
"Reslit",,"S83F","gyrA","DNA gyrase subunit A",,"ciprofloxacin","Salmonella enterica","sequencing","Single base substitution in gyrA gene at codon 83 (Ser→Phe) and 87 (Asp→Asn)",,17553251,"International spread of multidrug-resistant Salmonella Schwarzengrund in food products.",2007,
"Reslit",,"D87Y","gyrA","DNA gyrase subunit A",,"nalidixic acid|ciprofloxacin","Salmonella enterica","pyrosequencing and sequencing of the gyrA amplicon","The Asp87Tyr substitution was observed in all resistant isolates.",,17596371,"Quinolone Resistance of Salmonella enterica Serovar Virchow Isolates from Humans and Poultry in Israel: Evidence for Clonal Expansion.",2007,"Salmonella enterica serovar Virchow"
"Reslit",,"M1249I","rpoB","RNA polymerase beta subunit",,"rifampin","Brucella melitensis","rpoB sequencing","The mutation was not associated with the RIF resistance phenotype.",,17634297,"Molecular epidemiological and antibiotic susceptibility characterization of Brucella isolates from humans in Sicily, Italy.",2007,
"Reslit",,"S79Y","parC","DNA gyrase subunit A",,"levofloxacin|ciprofloxacin","Streptococcus pneumoniae","sequencing","Mutations in parC contribute to fluoroquinolone resistance",,17846144,"In vitro infection model characterizing the effect of efflux pump inhibition on prevention of resistance to levofloxacin and ciprofloxacin in Streptococcus pneumoniae.",2007,
"Reslit",,"S81F","parC","DNA gyrase subunit A",,"levofloxacin|ciprofloxacin","Streptococcus pneumoniae","sequencing","Mutations in parC contribute to fluoroquinolone resistance",,17846144,"In vitro infection model characterizing the effect of efflux pump inhibition on prevention of resistance to levofloxacin and ciprofloxacin in Streptococcus pneumoniae.",2007,
"Reslit","AGT -> TTC","S81F","gyrA","DNA gyrase subunit A",,"fluoroquinolones","Streptococcus pneumoniae","PCR and sequencing","Mutation detected in quinolone-resistant strains",,17938189,"In vitro activity of DC-159a, a new broad-spectrum fluoroquinolone, compared with that of other agents against drug-susceptible and -resistant pneumococci.",2008,
"Reslit","C237T","S79F","parC","DNA topoisomerase IV subunit C",,"fluoroquinolones","Streptococcus pneumoniae","PCR and sequencing","Mutation detected in quinolone-resistant strains",,17938189,"In vitro activity of DC-159a, a new broad-spectrum fluoroquinolone, compared with that of other agents against drug-susceptible and -resistant pneumococci.",2008,
"Reslit","A1380G","I460V","parE","DNA topoisomerase IV subunit E",,"fluoroquinolones","Streptococcus pneumoniae","PCR and sequencing","Mutation detected in quinolone-resistant strains",,17938189,"In vitro activity of DC-159a, a new broad-spectrum fluoroquinolone, compared with that of other agents against drug-susceptible and -resistant pneumococci.",2008,
"Reslit","G281A","D94N","gyrA","DNA gyrase subunit A",,"fluoroquinolones","Mycobacterium tuberculosis","sequencing of resistant isolates","Detected in mice treated with 0.25% MXF",,17938193,"In vivo validation of the mutant selection window hypothesis with moxifloxacin in a murine model of tuberculosis.",2007,
"Reslit","G1537T","E512D","gyrB","DNA gyrase subunit B",,"fluoroquinolones","Mycobacterium tuberculosis","sequencing of resistant isolates","Detected in mice treated with 0.25% MXF",,17938193,"In vivo validation of the mutant selection window hypothesis with moxifloxacin in a murine model of tuberculosis.",2007,
"Reslit","T84C","L84S","gyrA","DNA gyrase subunit A",,"ciprofloxacin","Staphylococcus aureus","SNP analysis","The serine-containing GyrA protein confers resistance to ciprofloxacin.",,17986343,"Subtle genetic changes enhance virulence of methicillin resistant and sensitive Staphylococcus aureus.",2007,
"Reslit","T80C","Y80S","parC","DNA topoisomerase IV subunit C",,"ciprofloxacin","Staphylococcus aureus","SNP analysis","The tyrosine-containing ParC protein confers resistance to ciprofloxacin.",,17986343,"Subtle genetic changes enhance virulence of methicillin resistant and sensitive Staphylococcus aureus.",2007,
"Reslit",,"Y83C","gyrA","DNA gyrase subunit A",,"ofloxacin","Chlamydia trachomatis","DNA sequencing",,,18083799,"Interstrain gene transfer in Chlamydia trachomatis in vitro: mechanism and significance.",2008,
"Reslit",,"S467F","rpoB","RNA polymerase beta subunit",,"rifampin","Chlamydia trachomatis","DNA sequencing",,,18083799,"Interstrain gene transfer in Chlamydia trachomatis in vitro: mechanism and significance.",2008,
"Reslit",,"T338A","pbp2x","penicillin-binding protein 2x",,"penicillin","Streptococcus pneumoniae","sequence analysis and Bocillin FL binding affinity assay",,,18160523,"Highly variable penicillin resistance determinants PBP 2x, PBP 2b, and PBP 1a in isolates of two Streptococcus pneumoniae clonal groups, Poland 23F-16 and Poland 6B-20.",2008,
"Reslit",,"T446A","pbp2b","penicillin-binding protein 2b",,"penicillin","Streptococcus pneumoniae","sequence analysis and antibody reactivity patterns",,,18160523,"Highly variable penicillin resistance determinants PBP 2x, PBP 2b, and PBP 1a in isolates of two Streptococcus pneumoniae clonal groups, Poland 23F-16 and Poland 6B-20.",2008,
"Reslit",,"T371S","pbp1a","penicillin-binding protein 1a",,"penicillin","Streptococcus pneumoniae","sequence analysis and Bocillin FL binding affinity assay",,,18160523,"Highly variable penicillin resistance determinants PBP 2x, PBP 2b, and PBP 1a in isolates of two Streptococcus pneumoniae clonal groups, Poland 23F-16 and Poland 6B-20.",2008,
"Reslit","G249T",,"gyrA","DNA gyrase subunit A",,"fluoroquinolones","Salmonella enterica","sequencing","Mutations in gyrA were associated with decreased susceptibility to fluoroquinolones.",,18212096,"Clinical response and outcome of infection with Salmonella enterica serotype Typhi with decreased susceptibility to fluoroquinolones: a United States FoodNet multicenter retrospective cohort study.",2008,
"Reslit",,"D87N","gyrA","DNA gyrase subunit A",,"ciprofloxacin","Salmonella enterica","DNA sequencing",,,18217551,"Human Salmonella and concurrent decreased susceptibility to quinolones and extended-spectrum cephalosporins.",2007,
"Reslit",,"D87N","gyrA","DNA gyrase subunit A",,"ciprofloxacin","Salmonella enterica","DNA sequencing",,,18217551,"Human Salmonella and concurrent decreased susceptibility to quinolones and extended-spectrum cephalosporins.",2007,
"Reslit",,"D87N","gyrA","DNA gyrase subunit A",,"ciprofloxacin","Salmonella enterica","DNA sequencing",,,18217551,"Human Salmonella and concurrent decreased susceptibility to quinolones and extended-spectrum cephalosporins.",2007,
"Reslit",,"D87N","gyrA","DNA gyrase subunit A",,"ciprofloxacin","Salmonella enterica","DNA sequencing",,,18217551,"Human Salmonella and concurrent decreased susceptibility to quinolones and extended-spectrum cephalosporins.",2007,
"Reslit",,"D87N","gyrA","DNA gyrase subunit A",,"ciprofloxacin","Salmonella enterica","DNA sequencing",,,18217551,"Human Salmonella and concurrent decreased susceptibility to quinolones and extended-spectrum cephalosporins.",2007,
"Reslit",,"D87N","gyrA","DNA gyrase subunit A",,"ciprofloxacin","Salmonella enterica","DNA sequencing",,,18217551,"Human Salmonella and concurrent decreased susceptibility to quinolones and extended-spectrum cephalosporins.",2007,
"Reslit",,"D87N","gyrA","DNA gyrase subunit A",,"ciprofloxacin","Salmonella enterica","DNA sequencing",,,18217551,"Human Salmonella and concurrent decreased susceptibility to quinolones and extended-spectrum cephalosporins.",2007,
"Reslit",,"D87N","gyrA","DNA gyrase subunit A",,"ciprofloxacin","Salmonella enterica","DNA sequencing",,,18217551,"Human Salmonella and concurrent decreased susceptibility to quinolones and extended-spectrum cephalosporins.",2007,
"Reslit",,"D87N","gyrA","DNA gyrase subunit A",,"ciprofloxacin","Salmonella enterica","DNA sequencing",,,18217551,"Human Salmonella and concurrent decreased susceptibility to quinolones and extended-spectrum cephalosporins.",2007,
"Reslit",,"S80I","parC","DNA topoisomerase IV subunit C",,"ciprofloxacin","Salmonella enterica","DNA sequencing",,,18217551,"Human Salmonella and concurrent decreased susceptibility to quinolones and extended-spectrum cephalosporins.",2007,
"Reslit",,"S80I","parC","DNA topoisomerase IV subunit C",,"ciprofloxacin","Salmonella enterica","DNA sequencing",,,18217551,"Human Salmonella and concurrent decreased susceptibility to quinolones and extended-spectrum cephalosporins.",2007,
"Reslit",,"S80I","parC","DNA topoisomerase IV subunit C",,"ciprofloxacin","Salmonella enterica","DNA sequencing",,,18217551,"Human Salmonella and concurrent decreased susceptibility to quinolones and extended-spectrum cephalosporins.",2007,
"Reslit",,"S80I","parC","DNA topoisomerase IV subunit C",,"ciprofloxacin","Salmonella enterica","DNA sequencing",,,18217551,"Human Salmonella and concurrent decreased susceptibility to quinolones and extended-spectrum cephalosporins.",2007,
"Reslit",,"S80I","parC","DNA topoisomerase IV subunit C",,"ciprofloxacin","Salmonella enterica","DNA sequencing",,,18217551,"Human Salmonella and concurrent decreased susceptibility to quinolones and extended-spectrum cephalosporins.",2007,
"Reslit",,"S80I","parC","DNA topoisomerase IV subunit C",,"ciprofloxacin","Salmonella enterica","DNA sequencing",,,18217551,"Human Salmonella and concurrent decreased susceptibility to quinolones and extended-spectrum cephalosporins.",2007,
"Reslit",,"S80I","parC","DNA topoisomerase IV subunit C",,"ciprofloxacin","Salmonella enterica","DNA sequencing",,,18217551,"Human Salmonella and concurrent decreased susceptibility to quinolones and extended-spectrum cephalosporins.",2007,
"Reslit",,"S80I","parC","DNA topoisomerase IV subunit C",,"ciprofloxacin","Salmonella enterica","DNA sequencing",,,18217551,"Human Salmonella and concurrent decreased susceptibility to quinolones and extended-spectrum cephalosporins.",2007,
"Reslit",,"S80I","parC","DNA topoisomerase IV subunit C",,"ciprofloxacin","Salmonella enterica","DNA sequencing",,,18217551,"Human Salmonella and concurrent decreased susceptibility to quinolones and extended-spectrum cephalosporins.",2007,
"Reslit",,"S84L","gyrA","DNA gyrase A subunit",,"enrofloxacin","Staphylococcus pseudintermedius","sequencing",,,18305127,"Characterization of new staphylococcal cassette chromosome mec (SCCmec) and topoisomerase genes in fluoroquinolone- and methicillin-resistant Staphylococcus pseudintermedius.",2008,
"Reslit",,"E88G","gyrA","DNA gyrase A subunit",,"enrofloxacin","Staphylococcus pseudintermedius","sequencing",,,18305127,"Characterization of new staphylococcal cassette chromosome mec (SCCmec) and topoisomerase genes in fluoroquinolone- and methicillin-resistant Staphylococcus pseudintermedius.",2008,
"Reslit",,"Q611L","gyrA","DNA gyrase A subunit",,"enrofloxacin","Staphylococcus pseudintermedius","sequencing",,,18305127,"Characterization of new staphylococcal cassette chromosome mec (SCCmec) and topoisomerase genes in fluoroquinolone- and methicillin-resistant Staphylococcus pseudintermedius.",2008,
"Reslit",,"E714K","gyrA","DNA gyrase A subunit",,"enrofloxacin","Staphylococcus pseudintermedius","sequencing",,,18305127,"Characterization of new staphylococcal cassette chromosome mec (SCCmec) and topoisomerase genes in fluoroquinolone- and methicillin-resistant Staphylococcus pseudintermedius.",2008,
"Reslit",,"T678A","gyrA","DNA gyrase A subunit",,"enrofloxacin","Staphylococcus pseudintermedius","sequencing",,,18305127,"Characterization of new staphylococcal cassette chromosome mec (SCCmec) and topoisomerase genes in fluoroquinolone- and methicillin-resistant Staphylococcus pseudintermedius.",2008,
"Reslit",,"S80I","grlA","topoisomerase IV A subunit",,"enrofloxacin","Staphylococcus pseudintermedius","sequencing",,,18305127,"Characterization of new staphylococcal cassette chromosome mec (SCCmec) and topoisomerase genes in fluoroquinolone- and methicillin-resistant Staphylococcus pseudintermedius.",2008,
"Reslit",,"D84N","grlA","topoisomerase IV A subunit",,"enrofloxacin","Staphylococcus pseudintermedius","sequencing",,,18305127,"Characterization of new staphylococcal cassette chromosome mec (SCCmec) and topoisomerase genes in fluoroquinolone- and methicillin-resistant Staphylococcus pseudintermedius.",2008,
"Reslit",,"ATGcodon306ATA","embB","protein",,"ethambutol","Mycobacterium tuberculosis","MIC testing","embB 306 mutations alter susceptibility to ethambutol, isoniazid, and rifampin.",,18378710,"Transfer of embB codon 306 mutations into clinical Mycobacterium tuberculosis strains alters susceptibility to ethambutol, isoniazid, and rifampin.",2008,
"Reslit",,"S83L","gyrA","DNA gyrase subunit A","likely ascribed to the previously characterized mutation occurring in the gyrA gene, with a substitution of Ser for Leu at position 83 of its amino acid sequence","fluoroquinolones","Acinetobacter baumannii","sequence analysis","Mutation in gyrA leads to fluoroquinolone resistance.",,18411315,"Whole-genome pyrosequencing of an epidemic multidrug-resistant Acinetobacter baumannii strain belonging to the European clone II group.",2008,"Acinetobacter baumannii"
"Reslit",,"H481Y","rpoB","RNA polymerase beta subunit",,"rifampin","Staphylococcus aureus","mutant selection and genotypic analysis",,,18443108,"In vitro evaluation of CBR-2092, a novel rifamycin-quinolone hybrid antibiotic: studies of the mode of action in Staphylococcus aureus.",2008,
"Reslit",,"S84L","gyrA","DNA gyrase subunit A",,"ciprofloxacin|levofloxacin|gatifloxacin","Staphylococcus aureus","mutant selection and genotypic analysis",,,18443108,"In vitro evaluation of CBR-2092, a novel rifamycin-quinolone hybrid antibiotic: studies of the mode of action in Staphylococcus aureus.",2008,
"Reslit","T1560A",,"gyrA","DNA gyrase subunit A",,"ciprofloxacin|levofloxacin|gatifloxacin","Staphylococcus aureus","mutant selection and genotypic analysis",,,18443108,"In vitro evaluation of CBR-2092, a novel rifamycin-quinolone hybrid antibiotic: studies of the mode of action in Staphylococcus aureus.",2008,
"Reslit",,"S80F","parC","DNA topoisomerase IV subunit C",,"ciprofloxacin|levofloxacin|gatifloxacin","Staphylococcus aureus","mutant selection and genotypic analysis",,,18443108,"In vitro evaluation of CBR-2092, a novel rifamycin-quinolone hybrid antibiotic: studies of the mode of action in Staphylococcus aureus.",2008,
"Reslit",,"H103Y","parC","DNA topoisomerase IV subunit C",,"ciprofloxacin|levofloxacin|gatifloxacin","Staphylococcus aureus","mutant selection and genotypic analysis",,,18443108,"In vitro evaluation of CBR-2092, a novel rifamycin-quinolone hybrid antibiotic: studies of the mode of action in Staphylococcus aureus.",2008,
"Reslit",,"N526K","ftsI","penicillin-binding protein 3",,"ampicillin|amoxicillin","Haemophilus influenzae","PCR amplification and DNA sequencing",,,18443129,"Low beta-lactamase-negative ampicillin-resistant Haemophilus influenzae strains are best detected by testing amoxicillin susceptibility by the broth microdilution method.",2008,
"Reslit",,"D350N","ftsI","penicillin-binding protein 3",,"ampicillin|amoxicillin","Haemophilus influenzae","PCR amplification and DNA sequencing",,,18443129,"Low beta-lactamase-negative ampicillin-resistant Haemophilus influenzae strains are best detected by testing amoxicillin susceptibility by the broth microdilution method.",2008,
"Reslit",,"M377I","ftsI","penicillin-binding protein 3",,"ampicillin|amoxicillin","Haemophilus influenzae","PCR amplification and DNA sequencing",,,18443129,"Low beta-lactamase-negative ampicillin-resistant Haemophilus influenzae strains are best detected by testing amoxicillin susceptibility by the broth microdilution method.",2008,
"Reslit",,"A502V","ftsI","penicillin-binding protein 3",,"ampicillin|amoxicillin","Haemophilus influenzae","PCR amplification and DNA sequencing",,,18443129,"Low beta-lactamase-negative ampicillin-resistant Haemophilus influenzae strains are best detected by testing amoxicillin susceptibility by the broth microdilution method.",2008,
"Reslit",,"S357N","ftsI","penicillin-binding protein 3",,"ampicillin|amoxicillin","Haemophilus influenzae","PCR amplification and DNA sequencing",,,18443129,"Low beta-lactamase-negative ampicillin-resistant Haemophilus influenzae strains are best detected by testing amoxicillin susceptibility by the broth microdilution method.",2008,
"Reslit",,"S385T","ftsI","penicillin-binding protein 3",,"ampicillin|amoxicillin","Haemophilus influenzae","PCR amplification and DNA sequencing",,,18443129,"Low beta-lactamase-negative ampicillin-resistant Haemophilus influenzae strains are best detected by testing amoxicillin susceptibility by the broth microdilution method.",2008,
"Reslit",,"R517H","ftsI","penicillin-binding protein 3",,"ampicillin|amoxicillin","Haemophilus influenzae","PCR amplification and DNA sequencing",,,18443129,"Low beta-lactamase-negative ampicillin-resistant Haemophilus influenzae strains are best detected by testing amoxicillin susceptibility by the broth microdilution method.",2008,
"Reslit",,"T532S","ftsI","penicillin-binding protein 3",,"ampicillin|amoxicillin","Haemophilus influenzae","PCR amplification and DNA sequencing",,,18443129,"Low beta-lactamase-negative ampicillin-resistant Haemophilus influenzae strains are best detected by testing amoxicillin susceptibility by the broth microdilution method.",2008,
"Reslit",,"T82I","gyrA","DNA gyrase subunit A",,"moxifloxacin|ciprofloxacin|gatifloxacin|levofloxacin","Clostridium difficile","identification of amino acid substitution in gyrA","Thr82Ile was the most frequent amino acid change identified",,18480338,"Fluoroquinolone resistance in Clostridium difficile isolates from a prospective study of C. difficile infections in Europe.",2008,
"Reslit",,"S416A","gyrB","DNA gyrase subunit B",,"moxifloxacin|ciprofloxacin|gatifloxacin|levofloxacin","Clostridium difficile","identification of amino acid substitution in gyrB","Two new substitutions for C. difficile, Ser416Ala and Arg447Lys, were found in GyrB.",,18480338,"Fluoroquinolone resistance in Clostridium difficile isolates from a prospective study of C. difficile infections in Europe.",2008,
"Reslit",,"D426N","gyrB","DNA gyrase subunit B",,"moxifloxacin|ciprofloxacin|gatifloxacin|levofloxacin","Clostridium difficile","identification of amino acid substitution in gyrB","Two new substitutions for C. difficile, Ser416Ala and Arg447Lys, were found in GyrB.",,18480338,"Fluoroquinolone resistance in Clostridium difficile isolates from a prospective study of C. difficile infections in Europe.",2008,
"Reslit",,"D426V","gyrB","DNA gyrase subunit B",,"moxifloxacin|ciprofloxacin|gatifloxacin|levofloxacin","Clostridium difficile","identification of amino acid substitution in gyrB","Two new substitutions for C. difficile, Ser416Ala and Arg447Lys, were found in GyrB.",,18480338,"Fluoroquinolone resistance in Clostridium difficile isolates from a prospective study of C. difficile infections in Europe.",2008,
"Reslit",,"R447K","gyrB","DNA gyrase subunit B",,"moxifloxacin|ciprofloxacin|levofloxacin","Clostridium difficile","identification of amino acid substitution in gyrB","Two new substitutions for C. difficile, Ser416Ala and Arg447Lys, were found in GyrB.",,18480338,"Fluoroquinolone resistance in Clostridium difficile isolates from a prospective study of C. difficile infections in Europe.",2008,
"Reslit",,"S83A","gyrA","DNA gyrase A protein",,"ciprofloxacin","Escherichia coli","enzymatic analysis of mutant proteins","Mutant enzymes required 10 times more drug to inhibit reaction",,1850970,"Novel quinolone resistance mutations of the Escherichia coli DNA gyrase A protein: enzymatic analysis of the mutant proteins.",1991,
"Reslit",,"Q106R","gyrA","DNA gyrase A protein",,"ciprofloxacin","Escherichia coli","enzymatic analysis of mutant proteins","Mutant enzymes required 10 times more drug to inhibit reaction",,1850970,"Novel quinolone resistance mutations of the Escherichia coli DNA gyrase A protein: enzymatic analysis of the mutant proteins.",1991,
"Reslit",,"S83L","gyrA","DNA gyrase subunit A",,"ciprofloxacin","Acinetobacter baumannii","sequencing",,,18524965,"Phenotypic and molecular characterization of Acinetobacter baumannii clinical isolates from nosocomial outbreaks in Los Angeles County, California.",2008,
"Reslit",,"S80L","parC","DNA topoisomerase IV subunit C",,"ciprofloxacin","Acinetobacter baumannii","sequencing",,,18524965,"Phenotypic and molecular characterization of Acinetobacter baumannii clinical isolates from nosocomial outbreaks in Los Angeles County, California.",2008,
"Reslit",,"E84K","parC","DNA topoisomerase IV subunit C",,"ciprofloxacin","Acinetobacter baumannii","sequencing",,,18524965,"Phenotypic and molecular characterization of Acinetobacter baumannii clinical isolates from nosocomial outbreaks in Los Angeles County, California.",2008,
"Reslit",,"Q557E","pbp2x","penicillin-binding protein 2x",,"penicillin|cefotaxime|cefoxitin|cefazolin","Streptococcus agalactiae","sequencing and functional analysis",,,18541727,"Point mutation in the group B streptococcal pbp2x gene conferring decreased susceptibility to beta-lactam antibiotics.",2008,
"Reslit",,"H502Y","rpoB","β subunit of RNA polymerase",,"rifampin|rifaximin","Clostridium difficile","sequence analysis","Mutations in rpoB are associated with rifampin and rifaximin resistance in C. difficile",,18559647,"Rifampin and rifaximin resistance in clinical isolates of Clostridium difficile.",2008,
"Reslit",,"H502N","rpoB","β subunit of RNA polymerase",,"rifampin|rifaximin","Clostridium difficile","sequence analysis","Mutations in rpoB are associated with rifampin and rifaximin resistance in C. difficile",,18559647,"Rifampin and rifaximin resistance in clinical isolates of Clostridium difficile.",2008,
"Reslit",,"H502R","rpoB","β subunit of RNA polymerase",,"rifampin|rifaximin","Clostridium difficile","sequence analysis","Mutations in rpoB are associated with rifampin and rifaximin resistance in C. difficile",,18559647,"Rifampin and rifaximin resistance in clinical isolates of Clostridium difficile.",2008,
"Reslit",,"R505K","rpoB","β subunit of RNA polymerase",,"rifampin|rifaximin","Clostridium difficile","sequence analysis","Mutations in rpoB are associated with rifampin and rifaximin resistance in C. difficile",,18559647,"Rifampin and rifaximin resistance in clinical isolates of Clostridium difficile.",2008,
"Reslit",,"S488T","rpoB","β subunit of RNA polymerase",,"rifampin|rifaximin","Clostridium difficile","sequence analysis","Mutations in rpoB are associated with rifampin and rifaximin resistance in C. difficile",,18559647,"Rifampin and rifaximin resistance in clinical isolates of Clostridium difficile.",2008,
"Reslit",,"I548M","rpoB","β subunit of RNA polymerase",,"rifampin|rifaximin","Clostridium difficile","sequence analysis","Mutations in rpoB are associated with rifampin and rifaximin resistance in C. difficile",,18559647,"Rifampin and rifaximin resistance in clinical isolates of Clostridium difficile.",2008,
"Reslit",,"M306I","embB",,,"ethambutol","Mycobacterium tuberculosis","phylogenetic analysis","Mutations in embB306 were found to be associated with drug resistance.",,18591265,"Convergent evolutionary analysis identifies significant mutations in drug resistance targets of Mycobacterium tuberculosis.",2008,
"Reslit","C1264T",,"mprF","lipid II flippase",,"daptomycin","Staphylococcus aureus","MIC testing","Mutation in mprF promoter associated with reduced daptomycin susceptibility.",,18591272,"Evaluation of daptomycin pharmacodynamics and resistance at various dosage regimens against Staphylococcus aureus isolates with reduced susceptibilities to daptomycin in an in vitro pharmacodynamic model with simulated endocardial vegetations.",2008,
"Reslit",,"S83L","gyrA","DNA gyrase subunit A",,"ciprofloxacin|levofloxacin","Acinetobacter baumannii","PCR and sequencing",,,18591275,"Correlation of antimicrobial resistance with beta-lactamases, the OmpA-like porin, and efflux pumps in clinical isolates of Acinetobacter baumannii endemic to New York City.",2008,
"Reslit",,"S80L","parC","DNA topoisomerase IV subunit C",,"ciprofloxacin|levofloxacin","Acinetobacter baumannii","PCR and sequencing",,,18591275,"Correlation of antimicrobial resistance with beta-lactamases, the OmpA-like porin, and efflux pumps in clinical isolates of Acinetobacter baumannii endemic to New York City.",2008,
"Reslit",,"S83L","gyrA","DNA gyrase subunit A",,"ciprofloxacin","Escherichia coli","PCR-sequencing","Mutations in gyrA and parC were associated with fluoroquinolone resistance.",,18648533,"Antimalarial therapy selection for quinolone resistance among Escherichia coli in the absence of quinolone exposure, in tropical South America.",2008,
"Reslit",,"S80I","parC","DNA topoisomerase IV subunit C",,"ciprofloxacin","Escherichia coli","PCR-sequencing","Mutations in gyrA and parC were associated with fluoroquinolone resistance.",,18648533,"Antimalarial therapy selection for quinolone resistance among Escherichia coli in the absence of quinolone exposure, in tropical South America.",2008,
"Reslit",,"D87N","parC","DNA topoisomerase IV subunit C",,"ciprofloxacin","Escherichia coli","PCR-sequencing","Mutations in gyrA and parC were associated with fluoroquinolone resistance.",,18648533,"Antimalarial therapy selection for quinolone resistance among Escherichia coli in the absence of quinolone exposure, in tropical South America.",2008,
"Reslit",,"D87Y","parC","DNA topoisomerase IV subunit C",,"ciprofloxacin","Escherichia coli","PCR-sequencing","Mutations in gyrA and parC were associated with fluoroquinolone resistance.",,18648533,"Antimalarial therapy selection for quinolone resistance among Escherichia coli in the absence of quinolone exposure, in tropical South America.",2008,
"Reslit",,"E84G","parC","DNA topoisomerase IV subunit C",,"ciprofloxacin","Escherichia coli","PCR-sequencing","Mutations in gyrA and parC were associated with fluoroquinolone resistance.",,18648533,"Antimalarial therapy selection for quinolone resistance among Escherichia coli in the absence of quinolone exposure, in tropical South America.",2008,
"Reslit",,"E84V","parC","DNA topoisomerase IV subunit C",,"ciprofloxacin","Escherichia coli","PCR-sequencing","Mutations in gyrA and parC were associated with fluoroquinolone resistance.",,18648533,"Antimalarial therapy selection for quinolone resistance among Escherichia coli in the absence of quinolone exposure, in tropical South America.",2008,
"Reslit",,"L416F","parC","DNA topoisomerase IV subunit C",,"ciprofloxacin","Escherichia coli","PCR-sequencing","Mutations in gyrA and parC were associated with fluoroquinolone resistance.",,18648533,"Antimalarial therapy selection for quinolone resistance among Escherichia coli in the absence of quinolone exposure, in tropical South America.",2008,
"Reslit",,"S458A","parC","DNA topoisomerase IV subunit C",,"ciprofloxacin","Escherichia coli","PCR-sequencing","Mutations in gyrA and parC were associated with fluoroquinolone resistance.",,18648533,"Antimalarial therapy selection for quinolone resistance among Escherichia coli in the absence of quinolone exposure, in tropical South America.",2008,
"Reslit",,"S458T","parC","DNA topoisomerase IV subunit C",,"ciprofloxacin","Escherichia coli","PCR-sequencing","Mutations in gyrA and parC were associated with fluoroquinolone resistance.",,18648533,"Antimalarial therapy selection for quinolone resistance among Escherichia coli in the absence of quinolone exposure, in tropical South America.",2008,
"Reslit",,"S83L","gyrA","DNA gyrase subunit A",,"nalidixic acid","Escherichia coli","sequencing and MIC test","Single amino acid substitutions in GyrA are sufficient for high-level nalidixic acid resistance.",,18708504,"Insights into the Environmental Resistance Gene Pool from the Genome Sequence of the Multidrug-Resistant Environmental Isolate Escherichia coli SMS-3-5",2008,
"Reslit",,"D87E","gyrA","DNA gyrase subunit A",,"nalidixic acid","Escherichia coli","sequencing and MIC test","Single amino acid substitutions in GyrA are sufficient for high-level nalidixic acid resistance.",,18708504,"Insights into the Environmental Resistance Gene Pool from the Genome Sequence of the Multidrug-Resistant Environmental Isolate Escherichia coli SMS-3-5",2008,
"Reslit",,"S83L","gyrA","DNA gyrase subunit A",,"quinolones","Escherichia coli","mutational analysis and MIC testing","Single amino acid substitutions in GyrA are sufficient for high-level nalidixic acid resistance.",,18708504,"Insights into the Environmental Resistance Gene Pool from the Genome Sequence of the Multidrug-Resistant Environmental Isolate Escherichia coli SMS-3-5",2008,
"Reslit",,"S80I","parC","DNA topoisomerase IV subunit C",,"ciprofloxacin","Escherichia coli","sequencing and MIC test","ParC mutations confer resistance to ciprofloxacin in combination with at least one mutation in gyrA.",,18708504,"Insights into the Environmental Resistance Gene Pool from the Genome Sequence of the Multidrug-Resistant Environmental Isolate Escherichia coli SMS-3-5",2008,
"Reslit",,"E84G","parC","DNA topoisomerase IV subunit C",,"ciprofloxacin","Escherichia coli","sequencing and MIC test","ParC mutations confer resistance to ciprofloxacin in combination with at least one mutation in gyrA.",,18708504,"Insights into the Environmental Resistance Gene Pool from the Genome Sequence of the Multidrug-Resistant Environmental Isolate Escherichia coli SMS-3-5",2008,
"Reslit",,"S80L","parC","DNA topoisomerase IV subunit C",,"quinolones","Escherichia coli","mutational analysis and MIC testing","ParC mutations confer resistance to ciprofloxacin in combination with at least one mutation in gyrA.",,18708504,"Insights into the Environmental Resistance Gene Pool from the Genome Sequence of the Multidrug-Resistant Environmental Isolate Escherichia coli SMS-3-5",2008,
"Reslit",,"T82I","gyrA","DNA gyrase subunit A","confers resistance","ciprofloxacin|moxifloxacin|levofloxacin","Clostridium difficile","sequencing","Mutation present in both parent strains and resistant mutants.",,18710908,"Effects of exposure of Clostridium difficile PCR ribotypes 027 and 001 to fluoroquinolones in a human gut model.",2009,"Clostridium difficile PCR ribotype 027 and 001"
"Reslit","G1397A","E466K","gyrB","DNA gyrase subunit B",,"moxifloxacin","Clostridium difficile","sequencing","Mutation present in three C. difficile PCR ribotype 027 isolates with raised moxifloxacin MIC.",,18710908,"Effects of exposure of Clostridium difficile PCR ribotypes 027 and 001 to fluoroquinolones in a human gut model.",2009,
"Reslit",,"S83L","gyrA","DNA gyrase",,"ciprofloxacin","Acinetobacter baumannii","sequencing",,,18725452,"Genetic basis of multidrug resistance in Acinetobacter baumannii clinical isolates at a tertiary medical center in Pennsylvania.",2008,
"Reslit",,"S80L","parC","DNA topoisomerase IV",,"ciprofloxacin","Acinetobacter baumannii","sequencing",,,18725452,"Genetic basis of multidrug resistance in Acinetobacter baumannii clinical isolates at a tertiary medical center in Pennsylvania.",2008,
"Reslit",,"Y71F","ugd","UDP-glucose dehydrogenase",,"polymyxin","Escherichia coli","Enzymatic activity assays and polymyxin resistance tests",,,18725960,"Tyrosine phosphorylation of the UDP-glucose dehydrogenase of Escherichia coli is at the crossroads of colanic acid synthesis and polymyxin resistance.",2008,
"Reslit",,"A39T","mtrR","repressor of the mtrCDE operon",,"Triton X-100|erythromycin|azithromycin|kanamycin|progesterone|CRAMP-38","Neisseria gonorrhoeae","MIC testing, RT-PCR, in vivo competition assay","Confers higher in vitro resistance and in vivo fitness compared to other mtrR mutations",,18761689,"Clinically relevant mutations that cause derepression of the Neisseria gonorrhoeae MtrC-MtrD-MtrE Efflux pump system confer different levels of antimicrobial resistance and in vivo fitness.",2008,
"Reslit",,"E202G","mtrR","repressor of the mtrCDE operon",,"Triton X-100|erythromycin|azithromycin|kanamycin|progesterone|CRAMP-38","Neisseria gonorrhoeae","MIC testing, RT-PCR, in vivo competition assay","Confers higher in vitro resistance and in vivo fitness compared to other mtrR mutations",,18761689,"Clinically relevant mutations that cause derepression of the Neisseria gonorrhoeae MtrC-MtrD-MtrE Efflux pump system confer different levels of antimicrobial resistance and in vivo fitness.",2008,
"Reslit",,"F395L","pbp2x","penicillin-binding protein 2X","reduced penicillin susceptibility","penicillin","Streptococcus agalactiae","sequencing and comparison with susceptible strains","Mutations in pbp2x are associated with reduced penicillin susceptibility",,18809936,"Genetic Heterogeneity in pbp Genes among Clinically Isolated Group B Streptococci with Reduced Penicillin Susceptibility.",2008,"clinically isolated group B Streptococci"
"Reslit",,"F395L","pbp2x","penicillin-binding protein 2X","reduced penicillin susceptibility","penicillin","Group B","sequencing and comparison with susceptible strains","Mutations in pbp2x are associated with reduced penicillin susceptibility",,18809936,"Genetic Heterogeneity in pbp Genes among Clinically Isolated Group B Streptococci with Reduced Penicillin Susceptibility.",2008,"clinically isolated group B Streptococci"
"Reslit",,"T567I","pbp2b","penicillin-binding protein 2B",,"penicillin","Group B","sequencing and comparison with susceptible strains","Mutations in pbp2b are associated with reduced penicillin susceptibility",,18809936,"Genetic Heterogeneity in pbp Genes among Clinically Isolated Group B Streptococci with Reduced Penicillin Susceptibility.",2008,
"Reslit",,"G648A","pbp1a","penicillin-binding protein 1A",,"penicillin","Streptococcus agalactiae","sequencing and comparison with susceptible strains","Mutations in pbp1a are associated with reduced penicillin susceptibility",,18809936,"Genetic Heterogeneity in pbp Genes among Clinically Isolated Group B Streptococci with Reduced Penicillin Susceptibility.",2008,
"Reslit",,"E63K","pbp2a","penicillin-binding protein 2A","reduced penicillin susceptibility","penicillin","Streptococcus agalactiae","sequencing and comparison with susceptible strains","Mutations in pbp2a are associated with reduced penicillin susceptibility",,18809936,"Genetic Heterogeneity in pbp Genes among Clinically Isolated Group B Streptococci with Reduced Penicillin Susceptibility.",2008,"clinical isolates"
"Reslit",,"L41S","pbp1b","penicillin-binding protein 1B",,"penicillin","Group B","sequencing and comparison with susceptible strains","Mutations in pbp1b are associated with reduced penicillin susceptibility",,18809936,"Genetic Heterogeneity in pbp Genes among Clinically Isolated Group B Streptococci with Reduced Penicillin Susceptibility.",2008,
"Reslit","T248A",,"gyrA","DNA gyrase subunit A",,"ciprofloxacin|norfloxacin","Escherichia coli","sequencing",,,18838592,"Mechanisms accounting for fluoroquinolone resistance in Escherichia coli clinical isolates.",2009,
"Reslit","T260A",,"gyrA","DNA gyrase subunit A",,"ciprofloxacin|norfloxacin","Escherichia coli","sequencing",,,18838592,"Mechanisms accounting for fluoroquinolone resistance in Escherichia coli clinical isolates.",2009,
"Reslit","G1373A",,"gyrB","DNA gyrase subunit B",,"ciprofloxacin|norfloxacin","Escherichia coli","sequencing",,,18838592,"Mechanisms accounting for fluoroquinolone resistance in Escherichia coli clinical isolates.",2009,
"Reslit","A240G",,"parC","topoisomerase IV subunit C",,"ciprofloxacin|norfloxacin","Escherichia coli","sequencing",,,18838592,"Mechanisms accounting for fluoroquinolone resistance in Escherichia coli clinical isolates.",2009,
"Reslit","G252A",,"parC","topoisomerase IV subunit C",,"ciprofloxacin|norfloxacin","Escherichia coli","sequencing",,,18838592,"Mechanisms accounting for fluoroquinolone resistance in Escherichia coli clinical isolates.",2009,
"Reslit","T1392A",,"parC","topoisomerase IV subunit C",,"ciprofloxacin|norfloxacin","Escherichia coli","sequencing",,,18838592,"Mechanisms accounting for fluoroquinolone resistance in Escherichia coli clinical isolates.",2009,
"Reslit","G1373A",,"parC","topoisomerase IV subunit C",,"ciprofloxacin|norfloxacin","Escherichia coli","sequencing",,,18838592,"Mechanisms accounting for fluoroquinolone resistance in Escherichia coli clinical isolates.",2009,
"Reslit","G1380A",,"parE","topoisomerase IV subunit E",,"ciprofloxacin|norfloxacin","Escherichia coli","sequencing",,,18838592,"Mechanisms accounting for fluoroquinolone resistance in Escherichia coli clinical isolates.",2009,
"Reslit",,"D87Y","gyrA","DNA gyrase subunit A","confers resistance","ciprofloxacin","Salmonella enterica","sequencing","Single mutation in all high-level nalidixic acid-resistant strains.",,19104017,"Multiple regulatory pathways associated with high-level ciprofloxacin and multidrug resistance in Salmonella enterica serovar enteritidis: involvement of ramA and other global regulators.",2009,"Salmonella enterica serovar Enteritidis"
"Reslit",,"E466D","gyrB","DNA gyrase subunit B",,"ciprofloxacin","Salmonella enterica","sequencing","Novel mutation in 5408-cip.",,19104017,"Multiple regulatory pathways associated with high-level ciprofloxacin and multidrug resistance in Salmonella enterica serovar enteritidis: involvement of ramA and other global regulators.",2009,
"Reslit",,"V461G","parE","DNA topoisomerase IV subunit A",,"ciprofloxacin","Salmonella enterica","sequencing","Novel mutation in 5408-cip.",,19104017,"Multiple regulatory pathways associated with high-level ciprofloxacin and multidrug resistance in Salmonella enterica serovar enteritidis: involvement of ramA and other global regulators.",2009,
"Reslit",,"R20H","soxR","Transcriptional regulator",,"ciprofloxacin","Salmonella enterica","sequencing","Mutation in 104-cip.",,19104017,"Multiple regulatory pathways associated with high-level ciprofloxacin and multidrug resistance in Salmonella enterica serovar enteritidis: involvement of ramA and other global regulators.",2009,
"Reslit",,"E52K","soxS","Transcriptional activator",,"ciprofloxacin","Salmonella enterica","sequencing","Mutation in 104-cip.",,19104017,"Multiple regulatory pathways associated with high-level ciprofloxacin and multidrug resistance in Salmonella enterica serovar enteritidis: involvement of ramA and other global regulators.",2009,
"Reslit",,"G25A","ramR","Transcriptional regulator",,"ciprofloxacin","Salmonella enterica","sequencing","Mutation in 5408-cip.",,19104017,"Multiple regulatory pathways associated with high-level ciprofloxacin and multidrug resistance in Salmonella enterica serovar enteritidis: involvement of ramA and other global regulators.",2009,
"Reslit",,"R505K","rpoB","RNA polymerase beta subunit",,"rifampin","Clostridium difficile","sequencing of rpoB gene and correlation with rifampin resistance","All rifampin-resistant isolates contained the R505K substitution",,19140738,"High frequency of rifampin resistance identified in an epidemic Clostridium difficile clone from a large teaching hospital.",2009,
"Reslit",,"W501G","iniA","protein",,"ethambutol","Mycobacterium tuberculosis","PCR-RFLP and DNA sequencing","Mutation at codon 501 of iniA gene",,19146672,"Minor contribution of mutations at iniA codon 501 and embC-embA intergenic region in ethambutol-resistant clinical Mycobacterium tuberculosis isolates in Kuwait.",2009,
"Reslit","C513T","Q513L","rpoB","RNA polymerase beta subunit",,"rifampin","Mycobacterium tuberculosis","cloning in M. tuberculosis H37Ra and susceptibility testing","Some mutations in the rpoB gene can reveal drug-resistant phenotype only in a specific genetic background of the host.",,19146699,"Genetic evaluation of relationship between mutations in rpoB and resistance of Mycobacterium tuberculosis to rifampin.",2009,
"Reslit","C513T","Q513L","rpoB","RNA polymerase beta subunit",,"rifampin","Mycobacterium tuberculosis","cloning in M. tuberculosis H37Ra and susceptibility testing","Some mutations in the rpoB gene can reveal drug-resistant phenotype only in a specific genetic background of the host.",,19146699,"Genetic evaluation of relationship between mutations in rpoB and resistance of Mycobacterium tuberculosis to rifampin.",2009,
"Reslit","G516T","D516V","rpoB","RNA polymerase beta subunit",,"rifampin","Mycobacterium tuberculosis","cloning in M. tuberculosis H37Ra and susceptibility testing","Some mutations in the rpoB gene can reveal drug-resistant phenotype only in a specific genetic background of the host.",,19146699,"Genetic evaluation of relationship between mutations in rpoB and resistance of Mycobacterium tuberculosis to rifampin.",2009,
"Reslit","G516T","D516V","rpoB","RNA polymerase beta subunit",,"rifampin","Mycobacterium tuberculosis","cloning in M. tuberculosis H37Ra and susceptibility testing","Some mutations in the rpoB gene can reveal drug-resistant phenotype only in a specific genetic background of the host.",,19146699,"Genetic evaluation of relationship between mutations in rpoB and resistance of Mycobacterium tuberculosis to rifampin.",2009,
"Reslit","G516A","D516Y","rpoB","RNA polymerase beta subunit",,"rifampin","Mycobacterium tuberculosis","cloning in M. tuberculosis H37Ra and susceptibility testing","Some mutations in the rpoB gene can reveal drug-resistant phenotype only in a specific genetic background of the host.",,19146699,"Genetic evaluation of relationship between mutations in rpoB and resistance of Mycobacterium tuberculosis to rifampin.",2009,
"Reslit","G516A","D516Y","rpoB","RNA polymerase beta subunit",,"rifampin","Mycobacterium tuberculosis","cloning in M. tuberculosis H37Ra and susceptibility testing","Some mutations in the rpoB gene can reveal drug-resistant phenotype only in a specific genetic background of the host.",,19146699,"Genetic evaluation of relationship between mutations in rpoB and resistance of Mycobacterium tuberculosis to rifampin.",2009,
"Reslit","G516C","D516G","rpoB","RNA polymerase beta subunit",,"rifampin","Mycobacterium tuberculosis","cloning in M. tuberculosis H37Ra and susceptibility testing","Some mutations in the rpoB gene can reveal drug-resistant phenotype only in a specific genetic background of the host.",,19146699,"Genetic evaluation of relationship between mutations in rpoB and resistance of Mycobacterium tuberculosis to rifampin.",2009,
"Reslit","G516C","D516G","rpoB","RNA polymerase beta subunit",,"rifampin","Mycobacterium tuberculosis","cloning in M. tuberculosis H37Ra and susceptibility testing","Some mutations in the rpoB gene can reveal drug-resistant phenotype only in a specific genetic background of the host.",,19146699,"Genetic evaluation of relationship between mutations in rpoB and resistance of Mycobacterium tuberculosis to rifampin.",2009,
"Reslit","C526G","H526D","rpoB","RNA polymerase beta subunit",,"rifampin","Mycobacterium tuberculosis","cloning in M. tuberculosis H37Ra and susceptibility testing","Some mutations in the rpoB gene can reveal drug-resistant phenotype only in a specific genetic background of the host.",,19146699,"Genetic evaluation of relationship between mutations in rpoB and resistance of Mycobacterium tuberculosis to rifampin.",2009,
"Reslit","C526G","H526D","rpoB","RNA polymerase beta subunit",,"rifampin","Mycobacterium tuberculosis","cloning in M. tuberculosis H37Ra and susceptibility testing","Some mutations in the rpoB gene can reveal drug-resistant phenotype only in a specific genetic background of the host.",,19146699,"Genetic evaluation of relationship between mutations in rpoB and resistance of Mycobacterium tuberculosis to rifampin.",2009,
"Reslit","T531C","S531L","rpoB","RNA polymerase beta subunit",,"rifampin","Mycobacterium tuberculosis","cloning in M. tuberculosis H37Ra and susceptibility testing","Some mutations in the rpoB gene can reveal drug-resistant phenotype only in a specific genetic background of the host.",,19146699,"Genetic evaluation of relationship between mutations in rpoB and resistance of Mycobacterium tuberculosis to rifampin.",2009,
"Reslit","T531C","S531L","rpoB","RNA polymerase beta subunit",,"rifampin","Mycobacterium tuberculosis","cloning in M. tuberculosis H37Ra and susceptibility testing","Some mutations in the rpoB gene can reveal drug-resistant phenotype only in a specific genetic background of the host.",,19146699,"Genetic evaluation of relationship between mutations in rpoB and resistance of Mycobacterium tuberculosis to rifampin.",2009,
"Reslit",,"Q62F","rplD","ribosomal protein L4",,"erythromycin","Escherichia coli","erythromycin resistance in E. coli","mutations in rplD confer macrolide resistance",,19150357,"Recombineering reveals a diverse collection of ribosomal proteins L4 and L22 that confer resistance to macrolide antibiotics.",2009,
"Reslit",,"Q62E","rplD","ribosomal protein L4",,"erythromycin","Escherichia coli","erythromycin resistance in E. coli","mutations in rplD confer macrolide resistance",,19150357,"Recombineering reveals a diverse collection of ribosomal proteins L4 and L22 that confer resistance to macrolide antibiotics.",2009,
"Reslit",,"K63E","rplD","ribosomal protein L4",,"erythromycin","Escherichia coli","erythromycin resistance in E. coli","mutations in rplD confer macrolide resistance",,19150357,"Recombineering reveals a diverse collection of ribosomal proteins L4 and L22 that confer resistance to macrolide antibiotics.",2009,
"Reslit",,"K63L","rplD","ribosomal protein L4",,"erythromycin","Escherichia coli","erythromycin resistance in E.coli","mutations in rplD confer macrolide resistance",,19150357,"Recombineering reveals a diverse collection of ribosomal proteins L4 and L22 that confer resistance to macrolide antibiotics.",2009,
"Reslit",,"K63H","rplD","ribosomal protein L4",,"erythromycin","Escherichia coli","erythromycin resistance in E. coli","mutations in rplD confer macrolide resistance",,19150357,"Recombineering reveals a diverse collection of ribosomal proteins L4 and L22 that confer resistance to macrolide antibiotics.",2009,
"Reslit",,"K63V","rplD","ribosomal protein L4",,"erythromycin","Escherichia coli","erythromycin resistance in E. coli","mutations in rplD confer macrolide resistance",,19150357,"Recombineering reveals a diverse collection of ribosomal proteins L4 and L22 that confer resistance to macrolide antibiotics.",2009,
"Reslit",,"K63I","rplD","ribosomal protein L4",,"erythromycin","Escherichia coli","erythromycin resistance in E. coli","mutations in rplD confer macrolide resistance",,19150357,"Recombineering reveals a diverse collection of ribosomal proteins L4 and L22 that confer resistance to macrolide antibiotics.",2009,
"Reslit",,"K63Q","rplD","ribosomal protein L4",,"erythromycin","Escherichia coli","erythromycin resistance in E. coli","mutations in rplD confer macrolide resistance",,19150357,"Recombineering reveals a diverse collection of ribosomal proteins L4 and L22 that confer resistance to macrolide antibiotics.",2009,
"Reslit",,"G66A","rplD","ribosomal protein L4",,"erythromycin","Escherichia coli","erythromycin resistance in E. coli","mutations in rplD confer macrolide resistance",,19150357,"Recombineering reveals a diverse collection of ribosomal proteins L4 and L22 that confer resistance to macrolide antibiotics.",2009,
"Reslit",,"G66C","rplD","ribosomal protein L4",,"erythromycin","Escherichia coli","erythromycin resistance in E. coli","mutations in rplD confer macrolide resistance",,19150357,"Recombineering reveals a diverse collection of ribosomal proteins L4 and L22 that confer resistance to macrolide antibiotics.",2009,
"Reslit",,"G66S","rplD","ribosomal protein L4",,"erythromycin","Escherichia coli","erythromycin resistance in E. coli","mutations in rplD confer macrolide resistance",,19150357,"Recombineering reveals a diverse collection of ribosomal proteins L4 and L22 that confer resistance to macrolide antibiotics.",2009,
"Reslit",,"K90W","rplV","ribosomal protein L22",,"erythromycin","Escherichia coli","erythromycin resistance in E. coli","mutations in rplV confer macrolide resistance",,19150357,"Recombineering reveals a diverse collection of ribosomal proteins L4 and L22 that confer resistance to macrolide antibiotics.",2009,
"Reslit",,"K90F","rplV","ribosomal protein L22",,"erythromycin","Escherichia coli","erythromycin resistance in E. coli","mutations in rplV confer macrolide resistance",,19150357,"Recombineering reveals a diverse collection of ribosomal proteins L4 and L22 that confer resistance to macrolide antibiotics.",2009,
"Reslit",,"K90L","rplV","ribosomal protein L22",,"erythromycin","Escherichia coli","erythromycin resistance in E. coli","mutations in rplV confer macrolide resistance",,19150357,"Recombineering reveals a diverse collection of ribosomal proteins L4 and L22 that confer resistance to macrolide antibiotics.",2009,
"Reslit",,"K90P","rplV","ribosomal protein L22",,"erythromycin|tylosin","Escherichia coli","erythromycin and tylosin resistance in E. coli","mutations in rplV confer macrolide resistance",,19150357,"Recombineering reveals a diverse collection of ribosomal proteins L4 and L22 that confer resistance to macrolide antibiotics.",2009,
"Reslit",,"S83F","gyrA","DNA gyrase subunit A",,"ciprofloxacin","Salmonella","DNA sequence analysis",,,19205458,"Analysis of ciprofloxacin-resistant Salmonella strains from swine, chicken, and their carcasses in Taiwan and detection of parC resistance mutations by a mismatch amplification mutation assay PCR.",2009,
"Reslit",,"D87G","gyrA","DNA gyrase subunit A",,"ciprofloxacin","Salmonella","DNA sequence analysis",,,19205458,"Analysis of ciprofloxacin-resistant Salmonella strains from swine, chicken, and their carcasses in Taiwan and detection of parC resistance mutations by a mismatch amplification mutation assay PCR.",2009,
"Reslit",,"D87N","gyrA","DNA gyrase subunit A",,"ciprofloxacin","Salmonella","DNA sequence analysis",,,19205458,"Analysis of ciprofloxacin-resistant Salmonella strains from swine, chicken, and their carcasses in Taiwan and detection of parC resistance mutations by a mismatch amplification mutation assay PCR.",2009,
"Reslit",,"S80R","parC","DNA topoisomerase IV subunit C",,"ciprofloxacin","Salmonella","DNA sequence analysis",,,19205458,"Analysis of ciprofloxacin-resistant Salmonella strains from swine, chicken, and their carcasses in Taiwan and detection of parC resistance mutations by a mismatch amplification mutation assay PCR.",2009,
"Reslit",,"S80I","parC","DNA topoisomerase IV subunit C",,"ciprofloxacin","Salmonella","DNA sequence analysis",,,19205458,"Analysis of ciprofloxacin-resistant Salmonella strains from swine, chicken, and their carcasses in Taiwan and detection of parC resistance mutations by a mismatch amplification mutation assay PCR.",2009,
"Reslit",,"E84K","parC","DNA topoisomerase IV subunit C",,"ciprofloxacin","Salmonella","DNA sequence analysis",,,19205458,"Analysis of ciprofloxacin-resistant Salmonella strains from swine, chicken, and their carcasses in Taiwan and detection of parC resistance mutations by a mismatch amplification mutation assay PCR.",2009,
"Reslit",,"S458P","parE","DNA topoisomerase IV subunit B",,"ciprofloxacin","Salmonella","DNA sequence analysis",,,19205458,"Analysis of ciprofloxacin-resistant Salmonella strains from swine, chicken, and their carcasses in Taiwan and detection of parC resistance mutations by a mismatch amplification mutation assay PCR.",2009,
"Reslit",,"S83I","gyrA","DNA gyrase subunit A",,"nalidixic acid|oxolinic acid|fluoroquinolones","Vibrio vulnificus","sequencing of QRDRs and MIC determination","Mutation in gyrA leads to quinolone resistance",,19218407,"Spontaneous quinolone resistance in the zoonotic serovar of Vibrio vulnificus.",2009,
"Reslit",,"S85L","parC","DNA topoisomerase IV subunit A",,"fluoroquinolones","Vibrio vulnificus","sequencing of QRDRs and MIC determination","Mutation in parC contributes to fluoroquinolone resistance",,19218407,"Spontaneous quinolone resistance in the zoonotic serovar of Vibrio vulnificus.",2009,
"Reslit",,"T289P","ddl","d-Ala:d-Ala ligase",,"vancomycin","Enterococcus avium","sequencing and functional analysis","Mutation in the ddl gene of E. avium BM4655",,19258279,"New combinations of mutations in VanD-Type vancomycin-resistant Enterococcus faecium, Enterococcus faecalis, and Enterococcus avium strains.",2009,"Enterococcus avium BM4655"
"Reslit","AGT->CTT","S456L","rpoB","RNA polymerase beta subunit",,"rifampicin","Mycobacterium tuberculosis","recombineering with ssDNA substrates",,,19300517,"Fluoromycobacteriophages for rapid, specific, and sensitive antibiotic susceptibility testing of Mycobacterium tuberculosis.",2009,
"Reslit","A129G","K43R","rpsL","ribosomal protein S12",,"streptomycin","Mycobacterium tuberculosis","recombineering with ssDNA substrates",,,19300517,"Fluoromycobacteriophages for rapid, specific, and sensitive antibiotic susceptibility testing of Mycobacterium tuberculosis.",2009,
"Reslit",,"W273X","dacB","nonessential low molecular mass PBP4","inactivation","ceftazidime|cefepime|piperacillin|imipenem","Pseudomonas aeruginosa","sequencing and MIC testing","Inactivation of dacB leads to high-level β-lactam resistance.",,19325877,"Beta-lactam resistance response triggered by inactivation of a nonessential penicillin-binding protein.",2009,"in vitro"
"Reslit",,"T79P","dacB","nonessential low molecular mass PBP4","inactivation","ceftazidime|cefepime|piperacillin|imipenem","Pseudomonas aeruginosa","sequencing and MIC testing","Inactivation of dacB leads to high-level β-lactam resistance.",,19325877,"Beta-lactam resistance response triggered by inactivation of a nonessential penicillin-binding protein.",2009,"in vitro"
"Reslit",,"T428P","dacB","nonessential low molecular mass PBP4","inactivation","ceftazidime","Pseudomonas aeruginosa","mutant analysis and sequencing","Inactivation of dacB leads to high-level β-lactam resistance.",,19325877,"Beta-lactam resistance response triggered by inactivation of a nonessential penicillin-binding protein.",2009,"in vivo"
"Reslit",,"T82I","gyrA","DNA gyrase subunit A",,"moxifloxacin|levofloxacin","Clostridium difficile","MIC testing and sequencing",,,19364867,"Molecular analysis of the gyrA and gyrB quinolone resistance-determining regions of fluoroquinolone-resistant Clostridium difficile mutants selected in vitro.",2009,
"Reslit",,"D426V","gyrB","DNA gyrase subunit B",,"moxifloxacin|levofloxacin","Clostridium difficile","MIC testing and sequencing",,,19364867,"Molecular analysis of the gyrA and gyrB quinolone resistance-determining regions of fluoroquinolone-resistant Clostridium difficile mutants selected in vitro.",2009,
"Reslit",,"R447K","gyrB","DNA gyrase subunit B",,"moxifloxacin|levofloxacin","Clostridium difficile","MIC testing and sequencing",,,19364867,"Molecular analysis of the gyrA and gyrB quinolone resistance-determining regions of fluoroquinolone-resistant Clostridium difficile mutants selected in vitro.",2009,
"Reslit",,"S83L","gyrA","DNA gyrase subunit A",,"fluoroquinolones","Pseudomonas aeruginosa","DNA microarray genotyping",,,19377839,"Molecular Diagnostic Technologies in Clinical Microbiology",2010,
"Reslit",,"S80L","parC","topoisomerase IV subunit C",,"fluoroquinolones","Pseudomonas aeruginosa","DNA microarray genotyping",,,19377839,"Molecular Diagnostic Technologies in Clinical Microbiology",2010,
"Reslit","C257T","S86L","gyrA","DNA gyrase subunit A",,"quinolone","Campylobacter jejuni","MIC determination","mutation in gyrA confers quinolone resistance",,19439549,"Multiplex strategy for multilocus sequence typing, fla typing, and genetic determination of antimicrobial resistance of Campylobacter jejuni and Campylobacter coli isolates collected in Switzerland.",2009,
"Reslit","C257T","S86L","gyrA","DNA gyrase subunit A",,"quinolone","Campylobacter coli","MIC determination","mutation in gyrA confers quinolone resistance",,19439549,"Multiplex strategy for multilocus sequence typing, fla typing, and genetic determination of antimicrobial resistance of Campylobacter jejuni and Campylobacter coli isolates collected in Switzerland.",2009,
"Reslit",,"G226D","envZ","sensor kinase","reduced expression of the outer membrane porins OmpC and OmpF","cephalothin|cefaclor","Salmonella typhimurium","sequencing and MIC testing",,,19474201,"Contribution of gene amplification to evolution of increased antibiotic resistance in Salmonella typhimurium.",2009,"Salmonella typhimurium"
"Reslit",,"P131Q","cpxA","sensor kinase","reduced expression of the porin mRNAs","cephalothin|cefaclor","Salmonella typhimurium","sequencing and MIC testing",,,19474201,"Contribution of gene amplification to evolution of increased antibiotic resistance in Salmonella typhimurium.",2009,"Salmonella typhimurium"
"Reslit",,"G45D","mtrR","MtrR transcriptional repressor","disrupts the DNA-binding domain of the MtrR repressor","ceftriaxone|cefixime","Neisseria gonorrhoeae","transformation and MIC measurement",,,19528266,"Genetics of chromosomally mediated intermediate resistance to ceftriaxone and cefixime in Neisseria gonorrhoeae.",2009,"strain 35/02"
"Reslit",,"P102H","pmrA","two-component system response regulator","constitutive activation","colistin","Acinetobacter baumannii","DNA sequencing",,,19528270,"Resistance to colistin in Acinetobacter baumannii associated with mutations in the PmrAB two-component system.",2009,"clinical isolate"
"Reslit",,"A262P","pmrB","two-component system sensor kinase","constitutive activation","colistin","Acinetobacter baumannii","DNA sequencing",,,19528270,"Resistance to colistin in Acinetobacter baumannii associated with mutations in the PmrAB two-component system.",2009,"clinical isolate ACCA152"
"Reslit",,"A227V","pmrB","two-component system sensor kinase","constitutive activation","colistin","Acinetobacter baumannii","DNA sequencing",,,19528270,"Resistance to colistin in Acinetobacter baumannii associated with mutations in the PmrAB two-component system.",2009,"clinical isolate MAC102"
"Reslit",,"T13N","pmrB","two-component system sensor kinase","constitutive activation","colistin","Acinetobacter baumannii","DNA sequencing",,,19528270,"Resistance to colistin in Acinetobacter baumannii associated with mutations in the PmrAB two-component system.",2009,"clinical isolate MAC201"
"Reslit",,"P233S","pmrB","two-component system sensor kinase","constitutive activation","colistin","Acinetobacter baumannii","DNA sequencing",,,19528270,"Resistance to colistin in Acinetobacter baumannii associated with mutations in the PmrAB two-component system.",2009,"clinical isolate MAC201"
"Reslit",,"P233T","pmrB","two-component system sensor kinase","constitutive activation","colistin","Acinetobacter baumannii","DNA sequencing",,,19528270,"Resistance to colistin in Acinetobacter baumannii associated with mutations in the PmrAB two-component system.",2009,"clinical isolate ACCA152"
"Reslit",,"E44V","mprF","membrane-bound lysyl transferase",,"daptomycin","Staphylococcus aureus","sequencing analysis","Mutation detected in daptomycin-resistant clones.",,19620338,"Activity of telavancin against staphylococci and enterococci determined by MIC and resistance selection studies.",2009,
"Reslit",,"K42N","rpsL","ribosomal protein S12","impairs ribosome performance","streptomycin","Salmonella enterica","growth rate measurements and stress survival assays","Mutations in rpsL are responsible for streptomycin resistance and have varying effects on bacterial fitness depending on environmental conditions.",,19652179,"The fitness cost of streptomycin resistance depends on rpsL mutation, carbon source and RpoS (σS).",2009,"Salmonella enterica serovar Typhimurium LT2"
"Reslit",,"K42N","rpsL","ribosomal protein S12","impairs ribosome performance","streptomycin","Escherichia coli","growth rate measurements and stress survival assays","Mutations in rpsL are responsible for streptomycin resistance and have varying effects on bacterial fitness depending on environmental conditions.",,19652179,"The fitness cost of streptomycin resistance depends on rpsL mutation, carbon source and RpoS (σS).",2009,"Salmonella enterica serovar Typhimurium LT2"
"Reslit",,"K42N","rpsL","ribosomal protein S12","impairs ribosome performance","streptomycin","Mycobacterium tuberculosis","growth rate measurements and stress survival assays","Mutations in rpsL are responsible for streptomycin resistance and have varying effects on bacterial fitness depending on environmental conditions.",,19652179,"The fitness cost of streptomycin resistance depends on rpsL mutation, carbon source and RpoS (σS).",2009,"Salmonella enterica serovar Typhimurium LT2"
"Reslit",,"P90S","rpsL","ribosomal protein S12","impairs ribosome performance","streptomycin","Salmonella enterica","growth rate measurements and stress survival assays","Mutations in rpsL are responsible for streptomycin resistance and have varying effects on bacterial fitness depending on environmental conditions.",,19652179,"The fitness cost of streptomycin resistance depends on rpsL mutation, carbon source and RpoS (σS).",2009,"Salmonella enterica serovar Typhimurium LT2"
"Reslit",,"P90S","rpsL","ribosomal protein S12","impairs ribosome performance","streptomycin","Escherichia coli","growth rate measurements and stress survival assays","Mutations in rpsL are responsible for streptomycin resistance and have varying effects on bacterial fitness depending on environmental conditions.",,19652179,"The fitness cost of streptomycin resistance depends on rpsL mutation, carbon source and RpoS (σS).",2009,"Salmonella enterica serovar Typhimurium LT2"
"Reslit",,"P90S","rpsL","ribosomal protein S12","impairs ribosome performance","streptomycin","Mycobacterium tuberculosis","growth rate measurements and stress survival assays","Mutations in rpsL are responsible for streptomycin resistance and have varying effects on bacterial fitness depending on environmental conditions.",,19652179,"The fitness cost of streptomycin resistance depends on rpsL mutation, carbon source and RpoS (σS).",2009,"Salmonella enterica serovar Typhimurium LT2"
"Reslit",,"K42R","rpsL","ribosomal protein S12","retains wild-type translation rate","streptomycin","Salmonella enterica","growth rate measurements and stress survival assays","Mutations in rpsL are responsible for streptomycin resistance and have varying effects on bacterial fitness depending on environmental conditions.",,19652179,"The fitness cost of streptomycin resistance depends on rpsL mutation, carbon source and RpoS (σS).",2009,"Salmonella enterica serovar Typhimurium LT2"
"Reslit",,"K42R","rpsL","ribosomal protein S12","retains wild-type translation rate","streptomycin","Escherichia coli","growth rate measurements and stress survival assays","Mutations in rpsL are responsible for streptomycin resistance and have varying effects on bacterial fitness depending on environmental conditions.",,19652179,"The fitness cost of streptomycin resistance depends on rpsL mutation, carbon source and RpoS (σS).",2009,"Salmonella enterica serovar Typhimurium LT2"
"Reslit",,"K42R","rpsL","ribosomal protein S12","retains wild-type translation rate","streptomycin","Mycobacterium tuberculosis","growth rate measurements and stress survival assays","Mutations in rpsL are responsible for streptomycin resistance and have varying effects on bacterial fitness depending on environmental conditions.",,19652179,"The fitness cost of streptomycin resistance depends on rpsL mutation, carbon source and RpoS (σS).",2009,"Salmonella enterica serovar Typhimurium LT2"
"Reslit",,"T83I","gyrA","DNA gyrase subunit A",,"fluoroquinolones","Pseudomonas aeruginosa","Sanger sequencing and Pyrosequencing","Mutations in codons 83 and 87 of gyrA are associated with fluoroquinolone resistance.",,19656662,"Detection of point mutations associated with antibiotic resistance in Pseudomonas aeruginosa.",2009,
"Reslit",,"V126E","mexR","regulatory gene for efflux pump",,"fluoroquinolones","Pseudomonas aeruginosa","Sanger sequencing and Pyrosequencing","A novel mutation in codon 126 of mexR is associated with fluoroquinolone resistance.",,19656662,"Detection of point mutations associated with antibiotic resistance in Pseudomonas aeruginosa.",2009,
"Reslit",,"G406A","embB","embB gene product",,"ethambutol","Mycobacterium tuberculosis","allelic exchange and MIC testing",,,19822701,"Allelic Exchange and Mutant Selection Demonstrate that Common Clinical embCAB Gene Mutations Only Modestly Increase Resistance to Ethambutol in Mycobacterium tuberculosis.",2010,
"Reslit",,"G406D","embB","embB gene product",,"ethambutol","Mycobacterium tuberculosis","allelic exchange and MIC testing",,,19822701,"Allelic Exchange and Mutant Selection Demonstrate that Common Clinical embCAB Gene Mutations Only Modestly Increase Resistance to Ethambutol in Mycobacterium tuberculosis.",2010,
"Reslit",,"G406C","embB","embB gene product",,"ethambutol","Mycobacterium tuberculosis","allelic exchange and MIC testing",,,19822701,"Allelic Exchange and Mutant Selection Demonstrate that Common Clinical embCAB Gene Mutations Only Modestly Increase Resistance to Ethambutol in Mycobacterium tuberculosis.",2010,
"Reslit",,"G406S","embB","embB gene product",,"ethambutol","Mycobacterium tuberculosis","allelic exchange and MIC testing",,,19822701,"Allelic Exchange and Mutant Selection Demonstrate that Common Clinical embCAB Gene Mutations Only Modestly Increase Resistance to Ethambutol in Mycobacterium tuberculosis.",2010,
"Reslit",,"Q497R","embB","embB gene product",,"ethambutol","Mycobacterium tuberculosis","allelic exchange and MIC testing",,,19822701,"Allelic Exchange and Mutant Selection Demonstrate that Common Clinical embCAB Gene Mutations Only Modestly Increase Resistance to Ethambutol in Mycobacterium tuberculosis.",2010,
"Reslit",,"M306V","embB","embB gene product",,"ethambutol","Mycobacterium tuberculosis","in vitro selection and sequencing",,,19822701,"Allelic Exchange and Mutant Selection Demonstrate that Common Clinical embCAB Gene Mutations Only Modestly Increase Resistance to Ethambutol in Mycobacterium tuberculosis.",2010,
"Reslit",,"P397S","embB","embB gene product",,"ethambutol","Mycobacterium tuberculosis","sequencing of in vitro-selected mutants",,,19822701,"Allelic Exchange and Mutant Selection Demonstrate that Common Clinical embCAB Gene Mutations Only Modestly Increase Resistance to Ethambutol in Mycobacterium tuberculosis.",2010,
"Reslit",,"D1024N","embB","embB gene product",,"ethambutol","Mycobacterium tuberculosis","sequencing of in vitro-selected mutants",,,19822701,"Allelic Exchange and Mutant Selection Demonstrate that Common Clinical embCAB Gene Mutations Only Modestly Increase Resistance to Ethambutol in Mycobacterium tuberculosis.",2010,
"Reslit",,"F320L","embB","embB gene product",,"ethambutol","Mycobacterium tuberculosis","sequencing of in vitro-selected mutants",,,19822701,"Allelic Exchange and Mutant Selection Demonstrate that Common Clinical embCAB Gene Mutations Only Modestly Increase Resistance to Ethambutol in Mycobacterium tuberculosis.",2010,
"Reslit",,"G324R","embB","embB gene product",,"ethambutol","Mycobacterium tuberculosis","sequencing of in vitro-selected mutants",,,19822701,"Allelic Exchange and Mutant Selection Demonstrate that Common Clinical embCAB Gene Mutations Only Modestly Increase Resistance to Ethambutol in Mycobacterium tuberculosis.",2010,
"Reslit",,"Q445R","embB","embB gene product",,"ethambutol","Mycobacterium tuberculosis","sequencing of in vitro-selected mutants",,,19822701,"Allelic Exchange and Mutant Selection Demonstrate that Common Clinical embCAB Gene Mutations Only Modestly Increase Resistance to Ethambutol in Mycobacterium tuberculosis.",2010,
"Reslit",,"R13L","embB","embB gene product",,"ethambutol","Mycobacterium tuberculosis","sequencing of in vitro-selected mutants",,,19822701,"Allelic Exchange and Mutant Selection Demonstrate that Common Clinical embCAB Gene Mutations Only Modestly Increase Resistance to Ethambutol in Mycobacterium tuberculosis.",2010,
"Reslit",,"S83L","gyrA","DNA gyrase subunit A",,"fluoroquinolones",,"mutant strain construction and susceptibility testing","Mutation in gyrA was shown to contribute to fluoroquinolone resistance.",,19834539,"A novel mechanism of transposon-mediated gene activation.",2009,
"Reslit",,"E117G","gyrB","DNA gyrase subunit B",,"fluoroquinolones",,"mutant strain construction and susceptibility testing","Mutation in gyrB was shown to contribute to fluoroquinolone resistance.",,19834539,"A novel mechanism of transposon-mediated gene activation.",2009,
"Reslit",,"D435Y","rpoB","RNA-polymerase beta-subunit",,"rifampicin","Mycobacterium tuberculosis","whole-genome sequencing",,,19890396,"Genome analysis of multi- and extensively-drug-resistant tuberculosis from KwaZulu-Natal, South Africa.",2009,
"Reslit",,"D435G","rpoB","RNA-polymerase beta-subunit",,"rifampicin","Mycobacterium tuberculosis","whole-genome sequencing",,,19890396,"Genome analysis of multi- and extensively-drug-resistant tuberculosis from KwaZulu-Natal, South Africa.",2009,
"Reslit",,"L452P","rpoB","RNA-polymerase beta-subunit",,"rifampicin","Mycobacterium tuberculosis","whole-genome sequencing",,,19890396,"Genome analysis of multi- and extensively-drug-resistant tuberculosis from KwaZulu-Natal, South Africa.",2009,
"Reslit",,"I1106T","rpoB","RNA-polymerase beta-subunit",,"rifampicin","Mycobacterium tuberculosis","whole-genome sequencing",,,19890396,"Genome analysis of multi- and extensively-drug-resistant tuberculosis from KwaZulu-Natal, South Africa.",2009,
"Reslit",,"A90V","gyrA","DNA gyrase",,"fluoroquinolones","Mycobacterium tuberculosis","whole-genome sequencing",,,19890396,"Genome analysis of multi- and extensively-drug-resistant tuberculosis from KwaZulu-Natal, South Africa.",2009,
"Reslit","A1400G",,"rrs","16S ribosomal RNA",,"kanamycin","Mycobacterium tuberculosis","whole-genome sequencing",,,19890396,"Genome analysis of multi- and extensively-drug-resistant tuberculosis from KwaZulu-Natal, South Africa.",2009,
"Reslit",,"S315T","katG","catalase/peroxidase",,"isoniazid","Mycobacterium tuberculosis","whole-genome sequencing",,,19890396,"Genome analysis of multi- and extensively-drug-resistant tuberculosis from KwaZulu-Natal, South Africa.",2009,
"Reslit",,"G132A","pncA","pyrazinamidase",,"pyrazinamide","Mycobacterium tuberculosis","whole-genome sequencing",,,19890396,"Genome analysis of multi- and extensively-drug-resistant tuberculosis from KwaZulu-Natal, South Africa.",2009,
"Reslit",,"M306V","embB","membrane protein, arabinosyltransferase",,"ethambutol","Mycobacterium tuberculosis","whole-genome sequencing",,,19890396,"Genome analysis of multi- and extensively-drug-resistant tuberculosis from KwaZulu-Natal, South Africa.",2009,
"Reslit","130del",,"gidB","16S rRNA methyltransferase",,"streptomycin","Mycobacterium tuberculosis","genomic sequencing and drug susceptibility testing",,,19890396,"Genome analysis of multi- and extensively-drug-resistant tuberculosis from KwaZulu-Natal, South Africa.",2009,
"Reslit","C-14T",,"eis","aminoglycoside acetyltransferase","overexpression of the gene, resulting in kanamycin resistance","kanamycin","Mycobacterium tuberculosis","Overexpression of the chromosomally encoded aminoglycoside acetyltransferase eis confers kanamycin resistance in Mycobacterium tuberculosis.","Mutations in the promoter region of eis lead to overexpression of the gene, resulting in kanamycin resistance.",,19906990,"Overexpression of the chromosomally encoded aminoglycoside acetyltransferase eis confers kanamycin resistance in Mycobacterium tuberculosis.",2009,"The emergence of multidrug-resistant (MDR) tuberculosis (TB) highlights the urgent need to understand the mechanisms of resistance to the drugs used to treat this disease."
"Reslit","G-37T",,"eis","aminoglycoside acetyltransferase","overexpression of the gene, resulting in kanamycin resistance","kanamycin","Mycobacterium tuberculosis","Overexpression of the chromosomally encoded aminoglycoside acetyltransferase eis confers kanamycin resistance in Mycobacterium tuberculosis.","Mutations in the promoter region of eis lead to overexpression of the gene, resulting in kanamycin resistance.",,19906990,"Overexpression of the chromosomally encoded aminoglycoside acetyltransferase eis confers kanamycin resistance in Mycobacterium tuberculosis.",2009,"The emergence of multidrug-resistant (MDR) tuberculosis (TB) highlights the urgent need to understand the mechanisms of resistance to the drugs used to treat this disease."
"Reslit","G-10A",,"eis","aminoglycoside acetyltransferase","overexpression of the gene, resulting in kanamycin resistance","kanamycin","Mycobacterium tuberculosis","Overexpression of the chromosomally encoded aminoglycoside acetyltransferase eis confers kanamycin resistance in Mycobacterium tuberculosis.","Mutations in the promoter region of eis lead to overexpression of the gene, resulting in kanamycin resistance.",,19906990,"Overexpression of the chromosomally encoded aminoglycoside acetyltransferase eis confers kanamycin resistance in Mycobacterium tuberculosis.",2009,"The emergence of multidrug-resistant (MDR) tuberculosis (TB) highlights the urgent need to understand the mechanisms of resistance to the drugs used to treat this disease."
"Reslit","C-12T",,"eis","aminoglycoside acetyltransferase","overexpression of the gene, resulting in kanamycin resistance","kanamycin","Mycobacterium tuberculosis","Overexpression of the chromosomally encoded aminoglycoside acetyltransferase eis confers kanamycin resistance in Mycobacterium tuberculosis.","Mutations in the promoter region of eis lead to overexpression of the gene, resulting in kanamycin resistance.",,19906990,"Overexpression of the chromosomally encoded aminoglycoside acetyltransferase eis confers kanamycin resistance in Mycobacterium tuberculosis.",2009,"The emergence of multidrug-resistant (MDR) tuberculosis (TB) highlights the urgent need to understand the mechanisms of resistance to the drugs used to treat this disease."
"Reslit","A-13G",,"eis","aminoglycoside acetyltransferase","overexpression of the gene, resulting in kanamycin resistance","kanamycin","Mycobacterium tuberculosis","Overexpression of the chromosomally encoded aminoglycoside acetyltransferase eis confers kanamycin resistance in Mycobacterium tuberculosis.","Mutations in the promoter region of eis lead to overexpression of the gene, resulting in kanamycin resistance.",,19906990,"Overexpression of the chromosomally encoded aminoglycoside acetyltransferase eis confers kanamycin resistance in Mycobacterium tuberculosis.",2009,"The emergence of multidrug-resistant (MDR) tuberculosis (TB) highlights the urgent need to understand the mechanisms of resistance to the drugs used to treat this disease."
"Reslit",,"V298E","blaC","beta-lactamase",,"cephalosporins",,"structural analysis and enzymatic activity assays","The V298E mutation increases hydrolytic activity against cefotaxime.",,19913034,"Structural bases for stability-function tradeoffs in antibiotic resistance.",2010,
"Reslit","G575C","G192A","nfsB","nitroreductase",,"nitrofurantoin","Neisseria gonorrhoeae",,"Mutations in nfsB lead to loss of nitroreductase activity, resulting in nitrofurantoin resistance.",,19930647,"Use of nfsB, encoding nitroreductase, as a reporter gene to determine the mutational spectrum of spontaneous mutations in Neisseria gonorrhoeae.",2009,
"Reslit",,"G214E","blaCMY-2","beta-lactamase",,"cefotaxime|aztreonam","E. coli","comparison with CMY-2 and MIC testing","The Gly214Glu substitution in CMY-32 enhances resistance to cefotaxime and aztreonam compared to CMY-2.",,19938877,"Enhancing resistance to cephalosporins in class C beta-lactamases: impact of Gly214Glu in CMY-2.",2010,
"Reslit",,"A147G","gyrA","DNA gyrase subunit A",,"moxifloxacin|levofloxacin|gemifloxacin","Streptococcus pneumoniae","PCR and sequencing","mutations in quinolone resistance-determining region associated with resistance to fluoroquinolones",,20008781,"Comparative study of the mutant prevention concentrations of moxifloxacin, levofloxacin, and gemifloxacin against pneumococci.",2010,
"Reslit",,"S81A","gyrA","DNA gyrase subunit A",,"moxifloxacin|levofloxacin|gemifloxacin","Streptococcus pneumoniae","PCR and sequencing","mutations in quinolone resistance-determining region associated with resistance to fluoroquinolones",,20008781,"Comparative study of the mutant prevention concentrations of moxifloxacin, levofloxacin, and gemifloxacin against pneumococci.",2010,
"Reslit",,"S81F","gyrA","DNA gyrase subunit A",,"moxifloxacin|levofloxacin|gemifloxacin","Streptococcus pneumoniae","PCR and sequencing","mutations in quinolone resistance-determining region associated with resistance to fluoroquinolones",,20008781,"Comparative study of the mutant prevention concentrations of moxifloxacin, levofloxacin, and gemifloxacin against pneumococci.",2010,
"Reslit",,"S81Y","gyrA","DNA gyrase subunit A",,"moxifloxacin|levofloxacin|gemifloxacin","Streptococcus pneumoniae","PCR and sequencing","mutations in quinolone resistance-determining region associated with resistance to fluoroquinolones",,20008781,"Comparative study of the mutant prevention concentrations of moxifloxacin, levofloxacin, and gemifloxacin against pneumococci.",2010,
"Reslit",,"E85K","gyrA","DNA gyrase subunit A",,"moxifloxacin|levofloxacin|gemifloxacin","Streptococcus pneumoniae","PCR and sequencing","mutations in quinolone resistance-determining region associated with resistance to fluoroquinolones",,20008781,"Comparative study of the mutant prevention concentrations of moxifloxacin, levofloxacin, and gemifloxacin against pneumococci.",2010,
"Reslit",,"E85A","gyrA","DNA gyrase subunit A",,"moxifloxacin|levofloxacin|gemifloxacin","Streptococcus pneumoniae","PCR and sequencing","mutations in quinolone resistance-determining region associated with resistance to fluoroquinolones",,20008781,"Comparative study of the mutant prevention concentrations of moxifloxacin, levofloxacin, and gemifloxacin against pneumococci.",2010,
"Reslit",,"S82P","gyrA","DNA gyrase subunit A",,"moxifloxacin|levofloxacin|gemifloxacin","Streptococcus pneumoniae","PCR and sequencing","mutations in quinolone resistance-determining region associated with resistance to fluoroquinolones",,20008781,"Comparative study of the mutant prevention concentrations of moxifloxacin, levofloxacin, and gemifloxacin against pneumococci.",2010,
"Reslit",,"S79F","parC","topoisomerase IV subunit C",,"moxifloxacin|levofloxacin|gemifloxacin","Streptococcus pneumoniae","PCR and sequencing","mutations in quinolone resistance-determining region associated with resistance to fluoroquinolones",,20008781,"Comparative study of the mutant prevention concentrations of moxifloxacin, levofloxacin, and gemifloxacin against pneumococci.",2010,
"Reslit",,"S79Y","parC","topoisomerase IV subunit C",,"moxifloxacin|levofloxacin|gemifloxacin","Streptococcus pneumoniae","PCR and sequencing","mutations in quinolone resistance-determining region associated with resistance to fluoroquinolones",,20008781,"Comparative study of the mutant prevention concentrations of moxifloxacin, levofloxacin, and gemifloxacin against pneumococci.",2010,
"Reslit",,"D83N","parC","topoisomerase IV subunit C",,"moxifloxacin|levofloxacin|gemifloxacin","Streptococcus pneumoniae","PCR and sequencing","mutations in quinolone resistance-determining region associated with resistance to fluoroquinolones",,20008781,"Comparative study of the mutant prevention concentrations of moxifloxacin, levofloxacin, and gemifloxacin against pneumococci.",2010,
"Reslit",,"K137N","parC","topoisomerase IV subunit C",,"moxifloxacin|levofloxacin|gemifloxacin","Streptococcus pneumoniae","PCR and sequencing","mutations in quinolone resistance-determining region associated with resistance to fluoroquinolones",,20008781,"Comparative study of the mutant prevention concentrations of moxifloxacin, levofloxacin, and gemifloxacin against pneumococci.",2010,
"Reslit",,"D435N","parE","topoisomerase IV subunit E",,"moxifloxacin|levofloxacin|gemifloxacin","Streptococcus pneumoniae","PCR and sequencing","mutations in quinolone resistance-determining region associated with resistance to fluoroquinolones",,20008781,"Comparative study of the mutant prevention concentrations of moxifloxacin, levofloxacin, and gemifloxacin against pneumococci.",2010,
"Reslit",,"I460V","parE","topoisomerase IV subunit E",,"moxifloxacin|levofloxacin|gemifloxacin","Streptococcus pneumoniae","PCR and sequencing","mutations in quinolone resistance-determining region associated with resistance to fluoroquinolones",,20008781,"Comparative study of the mutant prevention concentrations of moxifloxacin, levofloxacin, and gemifloxacin against pneumococci.",2010,
"Reslit",,"I460N","parE","topoisomerase IV subunit E",,"moxifloxacin|levofloxacin|gemifloxacin","Streptococcus pneumoniae","PCR and sequencing","mutations in quinolone resistance-determining region associated with resistance to fluoroquinolones",,20008781,"Comparative study of the mutant prevention concentrations of moxifloxacin, levofloxacin, and gemifloxacin against pneumococci.",2010,
"Reslit",,"V461I","parE","topoisomerase IV subunit E",,"moxifloxacin|levofloxacin|gemifloxacin","Streptococcus pneumoniae","PCR and sequencing","mutations in quinolone resistance-determining region associated with resistance to fluoroquinolones",,20008781,"Comparative study of the mutant prevention concentrations of moxifloxacin, levofloxacin, and gemifloxacin against pneumococci.",2010,
"Reslit",,"N473D","gyrB","DNA gyrase subunit B",,"moxifloxacin|levofloxacin|gemifloxacin","Streptococcus pneumoniae","PCR and sequencing","mutation in quinolone resistance-determining region associated with resistance to fluoroquinolones",,20008781,"Comparative study of the mutant prevention concentrations of moxifloxacin, levofloxacin, and gemifloxacin against pneumococci.",2010,
"Reslit",,"S80F","grlA","DNA gyrase subunit A",,"ciprofloxacin|levofloxacin","Staphylococcus aureus",,,,20031071,"Skin lesion caused by ST398 and ST1 MRSA, Spain.",2010,
"Reslit",,"S84L","gyrA","DNA gyrase subunit A",,"ciprofloxacin|levofloxacin","Staphylococcus aureus",,,,20031071,"Skin lesion caused by ST398 and ST1 MRSA, Spain.",2010,
"Reslit","T2390A","T104A","acrB","multidrug efflux pump",,"chloramphenicol|taurocholic acid|erythromycin","Escherichia coli","functional complementation and MIC testing",,,20038628,"Single nucleotide polymorphism analysis of the major tripartite multidrug efflux pump of Escherichia coli: functional conservation in disparate animal reservoirs despite exposure to antimicrobial chemotherapy.",2010,
"Reslit",,"R104L","katG","catalase-peroxidase",,"isoniazid","Mycobacterium tuberculosis","INH-NADH adduct formation studies","Mutations in KatG are associated with isoniazid resistance through reduced INH-NADH adduct formation.",,20054829,"Isoniazid-resistance conferring mutations in Mycobacterium tuberculosis KatG: catalase, peroxidase, and INH-NADH adduct formation activities.",2010,
"Reslit",,"W107R","katG","catalase-peroxidase",,"isoniazid","Mycobacterium tuberculosis","INH-NADH adduct formation studies","Mutations in KatG are associated with isoniazid resistance through reduced INH-NADH adduct formation.",,20054829,"Isoniazid-resistance conferring mutations in Mycobacterium tuberculosis KatG: catalase, peroxidase, and INH-NADH adduct formation activities.",2010,
"Reslit",,"W107F","katG","catalase-peroxidase",,"isoniazid","Mycobacterium tuberculosis","INH-NADH adduct formation studies","Mutations in KatG are associated with isoniazid resistance through reduced INH-NADH adduct formation.",,20054829,"Isoniazid-resistance conferring mutations in Mycobacterium tuberculosis KatG: catalase, peroxidase, and INH-NADH adduct formation activities.",2010,
"Reslit",,"H108E","katG","catalase-peroxidase",,"isoniazid","Mycobacterium tuberculosis","INH-NADH adduct formation studies","Mutations in KatG are associated with isoniazid resistance through reduced INH-NADH adduct formation.",,20054829,"Isoniazid-resistance conferring mutations in Mycobacterium tuberculosis KatG: catalase, peroxidase, and INH-NADH adduct formation activities.",2010,
"Reslit",,"H108Q","katG","catalase-peroxidase",,"isoniazid","Mycobacterium tuberculosis","INH-NADH adduct formation studies","Mutations in KatG are associated with isoniazid resistance through reduced INH-NADH adduct formation.",,20054829,"Isoniazid-resistance conferring mutations in Mycobacterium tuberculosis KatG: catalase, peroxidase, and INH-NADH adduct formation activities.",2010,
"Reslit",,"N138D","katG","catalase-peroxidase",,"isoniazid","Mycobacterium tuberculosis","INH-NADH adduct formation studies","Mutations in KatG are associated with isoniazid resistance through reduced INH-NADH adduct formation.",,20054829,"Isoniazid-resistance conferring mutations in Mycobacterium tuberculosis KatG: catalase, peroxidase, and INH-NADH adduct formation activities.",2010,
"Reslit",,"N138S","katG","catalase-peroxidase",,"isoniazid","Mycobacterium tuberculosis","INH-NADH adduct formation studies","Mutations in KatG are associated with isoniazid resistance through reduced INH-NADH adduct formation.",,20054829,"Isoniazid-resistance conferring mutations in Mycobacterium tuberculosis KatG: catalase, peroxidase, and INH-NADH adduct formation activities.",2010,
"Reslit",,"Y229F","katG","catalase-peroxidase",,"isoniazid","Mycobacterium tuberculosis","INH-NADH adduct formation studies","Mutations in KatG are associated with isoniazid resistance through reduced INH-NADH adduct formation.",,20054829,"Isoniazid-resistance conferring mutations in Mycobacterium tuberculosis KatG: catalase, peroxidase, and INH-NADH adduct formation activities.",2010,
"Reslit",,"T262R","katG","catalase-peroxidase",,"isoniazid","Mycobacterium tuberculosis","INH-NADH adduct formation studies","Mutations in KatG are associated with isoniazid resistance through reduced INH-NADH adduct formation.",,20054829,"Isoniazid-resistance conferring mutations in Mycobacterium tuberculosis KatG: catalase, peroxidase, and INH-NADH adduct formation activities.",2010,
"Reslit",,"T275P","katG","catalase-peroxidase",,"isoniazid","Mycobacterium tuberculosis","INH-NADH adduct formation studies","Mutations in KatG are associated with isoniazid resistance through reduced INH-NADH adduct formation.",,20054829,"Isoniazid-resistance conferring mutations in Mycobacterium tuberculosis KatG: catalase, peroxidase, and INH-NADH adduct formation activities.",2010,
"Reslit",,"T275V","katG","catalase-peroxidase",,"isoniazid","Mycobacterium tuberculosis","INH-NADH adduct formation studies","Mutations in KatG are associated with isoniazid resistance through reduced INH-NADH adduct formation.",,20054829,"Isoniazid-resistance conferring mutations in Mycobacterium tuberculosis KatG: catalase, peroxidase, and INH-NADH adduct formation activities.",2010,
"Reslit",,"W300G","katG","catalase-peroxidase",,"isoniazid","Mycobacterium tuberculosis","INH-NADH adduct formation studies","Mutations in KatG are associated with isoniazid resistance through reduced INH-NADH adduct formation.",,20054829,"Isoniazid-resistance conferring mutations in Mycobacterium tuberculosis KatG: catalase, peroxidase, and INH-NADH adduct formation activities.",2010,
"Reslit",,"S315G","katG","catalase-peroxidase",,"isoniazid","Mycobacterium tuberculosis","INH-NADH adduct formation studies","Mutations in KatG are associated with isoniazid resistance through reduced INH-NADH adduct formation.",,20054829,"Isoniazid-resistance conferring mutations in Mycobacterium tuberculosis KatG: catalase, peroxidase, and INH-NADH adduct formation activities.",2010,
"Reslit",,"S315I","katG","catalase-peroxidase",,"isoniazid","Mycobacterium tuberculosis","INH-NADH adduct formation studies","Mutations in KatG are associated with isoniazid resistance through reduced INH-NADH adduct formation.",,20054829,"Isoniazid-resistance conferring mutations in Mycobacterium tuberculosis KatG: catalase, peroxidase, and INH-NADH adduct formation activities.",2010,
"Reslit",,"S315N","katG","catalase-peroxidase",,"isoniazid","Mycobacterium tuberculosis","INH-NADH adduct formation studies","Mutations in KatG are associated with isoniazid resistance through reduced INH-NADH adduct formation.",,20054829,"Isoniazid-resistance conferring mutations in Mycobacterium tuberculosis KatG: catalase, peroxidase, and INH-NADH adduct formation activities.",2010,
"Reslit",,"S315R","katG","catalase-peroxidase",,"isoniazid","Mycobacterium tuberculosis","INH-NADH adduct formation studies","Mutations in KatG are associated with isoniazid resistance through reduced INH-NADH adduct formation.",,20054829,"Isoniazid-resistance conferring mutations in Mycobacterium tuberculosis KatG: catalase, peroxidase, and INH-NADH adduct formation activities.",2010,
"Reslit",,"S315T","katG","catalase-peroxidase",,"isoniazid","Mycobacterium tuberculosis","INH-NADH adduct formation studies","Mutations in KatG are associated with isoniazid resistance through reduced INH-NADH adduct formation.",,20054829,"Isoniazid-resistance conferring mutations in Mycobacterium tuberculosis KatG: catalase, peroxidase, and INH-NADH adduct formation activities.",2010,
"Reslit",,"W328G","katG","catalase-peroxidase",,"isoniazid","Mycobacterium tuberculosis","INH-NADH adduct formation studies","Mutations in KatG are associated with isoniazid resistance through reduced INH-NADH adduct formation.",,20054829,"Isoniazid-resistance conferring mutations in Mycobacterium tuberculosis KatG: catalase, peroxidase, and INH-NADH adduct formation activities.",2010,
"Reslit",,"W328F","katG","catalase-peroxidase",,"isoniazid","Mycobacterium tuberculosis","INH-NADH adduct formation studies","Mutations in KatG are associated with isoniazid resistance through reduced INH-NADH adduct formation.",,20054829,"Isoniazid-resistance conferring mutations in Mycobacterium tuberculosis KatG: catalase, peroxidase, and INH-NADH adduct formation activities.",2010,
"Reslit",,"Y337C","katG","catalase-peroxidase",,"isoniazid","Mycobacterium tuberculosis","INH-NADH adduct formation studies","Mutations in KatG are associated with isoniazid resistance through reduced INH-NADH adduct formation.",,20054829,"Isoniazid-resistance conferring mutations in Mycobacterium tuberculosis KatG: catalase, peroxidase, and INH-NADH adduct formation activities.",2010,
"Reslit",,"A350S","katG","catalase-peroxidase",,"isoniazid","Mycobacterium tuberculosis","INH-NADH adduct formation studies","Mutations in KatG are associated with isoniazid resistance through reduced INH-NADH adduct formation.",,20054829,"Isoniazid-resistance conferring mutations in Mycobacterium tuberculosis KatG: catalase, peroxidase, and INH-NADH adduct formation activities.",2010,
"Reslit",,"R463L","katG","catalase-peroxidase",,"isoniazid","Mycobacterium tuberculosis","INH-NADH adduct formation studies","Mutations in KatG are associated with isoniazid resistance through reduced INH-NADH adduct formation.",,20054829,"Isoniazid-resistance conferring mutations in Mycobacterium tuberculosis KatG: catalase, peroxidase, and INH-NADH adduct formation activities.",2010,
"Reslit",,"L587M","katG","catalase-peroxidase",,"isoniazid","Mycobacterium tuberculosis","INH-NADH adduct formation studies","Mutations in KatG are associated with isoniazid resistance through reduced INH-NADH adduct formation.",,20054829,"Isoniazid-resistance conferring mutations in Mycobacterium tuberculosis KatG: catalase, peroxidase, and INH-NADH adduct formation activities.",2010,
"Reslit",,"G629S","katG","catalase-peroxidase",,"isoniazid","Mycobacterium tuberculosis","INH-NADH adduct formation studies","Mutations in KatG are associated with isoniazid resistance through reduced INH-NADH adduct formation.",,20054829,"Isoniazid-resistance conferring mutations in Mycobacterium tuberculosis KatG: catalase, peroxidase, and INH-NADH adduct formation activities.",2010,
"Reslit",,"D735N","katG","catalase-peroxidase",,"isoniazid","Mycobacterium tuberculosis","INH-NADH adduct formation studies","Mutations in KatG are associated with isoniazid resistance through reduced INH-NADH adduct formation.",,20054829,"Isoniazid-resistance conferring mutations in Mycobacterium tuberculosis KatG: catalase, peroxidase, and INH-NADH adduct formation activities.",2010,
"Reslit",,"M255C","katG","catalase-peroxidase",,"isoniazid","Mycobacterium tuberculosis","INH-NADH adduct formation studies","Mutations in KatG are associated with isoniazid resistance through reduced INH-NADH adduct formation.",,20054829,"Isoniazid-resistance conferring mutations in Mycobacterium tuberculosis KatG: catalase, peroxidase, and INH-NADH adduct formation activities.",2010,
"Reslit",,"M255I","katG","catalase-peroxidase",,"isoniazid","Mycobacterium tuberculosis","INH-NADH adduct formation studies","Mutations in KatG are associated with isoniazid resistance through reduced INH-NADH adduct formation.",,20054829,"Isoniazid-resistance conferring mutations in Mycobacterium tuberculosis KatG: catalase, peroxidase, and INH-NADH adduct formation activities.",2010,
"Reslit",,"M255Y","katG","catalase-peroxidase",,"isoniazid","Mycobacterium tuberculosis","INH-NADH adduct formation studies","Mutations in KatG are associated with isoniazid resistance through reduced INH-NADH adduct formation.",,20054829,"Isoniazid-resistance conferring mutations in Mycobacterium tuberculosis KatG: catalase, peroxidase, and INH-NADH adduct formation activities.",2010,
"Reslit",,"A501V","penA","penicillin-binding protein 2",,"cefixime|ceftriaxone","Neisseria gonorrhoeae","sequencing and MIC determination","PenA mutations including deletion of A leading to Ala-501→Val substitution are associated with reduced susceptibility to cefixime and ceftriaxone.",,20093260,"Various penA mutations together with mtrR, porB and ponA mutations in Neisseria gonorrhoeae isolates with reduced susceptibility to cefixime or ceftriaxone.",2010,
"Reslit",,"L421P","ponA","penicillin-binding protein 1",,"cefixime|ceftriaxone","Neisseria gonorrhoeae","sequencing and MIC determination","ponA mutations including Leu-421→Pro are associated with reduced susceptibility to cefixime and ceftriaxone.",,20093260,"Various penA mutations together with mtrR, porB and ponA mutations in Neisseria gonorrhoeae isolates with reduced susceptibility to cefixime or ceftriaxone.",2010,
"Reslit",,"S83F","gyrA","DNA gyrase subunit A",,"nalidixic acid|ciprofloxacin","Salmonella enterica","DNA sequencing","Multiple substitutions observed, including Ser83→Phe, Ser83→Pro, Ser83→Tyr, Asp87→Gly, and Asp87→Asn.",,20113512,"Genetic diversity of Salmonella enteric serovar typhi and paratyphi in Shenzhen, China from 2002 through 2007.",2010,
"Reslit",,"S83F","gyrA","DNA gyrase subunit A",,"nalidixic acid|ciprofloxacin","Salmonella enterica","DNA sequencing","Multiple substitutions observed, including Ser83→Phe, Ser83→Pro, Ser83→Tyr, Asp87→Gly, and Asp87→Asn.",,20113512,"Genetic diversity of Salmonella enteric serovar typhi and paratyphi in Shenzhen, China from 2002 through 2007.",2010,
"Reslit",,"S83L","gyrA","DNA gyrase subunit A",,"ciprofloxacin|ofloxacin","Orientia tsutsugamushi","sequencing of gyrA gene","All 18 isolates from Laos and the two genome sequences (Boryong and Ikeda) showed the same mutation.",,20138477,"Intrinsic fluoroquinolone resistance in Orientia tsutsugamushi.",2010,
"Reslit",,"G82D","gyrA","DNA gyrase subunit A",,"norfloxacin","E. coli","sequencing",,,20159551,"Sublethal antibiotic treatment leads to multidrug resistance via radical-induced mutagenesis.",2010,
"Reslit",,"Y87F","gyrB","DNA gyrase subunit B",,"norfloxacin","E. coli","sequencing",,,20159551,"Sublethal antibiotic treatment leads to multidrug resistance via radical-induced mutagenesis.",2010,
"Reslit","G168A",,"rpsL","30S ribosomal protein S12",,"kanamycin","E. coli","sequencing",,,20159551,"Sublethal antibiotic treatment leads to multidrug resistance via radical-induced mutagenesis.",2010,
"Reslit","T123A",,"acrA","multidrug efflux pump component",,"norfloxacin","E. coli","sequencing",,,20159551,"Sublethal antibiotic treatment leads to multidrug resistance via radical-induced mutagenesis.",2010,
"Reslit",,"S81F","gyrA","DNA gyrase A subunit",,"fluoroquinolones","Streptococcus pneumoniae","PCR amplification and DNA sequence analysis",,,20176911,"In vitro antibacterial activities of JNJ-Q2, a new broad-spectrum fluoroquinolone.",2010,
"Reslit",,"S81F","gyrA","DNA gyrase A subunit",,"fluoroquinolones","Staphylococcus aureus","PCR amplification and DNA sequence analysis",,,20176911,"In vitro antibacterial activities of JNJ-Q2, a new broad-spectrum fluoroquinolone.",2010,
"Reslit",,"S79Y","parC","DNA topoisomerase IV subunit A",,"fluoroquinolones","Streptococcus pneumoniae","PCR amplification and DNA sequence analysis",,,20176911,"In vitro antibacterial activities of JNJ-Q2, a new broad-spectrum fluoroquinolone.",2010,
"Reslit",,"I143V","parC","DNA topoisomerase IV subunit A",,"fluoroquinolones","Streptococcus pneumoniae","PCR amplification and DNA sequence analysis",,,20176911,"In vitro antibacterial activities of JNJ-Q2, a new broad-spectrum fluoroquinolone.",2010,
"Reslit",,"D516V","rpoB","RNA polymerase beta subunit",,"rifampicin","Mycobacterium tuberculosis","line probe assay",,,20187922,"Rapid screening of MDR-TB using molecular Line Probe Assay is feasible in Uganda.",2010,
"Reslit",,"S315T","katG","ketoacyl-ACP synthase III",,"isoniazid","Mycobacterium tuberculosis","line probe assay",,,20187922,"Rapid screening of MDR-TB using molecular Line Probe Assay is feasible in Uganda.",2010,
"Reslit",,"S315T","katG","ketoacyl-ACP synthase III",,"isoniazid","Mycobacterium tuberculosis","line probe assay",,,20187922,"Rapid screening of MDR-TB using molecular Line Probe Assay is feasible in Uganda.",2010,
"Reslit",,"C15T","inhA","enoyl-(acyl-carrier-protein) reductase",,"isoniazid","Mycobacterium tuberculosis","line probe assay",,,20187922,"Rapid screening of MDR-TB using molecular Line Probe Assay is feasible in Uganda.",2010,
"Reslit",,"A16G","inhA","enoyl-(acyl-carrier-protein) reductase",,"isoniazid","Mycobacterium tuberculosis","line probe assay",,,20187922,"Rapid screening of MDR-TB using molecular Line Probe Assay is feasible in Uganda.",2010,
"Reslit",,"T8C","inhA","enoyl-(acyl-carrier-protein) reductase",,"isoniazid","Mycobacterium tuberculosis","line probe assay",,,20187922,"Rapid screening of MDR-TB using molecular Line Probe Assay is feasible in Uganda.",2010,
"Reslit",,"T8A","inhA","enoyl-(acyl-carrier-protein) reductase",,"isoniazid","Mycobacterium tuberculosis","line probe assay",,,20187922,"Rapid screening of MDR-TB using molecular Line Probe Assay is feasible in Uganda.",2010,
"Reslit",,"R83C","mexR","transcriptional repressor",,"aztreonam|carbenicillin|piperacillin-tazobactam|meropenem","Pseudomonas aeruginosa","sequencing",,,20194693,"Efflux pumps, OprD porin, AmpC beta-lactamase, and multiresistance in Pseudomonas aeruginosa isolates from cystic fibrosis patients.",2010,
"Reslit",,"G71E","nalC","transcriptional regulator",,"aztreonam|carbenicillin|piperacillin-tazobactam|meropenem","Pseudomonas aeruginosa","sequencing",,,20194693,"Efflux pumps, OprD porin, AmpC beta-lactamase, and multiresistance in Pseudomonas aeruginosa isolates from cystic fibrosis patients.",2010,
"Reslit",,"D187H","nalD","transcriptional regulator",,"aztreonam|carbenicillin|piperacillin-tazobactam|meropenem","Pseudomonas aeruginosa","sequencing",,,20194693,"Efflux pumps, OprD porin, AmpC beta-lactamase, and multiresistance in Pseudomonas aeruginosa isolates from cystic fibrosis patients.",2010,
"Reslit",,"M306V","embB","ethambutol resistance",,"ethambutol","Mycobacterium tuberculosis","DNA sequencing and MTBDR sl test",,,20335420,"Detection by GenoType MTBDRsl test of complex mechanisms of resistance to second-line drugs and ethambutol in multidrug-resistant Mycobacterium tuberculosis complex isolates.",2010,
"Reslit",,"M306I","embB","ethambutol resistance",,"ethambutol","Mycobacterium tuberculosis","DNA sequencing and MTBDR sl test",,,20335420,"Detection by GenoType MTBDRsl test of complex mechanisms of resistance to second-line drugs and ethambutol in multidrug-resistant Mycobacterium tuberculosis complex isolates.",2010,
"Reslit",,"M306I","embB","ethambutol resistance",,"ethambutol","Mycobacterium tuberculosis","DNA sequencing and MTBDR sl test",,,20335420,"Detection by GenoType MTBDRsl test of complex mechanisms of resistance to second-line drugs and ethambutol in multidrug-resistant Mycobacterium tuberculosis complex isolates.",2010,
"Reslit",,"M306I","embB","ethambutol resistance",,"ethambutol","Mycobacterium tuberculosis","DNA sequencing and MTBDR sl test",,,20335420,"Detection by GenoType MTBDRsl test of complex mechanisms of resistance to second-line drugs and ethambutol in multidrug-resistant Mycobacterium tuberculosis complex isolates.",2010,
"Reslit","AGT->GAA",,"gyrA","DNA gyrase subunit A",,"ciprofloxacin|nalidixic acid","Salmonella enterica","PCR sequencing","Mutation in the quinolone resistance-determining region",,20363784,"A predominant multidrug-resistant Salmonella enterica serovar Saintpaul clonal line in German turkey and related food products.",2010,"Salmonella enterica serovar Saintpaul"
"Reslit",,"S83Y","gyrA","DNA gyrase subunit A",,"ciprofloxacin","Salmonella enterica","PCR and sequencing",,,20409393,"Fluoroquinolone-resistant typhoid, South Africa.",2010,
"Reslit",,"S84L","gyrA","DNA gyrase subunit A",,"fluoroquinolones","Staphylococcus aureus","sequencing",,,20435780,"Bactericidal activity of besifloxacin against staphylococci, Streptococcus pneumoniae and Haemophilus influenzae.",2010,
"Reslit",,"S84L","gyrA","DNA gyrase subunit A",,"fluoroquinolones","Staphylococcus epidermidis","sequencing",,,20435780,"Bactericidal activity of besifloxacin against staphylococci, Streptococcus pneumoniae and Haemophilus influenzae.",2010,
"Reslit",,"S84L","gyrA","DNA gyrase subunit A",,"fluoroquinolones","Streptococcus pneumoniae","sequencing",,,20435780,"Bactericidal activity of besifloxacin against staphylococci, Streptococcus pneumoniae and Haemophilus influenzae.",2010,
"Reslit",,"S84L","gyrA","DNA gyrase subunit A",,"fluoroquinolones","Haemophilus influenzae","sequencing",,,20435780,"Bactericidal activity of besifloxacin against staphylococci, Streptococcus pneumoniae and Haemophilus influenzae.",2010,
"Reslit",,"S80Y","parC","topoisomerase IV subunit A",,"fluoroquinolones","Staphylococcus aureus","sequencing",,,20435780,"Bactericidal activity of besifloxacin against staphylococci, Streptococcus pneumoniae and Haemophilus influenzae.",2010,
"Reslit",,"S80Y","parC","topoisomerase IV subunit A",,"fluoroquinolones","Staphylococcus epidermidis","sequencing",,,20435780,"Bactericidal activity of besifloxacin against staphylococci, Streptococcus pneumoniae and Haemophilus influenzae.",2010,
"Reslit",,"S80Y","parC","topoisomerase IV subunit A",,"fluoroquinolones","Streptococcus pneumoniae","sequencing",,,20435780,"Bactericidal activity of besifloxacin against staphylococci, Streptococcus pneumoniae and Haemophilus influenzae.",2010,
"Reslit",,"S80Y","parC","topoisomerase IV subunit A",,"fluoroquinolones","Haemophilus influenzae","sequencing",,,20435780,"Bactericidal activity of besifloxacin against staphylococci, Streptococcus pneumoniae and Haemophilus influenzae.",2010,
"Reslit",,"S80F","parC","topoisomerase IV subunit A",,"fluoroquinolones","Staphylococcus aureus","sequencing",,,20435780,"Bactericidal activity of besifloxacin against staphylococci, Streptococcus pneumoniae and Haemophilus influenzae.",2010,
"Reslit",,"S80F","parC","topoisomerase IV subunit A",,"fluoroquinolones","Staphylococcus epidermidis","sequencing",,,20435780,"Bactericidal activity of besifloxacin against staphylococci, Streptococcus pneumoniae and Haemophilus influenzae.",2010,
"Reslit",,"S80F","parC","topoisomerase IV subunit A",,"fluoroquinolones","Streptococcus pneumoniae","sequencing",,,20435780,"Bactericidal activity of besifloxacin against staphylococci, Streptococcus pneumoniae and Haemophilus influenzae.",2010,
"Reslit",,"S80F","parC","topoisomerase IV subunit A",,"fluoroquinolones","Haemophilus influenzae","sequencing",,,20435780,"Bactericidal activity of besifloxacin against staphylococci, Streptococcus pneumoniae and Haemophilus influenzae.",2010,
"Reslit",,"S79Y","parC","topoisomerase IV subunit A",,"fluoroquinolones","Streptococcus pneumoniae","sequencing",,,20435780,"Bactericidal activity of besifloxacin against staphylococci, Streptococcus pneumoniae and Haemophilus influenzae.",2010,
"Reslit",,"D420N","parE","topoisomerase IV subunit B",,"fluoroquinolones","Haemophilus influenzae","sequencing",,,20435780,"Bactericidal activity of besifloxacin against staphylococci, Streptococcus pneumoniae and Haemophilus influenzae.",2010,
"Reslit",,"S458A","parE","topoisomerase IV subunit B",,"fluoroquinolones","Haemophilus influenzae","sequencing",,,20435780,"Bactericidal activity of besifloxacin against staphylococci, Streptococcus pneumoniae and Haemophilus influenzae.",2010,
"Reslit",,"S474N","parE","topoisomerase IV subunit B",,"fluoroquinolones","Haemophilus influenzae","sequencing",,,20435780,"Bactericidal activity of besifloxacin against staphylococci, Streptococcus pneumoniae and Haemophilus influenzae.",2010,
"Reslit",,"H70A","ttgR","transcriptional repressor",,"chloramphenicol",,"electrophoretic mobility shift assay, isothermal titration calorimetry","Mutations in the effector binding pocket of TtgR affect DNA binding and effector responsiveness.",,20435893,"Domain cross-talk during effector binding to the multidrug binding TTGR regulator.",2010,
"Reslit",,"H72A","ttgR","transcriptional repressor",,"chloramphenicol",,"electrophoretic mobility shift assay, isothermal titration calorimetry","Mutations in the effector binding pocket of TtgR affect DNA binding and effector responsiveness.",,20435893,"Domain cross-talk during effector binding to the multidrug binding TTGR regulator.",2010,
"Reslit",,"R75A","ttgR","transcriptional repressor",,"chloramphenicol",,"electrophoretic mobility shift assay, isothermal titration calorimetry","Mutations in the effector binding pocket of TtgR affect DNA binding and effector responsiveness.",,20435893,"Domain cross-talk during effector binding to the multidrug binding TTGR regulator.",2010,
"Reslit",,"N87K","gyrA","DNA gyrase subunit A",,"levofloxacin|moxifloxacin|ciprofloxacin","Helicobacter pylori","PCR and sequencing","Mutations in the gyrA gene were associated with fluoroquinolone resistance",,20458765,"Distribution of gyrA mutations in fluoroquinolone-resistant Helicobacter pylori strains.",2010,
"Reslit",,"N87I","gyrA","DNA gyrase subunit A",,"levofloxacin|moxifloxacin|ciprofloxacin","Helicobacter pylori","PCR and sequencing","Mutations in the gyrA gene were associated with fluoroquinolone resistance",,20458765,"Distribution of gyrA mutations in fluoroquinolone-resistant Helicobacter pylori strains.",2010,
"Reslit",,"N87Y","gyrA","DNA gyrase subunit A",,"levofloxacin|moxifloxacin|ciprofloxacin","Helicobacter pylori","PCR and sequencing","Mutations in the gyrA gene were associated with fluoroquinolone resistance",,20458765,"Distribution of gyrA mutations in fluoroquinolone-resistant Helicobacter pylori strains.",2010,
"Reslit",,"D91N","gyrA","DNA gyrase subunit A",,"levofloxacin|moxifloxacin|ciprofloxacin","Helicobacter pylori","PCR and sequencing","Mutations in the gyrA gene were associated with fluoroquinolone resistance",,20458765,"Distribution of gyrA mutations in fluoroquinolone-resistant Helicobacter pylori strains.",2010,
"Reslit",,"D91G","gyrA","DNA gyrase subunit A",,"levofloxacin|moxifloxacin|ciprofloxacin","Helicobacter pylori","PCR and sequencing","Mutations in the gyrA gene were associated with fluoroquinolone resistance",,20458765,"Distribution of gyrA mutations in fluoroquinolone-resistant Helicobacter pylori strains.",2010,
"Reslit",,"D91Y","gyrA","DNA gyrase subunit A",,"levofloxacin|moxifloxacin|ciprofloxacin","Helicobacter pylori","PCR and sequencing","Mutations in the gyrA gene were associated with fluoroquinolone resistance",,20458765,"Distribution of gyrA mutations in fluoroquinolone-resistant Helicobacter pylori strains.",2010,
"Reslit",,"R140K","gyrA","DNA gyrase subunit A",,"levofloxacin|moxifloxacin|ciprofloxacin","Helicobacter pylori","PCR and sequencing","Mutations in the gyrA gene were associated with fluoroquinolone resistance",,20458765,"Distribution of gyrA mutations in fluoroquinolone-resistant Helicobacter pylori strains.",2010,
"Reslit",,"V150A","gyrA","DNA gyrase subunit A",,"levofloxacin|moxifloxacin|ciprofloxacin","Helicobacter pylori","PCR and sequencing","Mutations in the gyrA gene were associated with fluoroquinolone resistance",,20458765,"Distribution of gyrA mutations in fluoroquinolone-resistant Helicobacter pylori strains.",2010,
"Reslit",,"V150A","gyrA","DNA gyrase subunit A",,"levofloxacin|moxifloxacin|ciprofloxacin","Helicobacter pylori","PCR and sequencing","Mutations in the gyrA gene were associated with fluoroquinolone resistance",,20458765,"Distribution of gyrA mutations in fluoroquinolone-resistant Helicobacter pylori strains.",2010,
"Reslit","G248T",,"gyrA","DNA gyrase subunit A",,"fluoroquinolones","Salmonella enterica","multiplex PCR and Luminex xTAG assay","Mutations in gyrA are associated with decreased fluoroquinolone susceptibility.",,20511368,"A multiplex single nucleotide polymorphism typing assay for detecting mutations that result in decreased fluoroquinolone susceptibility in Salmonella enterica serovars Typhi and Paratyphi A.",2010,
"Reslit","G248T",,"gyrA","DNA gyrase subunit A",,"fluoroquinolones","Salmonella enterica","multiplex PCR and Luminex xTAG assay","Mutations in gyrA are associated with decreased fluoroquinolone susceptibility.",,20511368,"A multiplex single nucleotide polymorphism typing assay for detecting mutations that result in decreased fluoroquinolone susceptibility in Salmonella enterica serovars Typhi and Paratyphi A.",2010,
"Reslit","G247C",,"gyrA","DNA gyrase subunit A",,"fluoroquinolones","Salmonella enterica","multiplex PCR and Luminex xTAG assay","Mutations in gyrA are associated with decreased fluoroquinolone susceptibility.",,20511368,"A multiplex single nucleotide polymorphism typing assay for detecting mutations that result in decreased fluoroquinolone susceptibility in Salmonella enterica serovars Typhi and Paratyphi A.",2010,
"Reslit","G247C",,"gyrA","DNA gyrase subunit A",,"fluoroquinolones","Salmonella enterica","multiplex PCR and Luminex xTAG assay","Mutations in gyrA are associated with decreased fluoroquinolone susceptibility.",,20511368,"A multiplex single nucleotide polymorphism typing assay for detecting mutations that result in decreased fluoroquinolone susceptibility in Salmonella enterica serovars Typhi and Paratyphi A.",2010,
"Reslit","G247A",,"gyrA","DNA gyrase subunit A",,"fluoroquinolones","Salmonella enterica","multiplex PCR and Luminex xTAG assay","Mutations in gyrA are associated with decreased fluoroquinolone susceptibility.",,20511368,"A multiplex single nucleotide polymorphism typing assay for detecting mutations that result in decreased fluoroquinolone susceptibility in Salmonella enterica serovars Typhi and Paratyphi A.",2010,
"Reslit","G247A",,"gyrA","DNA gyrase subunit A",,"fluoroquinolones","Salmonella enterica","multiplex PCR and Luminex xTAG assay","Mutations in gyrA are associated with decreased fluoroquinolone susceptibility.",,20511368,"A multiplex single nucleotide polymorphism typing assay for detecting mutations that result in decreased fluoroquinolone susceptibility in Salmonella enterica serovars Typhi and Paratyphi A.",2010,
"Reslit","G248A",,"gyrA","DNA gyrase subunit A",,"fluoroquinolones","Salmonella enterica","multiplex PCR and Luminex xTAG assay","Mutations in gyrA are associated with decreased fluoroquinolone susceptibility.",,20511368,"A multiplex single nucleotide polymorphism typing assay for detecting mutations that result in decreased fluoroquinolone susceptibility in Salmonella enterica serovars Typhi and Paratyphi A.",2010,
"Reslit","G248A",,"gyrA","DNA gyrase subunit A",,"fluoroquinolones","Salmonella enterica","multiplex PCR and Luminex xTAG assay","Mutations in gyrA are associated with decreased fluoroquinolone susceptibility.",,20511368,"A multiplex single nucleotide polymorphism typing assay for detecting mutations that result in decreased fluoroquinolone susceptibility in Salmonella enterica serovars Typhi and Paratyphi A.",2010,
"Reslit","G259A",,"gyrA","DNA gyrase subunit A",,"fluoroquinolones","Salmonella enterica","multiplex PCR and Luminex xTAG assay","Mutations in gyrA are associated with decreased fluoroquinolone susceptibility.",,20511368,"A multiplex single nucleotide polymorphism typing assay for detecting mutations that result in decreased fluoroquinolone susceptibility in Salmonella enterica serovars Typhi and Paratyphi A.",2010,
"Reslit","G259A",,"gyrA","DNA gyrase subunit A",,"fluoroquinolones","Salmonella enterica","multiplex PCR and Luminex xTAG assay","Mutations in gyrA are associated with decreased fluoroquinolone susceptibility.",,20511368,"A multiplex single nucleotide polymorphism typing assay for detecting mutations that result in decreased fluoroquinolone susceptibility in Salmonella enterica serovars Typhi and Paratyphi A.",2010,
"Reslit","A259G",,"gyrA","DNA gyrase subunit A",,"fluoroquinolones","Salmonella enterica","multiplex PCR and Luminex xTAG assay","Mutations in gyrA are associated with decreased fluoroquinolone susceptibility.",,20511368,"A multiplex single nucleotide polymorphism typing assay for detecting mutations that result in decreased fluoroquinolone susceptibility in Salmonella enterica serovars Typhi and Paratyphi A.",2010,
"Reslit","A259G",,"gyrA","DNA gyrase subunit A",,"fluoroquinolones","Salmonella enterica","multiplex PCR and Luminex xTAG assay","Mutations in gyrA are associated with decreased fluoroquinolone susceptibility.",,20511368,"A multiplex single nucleotide polymorphism typing assay for detecting mutations that result in decreased fluoroquinolone susceptibility in Salmonella enterica serovars Typhi and Paratyphi A.",2010,
"Reslit","A259G",,"gyrA","DNA gyrase subunit A",,"fluoroquinolones","Salmonella enterica","multiplex PCR and Luminex xTAG assay","Mutations in gyrA are associated with decreased fluoroquinolone susceptibility.",,20511368,"A multiplex single nucleotide polymorphism typing assay for detecting mutations that result in decreased fluoroquinolone susceptibility in Salmonella enterica serovars Typhi and Paratyphi A.",2010,
"Reslit","A259G",,"gyrA","DNA gyrase subunit A",,"fluoroquinolones","Salmonella enterica","multiplex PCR and Luminex xTAG assay","Mutations in gyrA are associated with decreased fluoroquinolone susceptibility.",,20511368,"A multiplex single nucleotide polymorphism typing assay for detecting mutations that result in decreased fluoroquinolone susceptibility in Salmonella enterica serovars Typhi and Paratyphi A.",2010,
"Reslit","G260A",,"gyrA","DNA gyrase subunit A",,"fluoroquinolones","Salmonella enterica","multiplex PCR and Luminex xTAG assay","Mutations in gyrA are associated with decreased fluoroquinolone susceptibility.",,20511368,"A multiplex single nucleotide polymorphism typing assay for detecting mutations that result in decreased fluoroquinolone susceptibility in Salmonella enterica serovars Typhi and Paratyphi A.",2010,
"Reslit","G260A",,"gyrA","DNA gyrase subunit A",,"fluoroquinolones","Salmonella enterica","multiplex PCR and Luminex xTAG assay","Mutations in gyrA are associated with decreased fluoroquinolone susceptibility.",,20511368,"A multiplex single nucleotide polymorphism typing assay for detecting mutations that result in decreased fluoroquinolone susceptibility in Salmonella enterica serovars Typhi and Paratyphi A.",2010,
"Reslit","C1391T",,"gyrB","DNA gyrase subunit B",,"fluoroquinolones","Salmonella enterica","multiplex PCR and Luminex xTAG assay","Mutations in gyrB are associated with decreased fluoroquinolone susceptibility.",,20511368,"A multiplex single nucleotide polymorphism typing assay for detecting mutations that result in decreased fluoroquinolone susceptibility in Salmonella enterica serovars Typhi and Paratyphi A.",2010,
"Reslit","C1391T",,"gyrB","DNA gyrase subunit B",,"fluoroquinolones","Salmonella enterica","multiplex PCR and Luminex xTAG assay","Mutations in gyrB are associated with decreased fluoroquinolone susceptibility.",,20511368,"A multiplex single nucleotide polymorphism typing assay for detecting mutations that result in decreased fluoroquinolone susceptibility in Salmonella enterica serovars Typhi and Paratyphi A.",2010,
"Reslit","A1394T",,"gyrB","DNA gyrase subunit B",,"fluoroquinolones","Salmonella enterica","multiplex PCR and Luminex xTAG assay","Mutations in gyrB are associated with decreased fluoroquinolone susceptibility.",,20511368,"A multiplex single nucleotide polymorphism typing assay for detecting mutations that result in decreased fluoroquinolone susceptibility in Salmonella enterica serovars Typhi and Paratyphi A.",2010,
"Reslit","A1394T",,"gyrB","DNA gyrase subunit B",,"fluoroquinolones","Salmonella enterica","multiplex PCR and Luminex xTAG assay","Mutations in gyrB are associated with decreased fluoroquinolone susceptibility.",,20511368,"A multiplex single nucleotide polymorphism typing assay for detecting mutations that result in decreased fluoroquinolone susceptibility in Salmonella enterica serovars Typhi and Paratyphi A.",2010,
"Reslit","A1394C",,"gyrB","DNA gyrase subunit B",,"fluoroquinolones","Salmonella enterica","multiplex PCR and Luminex xTAG assay","Mutations in gyrB are associated with decreased fluoroquinolone susceptibility.",,20511368,"A multiplex single nucleotide polymorphism typing assay for detecting mutations that result in decreased fluoroquinolone susceptibility in Salmonella enterica serovars Typhi and Paratyphi A.",2010,
"Reslit","A1394C",,"gyrB","DNA gyrase subunit B",,"fluoroquinolones","Salmonella enterica","multiplex PCR and Luminex xTAG assay","Mutations in gyrB are associated with decreased fluoroquinolone susceptibility.",,20511368,"A multiplex single nucleotide polymorphism typing assay for detecting mutations that result in decreased fluoroquinolone susceptibility in Salmonella enterica serovars Typhi and Paratyphi A.",2010,
"Reslit","C1398A",,"gyrB","DNA gyrase subunit B",,"fluoroquinolones","Salmonella enterica","multiplex PCR and Luminex xTAG assay","Mutations in gyrB are associated with decreased fluoroquinolone susceptibility.",,20511368,"A multiplex single nucleotide polymorphism typing assay for detecting mutations that result in decreased fluoroquinolone susceptibility in Salmonella enterica serovars Typhi and Paratyphi A.",2010,
"Reslit","C1398A",,"gyrB","DNA gyrase subunit B",,"fluoroquinolones","Salmonella enterica","multiplex PCR and Luminex xTAG assay","Mutations in gyrB are associated with decreased fluoroquinolone susceptibility.",,20511368,"A multiplex single nucleotide polymorphism typing assay for detecting mutations that result in decreased fluoroquinolone susceptibility in Salmonella enterica serovars Typhi and Paratyphi A.",2010,
"Reslit","A1398C",,"gyrB","DNA gyrase subunit B",,"fluoroquinolones","Salmonella enterica","multiplex PCR and Luminex xTAG assay","Mutations in gyrB are associated with decreased fluoroquinolone susceptibility.",,20511368,"A multiplex single nucleotide polymorphism typing assay for detecting mutations that result in decreased fluoroquinolone susceptibility in Salmonella enterica serovars Typhi and Paratyphi A.",2010,
"Reslit","A1398C",,"gyrB","DNA gyrase subunit B",,"fluoroquinolones","Salmonella enterica","multiplex PCR and Luminex xTAG assay","Mutations in gyrB are associated with decreased fluoroquinolone susceptibility.",,20511368,"A multiplex single nucleotide polymorphism typing assay for detecting mutations that result in decreased fluoroquinolone susceptibility in Salmonella enterica serovars Typhi and Paratyphi A.",2010,
"Reslit","C1246T",,"parE","DNA topoisomerase IV subunit A",,"fluoroquinolones","Salmonella enterica","multiplex PCR and Luminex xTAG assay","Mutations in parE are associated with decreased fluoroquinolone susceptibility.",,20511368,"A multiplex single nucleotide polymorphism typing assay for detecting mutations that result in decreased fluoroquinolone susceptibility in Salmonella enterica serovars Typhi and Paratyphi A.",2010,
"Reslit","C1246T",,"parE","DNA topoisomerase IV subunit A",,"fluoroquinolones","Salmonella enterica","multiplex PCR and Luminex xTAG assay","Mutations in parE are associated with decreased fluoroquinolone susceptibility.",,20511368,"A multiplex single nucleotide polymorphism typing assay for detecting mutations that result in decreased fluoroquinolone susceptibility in Salmonella enterica serovars Typhi and Paratyphi A.",2010,
"Reslit","C1246A",,"parE","DNA topoisomerase IV subunit A",,"fluoroquinolones","Salmonella enterica","multiplex PCR and Luminex xTAG assay","Mutations in parE are associated with decreased fluoroquinolone susceptibility.",,20511368,"A multiplex single nucleotide polymorphism typing assay for detecting mutations that result in decreased fluoroquinolone susceptibility in Salmonella enterica serovars Typhi and Paratyphi A.",2010,
"Reslit","C1246A",,"parE","DNA topoisomerase IV subunit A",,"fluoroquinolones","Salmonella enterica","multiplex PCR and Luminex xTAG assay","Mutations in parE are associated with decreased fluoroquinolone susceptibility.",,20511368,"A multiplex single nucleotide polymorphism typing assay for detecting mutations that result in decreased fluoroquinolone susceptibility in Salmonella enterica serovars Typhi and Paratyphi A.",2010,
"Reslit","A1258G",,"parE","DNA topoisomerase IV subunit A",,"fluoroquinolones","Salmonella enterica","multiplex PCR and Luminex xTAG assay","Mutations in parE are associated with decreased fluoroquinolone susceptibility.",,20511368,"A multiplex single nucleotide polymorphism typing assay for detecting mutations that result in decreased fluoroquinolone susceptibility in Salmonella enterica serovars Typhi and Paratyphi A.",2010,
"Reslit","A1258G",,"parE","DNA topoisomerase IV subunit A",,"fluoroquinolones","Salmonella enterica","multiplex PCR and Luminex xTAG assay","Mutations in parE are associated with decreased fluoroquinolone susceptibility.",,20511368,"A multiplex single nucleotide polymorphism typing assay for detecting mutations that result in decreased fluoroquinolone susceptibility in Salmonella enterica serovars Typhi and Paratyphi A.",2010,
"Reslit","G1258A",,"parE","DNA topoisomerase IV subunit A",,"fluoroquinolones","Salmonella enterica","multiplex PCR and Luminex xTAG assay","Mutations in parE are associated with decreased fluoroquinolone susceptibility.",,20511368,"A multiplex single nucleotide polymorphism typing assay for detecting mutations that result in decreased fluoroquinolone susceptibility in Salmonella enterica serovars Typhi and Paratyphi A.",2010,
"Reslit","G1258A",,"parE","DNA topoisomerase IV subunit A",,"fluoroquinolones","Salmonella enterica","multiplex PCR and Luminex xTAG assay","Mutations in parE are associated with decreased fluoroquinolone susceptibility.",,20511368,"A multiplex single nucleotide polymorphism typing assay for detecting mutations that result in decreased fluoroquinolone susceptibility in Salmonella enterica serovars Typhi and Paratyphi A.",2010,
"Reslit",,"S531L","rpoB","RNA polymerase beta subunit",,"rifampicin","Mycobacterium tuberculosis","GenoType MTBDR plus test",,,20525271,"Validation of the GenoType MTBDRplus assay for diagnosis of multidrug resistant tuberculosis in South Vietnam.",2010,
"Reslit",,"S315T","katG","ketoacyl-ACP synthase III",,"isoniazid","Mycobacterium tuberculosis","GenoType MTBDR plus test",,,20525271,"Validation of the GenoType MTBDRplus assay for diagnosis of multidrug resistant tuberculosis in South Vietnam.",2010,
"Reslit",,"S315T","katG","ketoacyl-ACP synthase III",,"isoniazid","Mycobacterium tuberculosis","GenoType MTBDR plus test",,,20525271,"Validation of the GenoType MTBDRplus assay for diagnosis of multidrug resistant tuberculosis in South Vietnam.",2010,
"Reslit",,"S531L","rpoB","RNA polymerase beta subunit",,"rifampicin","Mycobacterium tuberculosis","association with drug resistance","associated with multidrug resistance",,20531942,"Drug resistant Mycobacterium tuberculosis of the Beijing genotype does not spread in Sweden.",2010,
"Reslit",,"T82I","gyrA","DNA gyrase subunit A",,"moxifloxacin|ciprofloxacin|levofloxacin|gatifloxacin","Clostridium difficile","LightCycler assay and MIC determination","Mutation in gyrA confers resistance to fluoroquinolones",,20554809,"Clostridium difficile Isolates Resistant to Fluoroquinolones in Italy: Emergence of PCR Ribotype 018",2010,
"Reslit",,"D426N","gyrB","DNA gyrase subunit B",,"moxifloxacin|ciprofloxacin|levofloxacin|gatifloxacin","Clostridium difficile","LightCycler assay and MIC determination","Mutation in gyrB confers resistance to fluoroquinolones",,20554809,"Clostridium difficile Isolates Resistant to Fluoroquinolones in Italy: Emergence of PCR Ribotype 018",2010,"Clostridium difficile"
"Reslit",,"S83Y","gyrA","DNA gyrase subunit A","reduced susceptibility to ciprofloxacin","ciprofloxacin","Salmonella enterica","sequencing",,,20566759,"In vitro synergism of ciprofloxacin and cefotaxime against nalidixic acid-resistant Salmonella enterica serotypes Paratyphi A and Paratyphi B.",2010,"clinical isolates"
"Reslit",,"S83Y","gyrA","DNA gyrase subunit A","reduced susceptibility to ciprofloxacin","ciprofloxacin","Salmonella enterica","sequencing",,,20566759,"In vitro synergism of ciprofloxacin and cefotaxime against nalidixic acid-resistant Salmonella enterica serotypes Paratyphi A and Paratyphi B.",2010,"clinical isolates"
"Reslit",,"H457Q","fusA","elongation factor G",,"fusidic acid","Staphylococcus aureus",,"mutations in fusA were detected in some S. aureus isolates",,20566766,"Fusidic acid resistance rates and prevalence of resistance mechanisms among Staphylococcus spp. isolated in North America and Australia, 2007-2008.",2010,
"Reslit",,"M453I","fusA","elongation factor G",,"fusidic acid","Staphylococcus aureus",,"mutations in fusA were detected in some S. aureus isolates",,20566766,"Fusidic acid resistance rates and prevalence of resistance mechanisms among Staphylococcus spp. isolated in North America and Australia, 2007-2008.",2010,
"Reslit",,"D94G","gyrA","DNA gyrase subunit A",,"ofloxacin","Mycobacterium tuberculosis",,"detected by MTBDRsl assay",,20573868,"Evaluation of the MTBDRsl test for detection of second-line-drug resistance in Mycobacterium tuberculosis.",2010,
"Reslit",,"D94N","gyrA","DNA gyrase subunit A",,"ofloxacin","Mycobacterium tuberculosis",,"detected by MTBDRsl assay",,20573868,"Evaluation of the MTBDRsl test for detection of second-line-drug resistance in Mycobacterium tuberculosis.",2010,
"Reslit",,"A90V","gyrA","DNA gyrase subunit A",,"ofloxacin","Mycobacterium tuberculosis",,"detected by MTBDRsl assay",,20573868,"Evaluation of the MTBDRsl test for detection of second-line-drug resistance in Mycobacterium tuberculosis.",2010,
"Reslit",,"S83L","gyrA","DNA gyrase subunit A",,"levofloxacin","Escherichia coli","sequencing",,,20597679,"The prevalence of fluoroquinolone resistance mechanisms in colonizing Escherichia coli isolates recovered from hospitalized patients.",2010,
"Reslit",,"D87E","gyrA","DNA gyrase subunit A",,"levofloxacin","Escherichia coli","sequencing",,,20597679,"The prevalence of fluoroquinolone resistance mechanisms in colonizing Escherichia coli isolates recovered from hospitalized patients.",2010,
"Reslit",,"S80L","parC","DNA topoisomerase IV subunit C",,"levofloxacin","Escherichia coli","sequencing",,,20597679,"The prevalence of fluoroquinolone resistance mechanisms in colonizing Escherichia coli isolates recovered from hospitalized patients.",2010,
"Reslit",,"D84G","parC","DNA topoisomerase IV subunit C",,"levofloxacin","Escherichia coli","sequencing",,,20597679,"The prevalence of fluoroquinolone resistance mechanisms in colonizing Escherichia coli isolates recovered from hospitalized patients.",2010,
"Reslit",,"S548F","rpoB","RNA polymerase beta subunit",,"rifampin","Neisseria meningitidis","transformation of N. meningitidis with rpoB amplicons and MIC testing","Mutations in rpoB are associated with rifampin resistance in N. meningitidis.",,20606072,"Multicenter study for defining the breakpoint for rifampin resistance in Neisseria meningitidis by rpoB sequencing.",2010,
"Reslit",,"H552R","rpoB","RNA polymerase beta subunit",,"rifampin","Neisseria meningitidis","transformation of N. meningitidis with rpoB amplicons and MIC testing","Mutations in rpoB are associated with rifampin resistance in N. meningitidis.",,20606072,"Multicenter study for defining the breakpoint for rifampin resistance in Neisseria meningitidis by rpoB sequencing.",2010,
"Reslit",,"H552N","rpoB","RNA polymerase beta subunit",,"rifampin","Neisseria meningitidis","transformation of N. meningitidis with rpoB amplicons and MIC testing","Mutations in rpoB are associated with rifampin resistance in N. meningitidis.",,20606072,"Multicenter study for defining the breakpoint for rifampin resistance in Neisseria meningitidis by rpoB sequencing.",2010,
"Reslit",,"H552L","rpoB","RNA polymerase beta subunit",,"rifampin","Neisseria meningitidis","transformation of N. meningitidis with rpoB amplicons and MIC testing","Mutations in rpoB are associated with rifampin resistance in N. meningitidis.",,20606072,"Multicenter study for defining the breakpoint for rifampin resistance in Neisseria meningitidis by rpoB sequencing.",2010,
"Reslit",,"H552Y","rpoB","RNA polymerase beta subunit",,"rifampin","Neisseria meningitidis","transformation of N. meningitidis with rpoB amplicons and MIC testing","Mutations in rpoB are associated with rifampin resistance in N. meningitidis.",,20606072,"Multicenter study for defining the breakpoint for rifampin resistance in Neisseria meningitidis by rpoB sequencing.",2010,
"Reslit",,"S557F","rpoB","RNA polymerase beta subunit",,"rifampin","Neisseria meningitidis","transformation of N. meningitidis with rpoB amplicons and MIC testing","Mutations in rpoB are associated with rifampin resistance in N. meningitidis.",,20606072,"Multicenter study for defining the breakpoint for rifampin resistance in Neisseria meningitidis by rpoB sequencing.",2010,
"Reslit",,"D542V","rpoB","RNA polymerase beta subunit",,"rifampin","Neisseria meningitidis","transformation of N. meningitidis with rpoB amplicons and MIC testing","Mutations in rpoB are associated with rifampin resistance in N. meningitidis.",,20606072,"Multicenter study for defining the breakpoint for rifampin resistance in Neisseria meningitidis by rpoB sequencing.",2010,
"Reslit",,"D542N","rpoB","RNA polymerase beta subunit",,"rifampin","Neisseria meningitidis","transformation of N. meningitidis with rpoB amplicons and MIC testing","Mutations in rpoB are associated with rifampin resistance in N. meningitidis.",,20606072,"Multicenter study for defining the breakpoint for rifampin resistance in Neisseria meningitidis by rpoB sequencing.",2010,
"Reslit",,"G560S","rpoB","RNA polymerase beta subunit",,"rifampin","Neisseria meningitidis","transformation of N. meningitidis with rpoB amplicons and MIC testing","Mutations in rpoB are associated with rifampin resistance in N. meningitidis.",,20606072,"Multicenter study for defining the breakpoint for rifampin resistance in Neisseria meningitidis by rpoB sequencing.",2010,
"Reslit",,"S83L","gyrA","DNA gyrase subunit A",,"levofloxacin","Staphylococcus aureus","sequencing of quinolone resistance determining regions","Additional mutations in gyrA (e.g., S84A, S84L, S84P, E88G, and E88K) were found in all the levofloxacin-resistant isolates.",,20660686,"Impact of recA on levofloxacin exposure-related resistance development.",2010,
"Reslit",,"S83L","gyrA","DNA gyrase subunit A",,"levofloxacin","Escherichia coli","sequencing of quinolone resistance determining regions","Additional mutations in gyrA (e.g., S84A, S84L, S84P, E88G, and E88K) were found in all the levofloxacin-resistant isolates.",,20660686,"Impact of recA on levofloxacin exposure-related resistance development.",2010,
"Reslit",,"S80F","grlA","DNA gyrase subunit A",,"levofloxacin","Staphylococcus aureus","sequencing of quinolone resistance determining regions","A point mutation (S80F) was encoded in grlA, despite exhibiting a susceptible phenotype.",,20660686,"Impact of recA on levofloxacin exposure-related resistance development.",2010,
"Reslit",,"V82L","grlA","DNA gyrase subunit A",,"levofloxacin","Staphylococcus aureus","sequencing of quinolone resistance determining regions","A point mutation (S80F) was encoded in grlA, despite exhibiting a susceptible phenotype.",,20660686,"Impact of recA on levofloxacin exposure-related resistance development.",2010,
"Reslit","PA5001ins",,"algU","alternative sigma factor",,"imipenem","Pseudomonas aeruginosa","complementation assay","mutation in promoter region",,20679510,"Genetic determinants involved in the susceptibility of Pseudomonas aeruginosa to beta-lactam antibiotics.",2010,
"Reslit","PA0766del",,"mucD","serine protease MucD precursor",,"imipenem","Pseudomonas aeruginosa","Etest","mutation in promoter region",,20679510,"Genetic determinants involved in the susceptibility of Pseudomonas aeruginosa to beta-lactam antibiotics.",2010,
"Reslit",,,"wbpM","nucleotide sugar epimerase/dehydratase",,"ceftazidime","Pseudomonas aeruginosa","mutant screening and Etest","mutation in coding region",,20679510,"Genetic determinants involved in the susceptibility of Pseudomonas aeruginosa to beta-lactam antibiotics.",2010,
"Reslit",,,"wbpL","putative glycosyltransferase",,"ceftazidime","Pseudomonas aeruginosa","mutant screening and Etest","mutation in coding region",,20679510,"Genetic determinants involved in the susceptibility of Pseudomonas aeruginosa to beta-lactam antibiotics.",2010,
"Reslit",,,"wspE","putative chemotaxis protein",,"ceftazidime","Pseudomonas aeruginosa","mutant screening and Etest","mutation in coding region",,20679510,"Genetic determinants involved in the susceptibility of Pseudomonas aeruginosa to beta-lactam antibiotics.",2010,
"Reslit",,,"galU","UTP-glucose-1-phosphate uridylyltransferase",,"ceftazidime","Pseudomonas aeruginosa","mutant screening and Etest","mutation in coding region",,20679510,"Genetic determinants involved in the susceptibility of Pseudomonas aeruginosa to beta-lactam antibiotics.",2010,
"Reslit",,,"ftsK","cell division/stress response protein",,"ceftazidime|imipenem|meropenem","Pseudomonas aeruginosa","mutant screening and Etest","mutation in coding region",,20679510,"Genetic determinants involved in the susceptibility of Pseudomonas aeruginosa to beta-lactam antibiotics.",2010,
"Reslit",,,"glnK","nitrogen regulatory protein PII-2",,"ceftazidime|imipenem|meropenem","Pseudomonas aeruginosa","mutant screening and Etest","mutation in coding region",,20679510,"Genetic determinants involved in the susceptibility of Pseudomonas aeruginosa to beta-lactam antibiotics.",2010,
"Reslit",,,"nalC",,,"ceftazidime","Pseudomonas aeruginosa","mutant screening and Etest","mutation in coding region",,20679510,"Genetic determinants involved in the susceptibility of Pseudomonas aeruginosa to beta-lactam antibiotics.",2010,
"Reslit",,,"rcsC",,,"ceftazidime","Pseudomonas aeruginosa","mutant screening and Etest","mutation in coding region",,20679510,"Genetic determinants involved in the susceptibility of Pseudomonas aeruginosa to beta-lactam antibiotics.",2010,
"Reslit",,,"rnc","RNase III",,"ceftazidime","Pseudomonas aeruginosa","mutant screening and Etest","mutation in coding region",,20679510,"Genetic determinants involved in the susceptibility of Pseudomonas aeruginosa to beta-lactam antibiotics.",2010,
"Reslit",,,"mutS","DNA mismatch repair protein MutS",,"ceftazidime","Pseudomonas aeruginosa","mutant screening and Etest","mutation in coding region",,20679510,"Genetic determinants involved in the susceptibility of Pseudomonas aeruginosa to beta-lactam antibiotics.",2010,
"Reslit",,,"mutL","DNA mismatch repair protein MutL",,"ceftazidime","Pseudomonas aeruginosa","mutant screening and Etest","mutation in coding region",,20679510,"Genetic determinants involved in the susceptibility of Pseudomonas aeruginosa to beta-lactam antibiotics.",2010,
"Reslit",,,"tpiA","triosephosphate isomerase",,"ceftazidime","Pseudomonas aeruginosa","mutant screening and Etest","mutation in coding region",,20679510,"Genetic determinants involved in the susceptibility of Pseudomonas aeruginosa to beta-lactam antibiotics.",2010,
"Reslit",,,"mcpA","chemotaxis protein",,"ceftazidime","Pseudomonas aeruginosa","mutant screening and Etest","mutation in coding region",,20679510,"Genetic determinants involved in the susceptibility of Pseudomonas aeruginosa to beta-lactam antibiotics.",2010,
"Reslit",,,"mcpB","chemotaxis protein",,"ceftazidime","Pseudomonas aeruginosa","mutant screening and Etest","mutation in coding region",,20679510,"Genetic determinants involved in the susceptibility of Pseudomonas aeruginosa to beta-lactam antibiotics.",2010,
"Reslit",,,"mcpC",,,"ceftazidime","Pseudomonas aeruginosa","mutant screening and Etest","mutation in coding region",,20679510,"Genetic determinants involved in the susceptibility of Pseudomonas aeruginosa to beta-lactam antibiotics.",2010,
"Reslit",,,"mcpH",,,"ceftazidime","Pseudomonas aeruginosa","mutant screening and Etest","mutation in coding region",,20679510,"Genetic determinants involved in the susceptibility of Pseudomonas aeruginosa to beta-lactam antibiotics.",2010,
"Reslit",,,"mcpK",,,"ceftazidime","Pseudomonas aeruginosa",,"mutation in coding region",,20679510,"Genetic determinants involved in the susceptibility of Pseudomonas aeruginosa to beta-lactam antibiotics.",2010,
"Reslit",,,"mcpN",,,"ceftazidime","Pseudomonas aeruginosa","mutant screening and Etest",,,20679510,"Genetic determinants involved in the susceptibility of Pseudomonas aeruginosa to beta-lactam antibiotics.",2010,
"Reslit",,,"mcpP",,,"ceftazidime","Pseudomonas aeruginosa","mutant screening and Etest","mutation in coding region",,20679510,"Genetic determinants involved in the susceptibility of Pseudomonas aeruginosa to beta-lactam antibiotics.",2010,
"Reslit",,,"mcpU","chemotaxis protein",,"ceftazidime","Pseudomonas aeruginosa","mutant screening and Etest","mutation in coding region",,20679510,"Genetic determinants involved in the susceptibility of Pseudomonas aeruginosa to beta-lactam antibiotics.",2010,
"Reslit",,"I312M","penA","penicillin-binding protein 2","decreased susceptibility","ceftriaxone|cefixime","Neisseria gonorrhoeae","transformation and MIC measurement","Mutations in penA are critical for intermediate resistance to expanded-spectrum cephalosporins in Neisseria gonorrhoeae.",,20704258,"Molecular and structural analysis of mosaic variants of penicillin-binding protein 2 conferring decreased susceptibility to expanded-spectrum cephalosporins in Neisseria gonorrhoeae: role of epistatic mutations.",2010,"mosaic penA alleles"
"Reslit",,"V316T","penA","penicillin-binding protein 2","decreased susceptibility","ceftriaxone|cefixime","Neisseria gonorrhoeae","transformation and MIC measurement","Mutations in penA are critical for intermediate resistance to expanded-spectrum cephalosporins in Neisseria gonorrhoeae.",,20704258,"Molecular and structural analysis of mosaic variants of penicillin-binding protein 2 conferring decreased susceptibility to expanded-spectrum cephalosporins in Neisseria gonorrhoeae: role of epistatic mutations.",2010,"mosaic penA alleles"
"Reslit",,"G545S","penA","penicillin-binding protein 2","decreased susceptibility","ceftriaxone|cefixime","Neisseria gonorrhoeae","transformation and MIC measurement","Mutations in penA are critical for intermediate resistance to expanded-spectrum cephalosporins in Neisseria gonorrhoeae.",,20704258,"Molecular and structural analysis of mosaic variants of penicillin-binding protein 2 conferring decreased susceptibility to expanded-spectrum cephalosporins in Neisseria gonorrhoeae: role of epistatic mutations.",2010,"mosaic penA alleles"
"Reslit",,"N512Y","penA","penicillin-binding protein 2","decreased susceptibility","ceftriaxone|cefixime","Neisseria gonorrhoeae","transformation and MIC measurement","Mutations in penA are critical for intermediate resistance to expanded-spectrum cephalosporins in Neisseria gonorrhoeae.",,20704258,"Molecular and structural analysis of mosaic variants of penicillin-binding protein 2 conferring decreased susceptibility to expanded-spectrum cephalosporins in Neisseria gonorrhoeae: role of epistatic mutations.",2010,"mosaic penA alleles"
"Reslit",,"A501V","penA","penicillin-binding protein 2","increased resistance","ceftriaxone|cefixime","Neisseria gonorrhoeae","transformation and MIC measurement","Mutations in penA are critical for intermediate resistance to expanded-spectrum cephalosporins in Neisseria gonorrhoeae.",,20704258,"Molecular and structural analysis of mosaic variants of penicillin-binding protein 2 conferring decreased susceptibility to expanded-spectrum cephalosporins in Neisseria gonorrhoeae: role of epistatic mutations.",2010,"non-mosaic penA alleles"
"Reslit",,"S531L","rpoB","RNA polymerase B subunit",,"rifampin","Mycobacterium tuberculosis","sequencing","Previously reported",,20713679,"Emergence and molecular characterization of extensively drug-resistant Mycobacterium tuberculosis clinical isolates from the Delhi Region in India.",2010,
"Reslit",,"Q510P","rpoB","RNA polymerase B subunit",,"rifampin","Mycobacterium tuberculosis","sequencing","Previously reported",,20713679,"Emergence and molecular characterization of extensively drug-resistant Mycobacterium tuberculosis clinical isolates from the Delhi Region in India.",2010,
"Reslit",,"L511V","rpoB","RNA polymerase B subunit",,"rifampin","Mycobacterium tuberculosis","sequencing","Previously reported",,20713679,"Emergence and molecular characterization of extensively drug-resistant Mycobacterium tuberculosis clinical isolates from the Delhi Region in India.",2010,
"Reslit",,"D516V","rpoB","RNA polymerase B subunit",,"rifampin","Mycobacterium tuberculosis","sequencing","Previously reported",,20713679,"Emergence and molecular characterization of extensively drug-resistant Mycobacterium tuberculosis clinical isolates from the Delhi Region in India.",2010,
"Reslit",,"H526Y","rpoB","RNA polymerase B subunit",,"rifampin","Mycobacterium tuberculosis","sequencing","Previously reported",,20713679,"Emergence and molecular characterization of extensively drug-resistant Mycobacterium tuberculosis clinical isolates from the Delhi Region in India.",2010,
"Reslit",,"E217G","katG","catalase-peroxidase",,"isoniazid","Mycobacterium tuberculosis","sequencing","This study",,20713679,"Emergence and molecular characterization of extensively drug-resistant Mycobacterium tuberculosis clinical isolates from the Delhi Region in India.",2010,
"Reslit",,"S315T","katG","catalase-peroxidase",,"isoniazid","Mycobacterium tuberculosis","sequencing","This study",,20713679,"Emergence and molecular characterization of extensively drug-resistant Mycobacterium tuberculosis clinical isolates from the Delhi Region in India.",2010,
"Reslit",,"R463L","katG","catalase-peroxidase",,"isoniazid","Mycobacterium tuberculosis","sequencing","This study",,20713679,"Emergence and molecular characterization of extensively drug-resistant Mycobacterium tuberculosis clinical isolates from the Delhi Region in India.",2010,
"Reslit",,"D329A","katG","catalase-peroxidase",,"isoniazid","Mycobacterium tuberculosis","sequencing","This study",,20713679,"Emergence and molecular characterization of extensively drug-resistant Mycobacterium tuberculosis clinical isolates from the Delhi Region in India.",2010,
"Reslit",,"S95T","gyrA","DNA gyrase A",,"fluoroquinolones","Mycobacterium tuberculosis","sequencing","Previously reported",,20713679,"Emergence and molecular characterization of extensively drug-resistant Mycobacterium tuberculosis clinical isolates from the Delhi Region in India.",2010,
"Reslit",,"D94G","gyrA","DNA gyrase A",,"fluoroquinolones","Mycobacterium tuberculosis","sequencing","Previously reported",,20713679,"Emergence and molecular characterization of extensively drug-resistant Mycobacterium tuberculosis clinical isolates from the Delhi Region in India.",2010,
"Reslit",,"D94N","gyrA","DNA gyrase A",,"fluoroquinolones","Mycobacterium tuberculosis","sequencing","Previously reported",,20713679,"Emergence and molecular characterization of extensively drug-resistant Mycobacterium tuberculosis clinical isolates from the Delhi Region in India.",2010,
"Reslit",,"A90V","gyrA","DNA gyrase A",,"fluoroquinolones","Mycobacterium tuberculosis","sequencing","Previously reported",,20713679,"Emergence and molecular characterization of extensively drug-resistant Mycobacterium tuberculosis clinical isolates from the Delhi Region in India.",2010,
"Reslit",,"R128S","gyrA","DNA gyrase A",,"fluoroquinolones","Mycobacterium tuberculosis","sequencing","Previously reported",,20713679,"Emergence and molecular characterization of extensively drug-resistant Mycobacterium tuberculosis clinical isolates from the Delhi Region in India.",2010,
"Reslit",,"Y129C","gyrA","DNA gyrase A",,"fluoroquinolones","Mycobacterium tuberculosis","sequencing","Previously reported",,20713679,"Emergence and molecular characterization of extensively drug-resistant Mycobacterium tuberculosis clinical isolates from the Delhi Region in India.",2010,
"Reslit","A1401G",,"rrs","16S rRNA",,"amikacin|kanamycin|capreomycin","Mycobacterium tuberculosis","sequencing","Previously reported",,20713679,"Emergence and molecular characterization of extensively drug-resistant Mycobacterium tuberculosis clinical isolates from the Delhi Region in India.",2010,
"Reslit","G1484T",,"rrs","16S rRNA",,"amikacin|kanamycin|capreomycin","Mycobacterium tuberculosis","sequencing","Previously reported",,20713679,"Emergence and molecular characterization of extensively drug-resistant Mycobacterium tuberculosis clinical isolates from the Delhi Region in India.",2010,
"Reslit",,"I31S","pncA","pyrazinamidase",,"pyrazinamide","Mycobacterium tuberculosis","sequencing","Some mutations were not associated with resistance and could lead to misinterpretation of the genotypic methods.",,20727143,"Surveillance of pyrazinamide susceptibility among multidrug-resistant Mycobacterium tuberculosis isolates from Siriraj Hospital, Thailand.",2010,
"Reslit",,"I31T","pncA","pyrazinamidase",,"pyrazinamide","Mycobacterium tuberculosis","sequencing","Some mutations were not associated with resistance and could lead to misinterpretation of the genotypic methods.",,20727143,"Surveillance of pyrazinamide susceptibility among multidrug-resistant Mycobacterium tuberculosis isolates from Siriraj Hospital, Thailand.",2010,
"Reslit","A-11G",,"pncA","pyrazinamidase",,"pyrazinamide","Mycobacterium tuberculosis","sequencing","Some mutations were not associated with resistance and could lead to misinterpretation of the genotypic methods.",,20727143,"Surveillance of pyrazinamide susceptibility among multidrug-resistant Mycobacterium tuberculosis isolates from Siriraj Hospital, Thailand.",2010,
"Reslit","A-11C",,"pncA","pyrazinamidase",,"pyrazinamide","Mycobacterium tuberculosis","sequencing","Some mutations were not associated with resistance and could lead to misinterpretation of the genotypic methods.",,20727143,"Surveillance of pyrazinamide susceptibility among multidrug-resistant Mycobacterium tuberculosis isolates from Siriraj Hospital, Thailand.",2010,
"Reslit",,"L19R","pncA","pyrazinamidase",,"pyrazinamide","Mycobacterium tuberculosis","sequencing","Some mutations were not associated with resistance and could lead to misinterpretation of the genotypic methods.",,20727143,"Surveillance of pyrazinamide susceptibility among multidrug-resistant Mycobacterium tuberculosis isolates from Siriraj Hospital, Thailand.",2010,
"Reslit",,"L27P","pncA","pyrazinamidase",,"pyrazinamide","Mycobacterium tuberculosis","sequencing","Some mutations were not associated with resistance and could lead to misinterpretation of the genotypic methods.",,20727143,"Surveillance of pyrazinamide susceptibility among multidrug-resistant Mycobacterium tuberculosis isolates from Siriraj Hospital, Thailand.",2010,
