pmid	doi	publisher_family	followup_status	journal	title
98355		Unclassified	abstract_only_no_fulltext_candidate	Fertility and sterility	From Fallopius to fantasy.
108177		Unclassified	abstract_only_no_fulltext_candidate	Gastroenterology	Gastric emptying of lipids after ingestion of an homogenized meal.
127609	10.1111/j.1365-2141.1975.tb00526.x	Wiley	abstract_only_with_pdf_candidate	British journal of haematology	Lead and the red cell.
275724	10.1080/00480169.1977.34410	Unclassified	abstract_only_with_pdf_candidate	New Zealand veterinary journal	Aspects of reproduction in New Zealand dairy herds. 2. Calving interval, breeding period and non-pregnancy rates.
300657		Unclassified	abstract_only_no_fulltext_candidate	Ceskoslovenska radiologie	[Isolated varices of the fundus and duodenum of the stomach as a source of bleeding into the digestive tract (author's transl)].
344278		Unclassified	abstract_only_no_fulltext_candidate	Der Hautarzt; Zeitschrift fur Dermatologie, Venerologie, und verwandte Gebiete	[Skin changes in art. I. Examples from the Germanistic National Museum in Nürnberg].
351073	10.1093/infdis/137.5.597	OUP	abstract_only_with_pdf_candidate	The Journal of infectious diseases	A double-blind, controlled trial of levamisole in the treatment of recurrent herpes labialis.
381975		Unclassified	abstract_only_no_fulltext_candidate	The Milbank Memorial Fund quarterly. Health and society	From reform to relativism: commentary.
532633		Unclassified	abstract_only_no_fulltext_candidate	Yao xue xue bao = Acta pharmaceutica Sinica	[Investigations on the influence of L-DOPA on experimental epilepsy (author's transl)].
793818		Unclassified	abstract_only_no_fulltext_candidate	DTW. Deutsche tierarztliche Wochenschrift	[Reproduction problems within the scope of artificial insemination in the horse].
878791		Unclassified	abstract_only_no_fulltext_candidate	Acta chirurgica Iugoslavica	[Results of conservative treatment of malleolar fractures].
952781	10.1111/j.1471-0528.1976.tb00882.x	Wiley	abstract_only_with_pdf_candidate	British journal of obstetrics and gynaecology	Concentrations of free fatty acids in maternal and umbilical cord blood during elective Caesarean section.
983549		Unclassified	abstract_only_no_fulltext_candidate	Zentralblatt fur Bakteriologie, Parasitenkunde, Infektionskrankheiten und Hygiene. Erste Abteilung Originale. Reihe B: Hygiene, praventive Medizin	[Increase of connective tissue in rat hearts under exposure to noise and with magnesium deficiency (author's transl)].
1048253		Unclassified	abstract_only_no_fulltext_candidate	[Hokenfu zasshi] The Japanese journal for public health nurse	[Health problems of workers: the role of public health nursing. A discussion].
1063935		Unclassified	abstract_only_no_fulltext_candidate	The New Zealand medical journal	Letter: Preventing allergies caused by airborne particles.
1081773	10.1055/s-0028-1097016	Unclassified	abstract_only_with_pdf_candidate	Thoraxchirurgie, vaskulare Chirurgie	[Surgical treatment of coronary heart disease (author's transl)].
1157715		Unclassified	abstract_only_no_fulltext_candidate	Deutsche medizinische Wochenschrift (1946)	[Autopsy without consent].
1173537		Unclassified	abstract_only_no_fulltext_candidate	Acta pharmaceutica Suecica	Proceedings: Changes of pharmacokinetic parameters of new antiinflammatory drugs influenced by drug interaction.
1185024		Unclassified	abstract_only_no_fulltext_candidate	The Journal of the Kansas Medical Society	Nail-Patella Syndrome. A report of a Kansas family.
1212191		Unclassified	abstract_only_no_fulltext_candidate	Berliner und Munchener tierarztliche Wochenschrift	[Deep-frozen sperm insemination in the horse: a study under practice stud conditions].
1238435	10.1037/h0077177	Unclassified	abstract_only_with_pdf_candidate	Journal of comparative and physiological psychology	Conspecific aggression in the laboratory rat.
1238438	10.1037/h0077063	Unclassified	abstract_only_with_pdf_candidate	Journal of comparative and physiological psychology	Isolation-induced aggression in newly hatched ducklings.
1265429		Unclassified	abstract_only_no_fulltext_candidate	Sbornik lekarsky	[Effect of asphyxia on respiration and heart rate in the rat under ether anaesthesia, under pentobarbital anaesthesia and after adrenalectomy (ontogenetic aspect) (author's transl)].
1265473	10.1177/003693307502000513	SAGE	abstract_only_with_pdf_candidate	Scottish medical journal	The serum half-life and urine concentrations of cephazolin sodium in patients with terminal renal failure: effect of haemodialysis.
1269394		Unclassified	abstract_only_no_fulltext_candidate	Doklady Akademii nauk SSSR	[Relative effectiveness of fast and intermediate neutrons in causing chromosome aberrations in human lymphocytes].
1270568	10.1093/chromsci/14.6.296	OUP	abstract_only_with_pdf_candidate	Journal of chromatographic science	Constituents of peppers: IV. The hydrocarbons of pepper essential oil.
1328814	10.1111/j.1365-2958.1992.tb01404.x	Wiley	abstract_only_with_pdf_candidate	Molecular microbiology	Activation of a cryptic streptomycin-resistance gene in the Bacteroides erm transposon, Tn4551.
1330820	10.1016/0378-1097(92)90386-3	Wiley	abstract_only_with_pdf_candidate	FEMS microbiology letters	Cloning and nucleotide sequence of the Pseudomonas aeruginosa nfxB gene, conferring resistance to new quinolones.
1406276	10.1111/j.1365-2958.1992.tb01412.x	Wiley	abstract_only_with_pdf_candidate	Molecular microbiology	The plasmid-encoded chloramphenicol-resistance protein of Rhodococcus fascians is homologous to the transmembrane tetracycline efflux proteins.
1451064	10.1002/1097-0142(19921215)70:12<2835::aid-cncr2820701219>3.0.co;2-u	Wiley	abstract_only_with_pdf_candidate	Cancer	Pelvic exenteration for the treatment of vulvar cancer.
1490918	10.1093/jac/30.4.449	OUP	abstract_only_with_pdf_candidate	The Journal of antimicrobial chemotherapy	Clinical isolates of Escherichia coli producing TRI beta-lactamases: novel TEM-enzymes conferring resistance to beta-lactamase inhibitors.
1495394	10.1111/j.1365-2958.1992.tb00894.x	Wiley	abstract_only_with_pdf_candidate	Molecular microbiology	Phylogeny of LCR-1 and OXA-5 with class A and class D beta-lactamases.
1508047	10.1111/j.1365-2958.1992.tb01374.x	Wiley	abstract_only_with_pdf_candidate	Molecular microbiology	Characterization of a novel regulatory gene governing the expression of a polyketide synthase gene in Streptomyces ambofaciens.
1569089		Unclassified	abstract_only_no_fulltext_candidate	The Journal of biological chemistry	Identification of a single base change in ribosomal RNA leading to erythromycin resistance.
1612706		Unclassified	abstract_only_no_fulltext_candidate	L' Information dentaire	[Treatment in general practice of a complex periodontitis case].
1662753	10.1111/j.1365-2958.1991.tb00817.x	Wiley	abstract_only_with_pdf_candidate	Molecular microbiology	Site-specific insertion of genes into integrons: role of the 59-base element and determination of the recombination cross-over point.
1662755	10.1111/j.1365-2958.1991.tb00826.x	Wiley	abstract_only_with_pdf_candidate	Molecular microbiology	Evolved neomycin phosphotransferase from an isolate of Klebsiella pneumoniae.
1664906	10.1111/j.1365-2958.1991.tb00798.x	Wiley	abstract_only_with_pdf_candidate	Molecular microbiology	Mutations in the aphA-2 gene of transposon Tn5 mapping within the regions highly conserved in aminoglycoside-phosphotransferases strongly reduce aminoglycoside resistance.
1676919		Unclassified	abstract_only_no_fulltext_candidate	Blood	Expression of the HOX-2.3 homeobox gene in human lymphocytes and lymphoid tissues.
1680143	10.1080/09553009114552451	Unclassified	abstract_only_with_pdf_candidate	International journal of radiation biology	Chromosomal aberration induction in CHO cells by combined exposure to restriction enzymes and X-rays.
1680145	10.1080/09553009114552471	Unclassified	abstract_only_with_pdf_candidate	International journal of radiation biology	Caffeine and D2O medium interact in affecting the expression of radiation-induced potentially lethal damage.
1728454	10.1161/01.cir.85.1.223	Unclassified	abstract_only_with_pdf_candidate	Circulation	Capillary recruitment and pain relief on leg dependency in patients with severe lower limb ischemia.
1730292	10.1016/0014-5793(92)80403-4	Wiley	abstract_only_with_pdf_candidate	FEBS letters	Primary structure of rat pancreatic lipase mRNA.
1737687	10.1111/j.1365-4362.1992.tb03518.x	Wiley	abstract_only_with_pdf_candidate	International journal of dermatology	Differentiation of bullous pemphigoid from epidermolysis bullosa acquisita on frozen skin biopsies.
1804759	10.1016/0378-1097(91)90367-j	Wiley	abstract_only_with_html_candidate	FEMS microbiology letters	Anaerobic degradation of 3-hydroxybenzoate by a newly isolated nitrate-reducing bacterium.
1809836	10.1111/j.1365-2958.1991.tb01852.x	Wiley	abstract_only_with_pdf_candidate	Molecular microbiology	Characterization of an oxytetracycline-resistance gene, otrA, of Streptomyces rimosus.
1839104		Unclassified	abstract_only_no_fulltext_candidate	Zeitschrift fur Kardiologie	[Cardiac peptides and their importance in heart failure].
1850092		Unclassified	abstract_only_no_fulltext_candidate	Molecular pharmacology	2,3,7,8-Tetrachlorodibenzo-p-dioxin stimulation of tyrosine phosphorylation in B lymphocytes: potential role in immunosuppression.
1861992	10.1093/nar/19.14.4000	OUP	abstract_only_with_pdf_candidate	Nucleic acids research	Nucleotide sequence of beta-lactamase regulatory genes from staphylococcal plasmid pI258.
1905805	10.1093/nar/19.12.3453	OUP	abstract_only_with_pdf_candidate	Nucleic acids research	Nucleotide sequence of ermFU, a macrolide-lincosamide-streptogramin (MLS) resistance gene encoding an RNA methylase from the conjugal element of Bacteroides fragilis V503.
1916415		Unclassified	abstract_only_no_fulltext_candidate	Gigiena truda i professional'nye zabolevaniia	[Retrospective analysis of carcinogenic hazards of beta naphthylamine and benzidine production as a stage of an epidemiological study of tumors in workers engaged in aniline dye industry].
2048245		Unclassified	abstract_only_no_fulltext_candidate	Vestnik otorinolaringologii	[Otosurgery in the professional rehabilitation of divers].
2080539		Unclassified	abstract_only_no_fulltext_candidate	Sudebno-meditsinskaia ekspertiza	[The determination of chromium in cadaveric material by using cyclohexanecarboxylic acid].
2083358		Unclassified	abstract_only_no_fulltext_candidate	Biulleten' eksperimental'noi biologii i meditsiny	[Changes in enzyme systems and lipogenesis metabolites in experimental tuberculosis].
2110657	10.1093/nar/18.7.1891	OUP	abstract_only_with_pdf_candidate	Nucleic acids research	Nucleotide sequence of the erythromycin resistance gene from the Corynebacterium plasmid pNG2.
2135985	10.1089/thy.1990.1.55	SAGE	abstract_only_with_pdf_candidate	Thyroid : official journal of the American Thyroid Association	Iodine metabolism.
2163525	10.1093/nar/18.12.3660	OUP	abstract_only_with_pdf_candidate	Nucleic acids research	Nucleotide sequence of the erythromycin resistance gene of the conjugative transposon Tn1545.
2167474	10.1093/nar/18.15.4615	OUP	abstract_only_with_pdf_candidate	Nucleic acids research	PCR cloning of a streptomycin phosphotransferase (aphE) gene from Streptomyces griseus ATCC 12475.
2184088	10.1016/0378-1097(90)90163-k	Wiley	abstract_only_with_pdf_candidate	FEMS microbiology letters	Two novel transferable extended-spectrum beta-lactamases from Klebsiella pneumoniae in Tunisia.
2210622	10.1159/000181463	Unclassified	abstract_only_with_html_candidate	Hormone research	Chronobiology.
2215583	10.1056/NEJM199010183231610	Unclassified	abstract_only_with_pdf_candidate	The New England journal of medicine	Mercury--an element of mystery.
2233091	10.1288/00005537-199011000-00021	Wiley	abstract_only_with_pdf_candidate	The Laryngoscope	Titanium lag-screw osteosynthesis for the restoration of mandibular continuity in mandibular "swing" procedures.
2233255	10.1111/j.1365-2958.1990.tb00696.x	Wiley	abstract_only_with_pdf_candidate	Molecular microbiology	Inducible erythromycin resistance in staphylococci is encoded by a member of the ATP-binding transport super-gene family.
2290816		Unclassified	abstract_only_no_fulltext_candidate	Problemy tuberkuleza	[Experience in the use of the Pneumoscreen apparatus to study the external respiration function in patients with pulmonary tuberculosis].
2301472	10.1002/ajmg.1320350113	Wiley	abstract_only_with_pdf_candidate	American journal of medical genetics	Somatic development in cleidocranial dysplasia.
2311476		Unclassified	abstract_only_no_fulltext_candidate	Developmental pharmacology and therapeutics	The effects of indomethacin on renal function and intracranial hemorrhage in infants with patent ductus arteriosus.
2335200	10.1016/0014-5793(90)80186-m	Wiley	abstract_only_with_pdf_candidate	FEBS letters	A repeated decapeptide motif in the C-terminal domain of the ribosomal RNA methyltransferase from the erythromycin producer Saccharopolyspora erythraea.
2345949		Unclassified	abstract_only_no_fulltext_candidate	The Veterinary record	Intellectual needs of practice.
2358795		Unclassified	abstract_only_no_fulltext_candidate	Journal of clinical chemistry and clinical biochemistry. Zeitschrift fur klinische Chemie und klinische Biochemie	The Reflotron Total Cholesterol assay in heparinized venous and capillary blood.
2399702		Unclassified	abstract_only_no_fulltext_candidate	Vrachebnoe delo	[The functional activity of the natural killers in patients with infectious mononucleosis and other viral infections].
2418587		Unclassified	abstract_only_no_fulltext_candidate	Vnitrni lekarstvi	[The fate of patients with liver metastases].
2459875		Unclassified	abstract_only_no_fulltext_candidate	Acta dermato-venereologica	Fc gamma-receptors and HLA-DR antigens on endothelial cells in psoriatic skin lesions.
2480986		Unclassified	abstract_only_no_fulltext_candidate	Seikagaku. The Journal of Japanese Biochemical Society	[Ribosomal RNA sequencing with reverse transcriptase: its application to the phylogenetic study of cells].
2515104	10.1016/0378-1097(89)90224-3	Wiley	abstract_only_with_html_candidate	FEMS microbiology letters	Nucleotide sequence of the gene encoding the active-site serine beta-lactamase from Actinomadura R39.
2521627		Unclassified	abstract_only_no_fulltext_candidate	The Journal of biological chemistry	Molecular characterization of two point mutants in the chloroplast atpB gene of the green alga Chlamydomonas reinhardtii defective in assembly of the ATP synthase complex.
2568574	10.1111/j.1365-2958.1989.tb00175.x	Wiley	abstract_only_with_pdf_candidate	Molecular microbiology	Characterization and molecular cloning of the PCF8775 CS5 antigen from an enterotoxigenic Escherichia coli 0115:H40 isolated in Central Australia.
2576094	10.1111/j.1365-2958.1989.tb00154.x	Wiley	abstract_only_with_pdf_candidate	Molecular microbiology	Genes for biosynthesis and assembly of CS3 pili of CFA/II enterotoxigenic Escherichia coli: novel regulation of pilus production by bypassing an amber codon.
2602991		Unclassified	abstract_only_no_fulltext_candidate	Soins. Psychiatrie	[Collective reactions in disasters].
2603372	10.1111/j.1532-950x.1990.tb01118.x	Wiley	abstract_only_with_pdf_candidate	Veterinary surgery : VS	Retrospective evaluation of repeat celiotomy in 53 horses with acute gastrointestinal disease.
2624836		Unclassified	abstract_only_no_fulltext_candidate	The British journal of clinical practice	Delayed diagnosis of thyrotoxic heart disease.
2637787		Unclassified	abstract_only_no_fulltext_candidate	The Bulletin of Tokyo Dental College	Quantitative and morphological studies of the trabecular bones in the condyloid processes of the Japanese mandibles; changes due to aging.
2639249		Unclassified	abstract_only_no_fulltext_candidate	Nederlands tijdschrift voor tandheelkunde	[Endodontic treatment of deciduous teeth].
2640906		Unclassified	abstract_only_no_fulltext_candidate	Magnesium research	Role of cadmium and magnesium in pathogenesis of idiopathic dilated cardiomyopathy.
2653124	10.1037//0003-066x.44.2.112	Unclassified	abstract_only_with_pdf_candidate	The American psychologist	Emotions and emotional communication in infants.
2662140	10.1093/nar/17.11.4370	OUP	abstract_only_with_pdf_candidate	Nucleic acids research	Nucleotide sequence of the sulfonamide resistance gene from plasmid R46.
2667426		Unclassified	abstract_only_no_fulltext_candidate	Annales de pediatrie	[Neutropenias in children].
2674553		Unclassified	abstract_only_no_fulltext_candidate	Lymphokine research	Differential expression of cytokine mRNAs in human cell lines.
2716164		Unclassified	abstract_only_no_fulltext_candidate	JAMA	HIV infection following motor vehicle trauma in central Africa.
2719171		Unclassified	abstract_only_no_fulltext_candidate	Akusherstvo i ginekologiia	[Estrogen- and progesterone receptor systems in the endometrium in patients with "minor" forms of endometriosis].
2779921		Unclassified	abstract_only_no_fulltext_candidate	Nursing management	Change-of-shift report: put it in writing!
2786828	10.1111/j.1574-6968.1989.tb03080.x	Wiley	abstract_only_with_pdf_candidate	FEMS microbiology letters	Novel carbenicillin-hydrolyzing beta-lactamase (CARB-5) from Acinetobacter calcoaceticus var. anitratus.
2791598	10.1097/00003246-198911000-00017	Unclassified	abstract_only_with_html_candidate	Critical care medicine	Continuous arteriovenous hemofiltration in experimental iron intoxication.
2823223	10.1093/nar/15.19.8111	OUP	abstract_only_with_pdf_candidate	Nucleic acids research	The nucleotide sequence of an aminoglycoside 3'-phosphotransferase gene from E. coli.
2845583	10.1126/science.2845583	Unclassified	abstract_only_with_pdf_candidate	Science (New York, N.Y.)	Single subunits of the GABAA receptor form ion channels with properties of the native receptor.
2846986	10.1111/j.1365-2958.1988.tb00070.x	Wiley	abstract_only_with_pdf_candidate	Molecular microbiology	Nucleotide sequence of Acinetobacter baumannii aphA-6 gene: evolutionary and functional implications of sequence homologies with nucleotide-binding proteins, kinases and other aminoglycoside-modifying enzymes.
2865832		Unclassified	abstract_only_no_fulltext_candidate	Thymus	Separation and characterization of rat thymocyte subpopulations.
2888092	10.1093/nar/15.16.6766	OUP	abstract_only_with_pdf_candidate	Nucleic acids research	SacI RFLP in the human von Willebrand factor gene.
2909118	10.1148/radiology.170.1.2909118	Unclassified	abstract_only_with_pdf_candidate	Radiology	Normal collecting ducts: visualization at urography.
2925929	10.1097/00004728-198903000-00034	Unclassified	abstract_only_with_html_candidate	Journal of computer assisted tomography	Pulmonary CT findings in Behçet disease.
2950026		Unclassified	abstract_only_no_fulltext_candidate	Gigiena i sanitariia	[Scientific basis of the hygienic requirements for the siting, design and construction of commercial pig farm complexes].
2954074		Unclassified	abstract_only_no_fulltext_candidate	Presse medicale (Paris, France : 1983)	[Taurine in clinical nutrition].
2971285		Unclassified	abstract_only_no_fulltext_candidate	Vestnik khirurgii imeni I. I. Grekova	[An optical method of evaluating intramural blood flow during laparoscopy].
3013353		Unclassified	abstract_only_no_fulltext_candidate	British journal of hospital medicine	Reducing the mortality from breast cancer.
3014109	10.1111/j.1600-079x.1986.tb00732.x	Wiley	abstract_only_with_pdf_candidate	Journal of pineal research	Diurnal variations of benzodiazepine binding in rat cerebral cortex: disruption by pinealectomy.
3023308	10.1093/oxfordjournals.jbchem.a121728	OUP	abstract_only_with_pdf_candidate	Journal of biochemistry	NAD-glycohydrolase activity of botulinum C2 toxin: a possible role of component I in the mode of action of the toxin.
3024754		Unclassified	abstract_only_no_fulltext_candidate	Biomedicine & pharmacotherapy = Biomedecine & pharmacotherapie	Evaluation of the effects induced by four opiate drugs, with different affinities to opioid receptor subtypes, on anterior pituitary LH, TSH, PRL and GH secretion and on cortisol secretion in normal men.
3037134		Unclassified	abstract_only_no_fulltext_candidate	Gan no rinsho. Japan journal of cancer clinics	[Amplification of oncogene N-myc in human neuroblastomas].
3039525		Unclassified	abstract_only_no_fulltext_candidate	Progress in clinical and biological research	Leukotrienes as mediators in endotoxin shock and tissue trauma.
3039526		Unclassified	abstract_only_no_fulltext_candidate	Progress in clinical and biological research	Generation of leukotrienes in polytraumatic patients with adult respiratory distress syndrome (ARDS).
3055178	10.1093/clinids/10.4.860	OUP	abstract_only_with_pdf_candidate	Reviews of infectious diseases	Plasmid-mediated beta-lactamase (TEM-7) involved in resistance to ceftazidime and aztreonam.
3104084	10.1016/0014-5793(87)81486-2	Wiley	abstract_only_with_pdf_candidate	FEBS letters	Possible involvement of prostaglandins in vasoconstriction induced by zymosan and arachidonic acid in the perfused rat liver.
3122588	10.1152/ajpheart.1987.253.6.H1342	Unclassified	abstract_only_with_pdf_candidate	The American journal of physiology	Cerebral blood flow autoregulation during intracranial hypertension in hypoxic lambs.
3176214		Unclassified	abstract_only_no_fulltext_candidate	Der Urologe. Ausg. A	[Obstructive nephropathy; kidney function and renal excretion of prostaglandin (E)2 and Thromboxane B(2) following percutaneous decompression nephropyelostomy].
3187374	10.3109/01050398809070700	Unclassified	abstract_only_with_pdf_candidate	Scandinavian audiology	Phase-intensity effects on the ABR.
3199239	10.1002/jemt.1060090302	Wiley	abstract_only_with_pdf_candidate	Journal of electron microscopy technique	Transmission and scanning electron microscopy of the kidney: Part II.
3228438		Unclassified	abstract_only_no_fulltext_candidate	Beitrage zur Orthopadie und Traumatologie	[Results following surgical treatment of fresh ligament injuries of the outer ankle joint].
3228439		Unclassified	abstract_only_no_fulltext_candidate	Beitrage zur Orthopadie und Traumatologie	[Work capacity following operations for lumbar intervertebral disk displacements with special reference to sex specific differences].
3243246	10.1002/elps.1150090907	Wiley	abstract_only_with_pdf_candidate	Electrophoresis	A new sample applicator for isoelectric focusing in horizontal polyacrylamide gels.
3262518	10.1002/eji.1830180902	Wiley	abstract_only_with_pdf_candidate	European journal of immunology	Secondary antibody responses to thymus-independent antigens. Decline and life-span of memory.
3268379		Unclassified	abstract_only_no_fulltext_candidate	Le Chirurgien-dentiste de France	[Implications of restorative dentistry on periodontal health].
3284801		Unclassified	abstract_only_no_fulltext_candidate	Histopathology	Malignant lymphoma presenting as an isolated renal mass.
3316146	10.1093/jac/20.3.323	OUP	abstract_only_with_pdf_candidate	The Journal of antimicrobial chemotherapy	Transferable resistance to third-generation cephalosporins in clinical isolates of Klebsiella pneumoniae: identification of CTX-1, a novel beta-lactamase.
3328786		Unclassified	abstract_only_no_fulltext_candidate	Journal de radiologie	[Iodine, the thyroid and the radiologist].
3336758		Unclassified	abstract_only_no_fulltext_candidate	RN	The very best job a nurse ever had.
3344217	10.1093/nar/16.3.1216	OUP	abstract_only_with_pdf_candidate	Nucleic acids research	The nucleotide sequence of the tetracycline resistance determinant tetM from Ureaplasma urealyticum.
3415441		Unclassified	abstract_only_no_fulltext_candidate	Archives of pathology & laboratory medicine	Production of a positive direct antiglobulin test due to suramin.
3429069	10.3109/10826088709027469	Unclassified	abstract_only_with_pdf_candidate	The International journal of the addictions	Gambling addictions, arousal, and an affective/decision-making explanation of behavioral reversions or relapses.
3433928		Unclassified	abstract_only_no_fulltext_candidate	Zhurnal vysshei nervnoi deiatelnosti imeni I P Pavlova	[Duration of trace processes in the neocortex of rabbits].
3439572		Unclassified	abstract_only_no_fulltext_candidate	Akusherstvo i ginekologiia	[Complex continuous urethrocystometry in the examination of women with stress-induced urinary incontinence].
3465918		Unclassified	abstract_only_no_fulltext_candidate	Journal (Indiana Dental Association)	Mouth to mask resuscitation in the dental office.
3482662	10.1177/172460088700200311	SAGE	abstract_only_with_pdf_candidate	The International journal of biological markers	Value of CA 19-9 assay in serum and duodenal juice in the differential diagnosis of pancreatic disease.
3508042		Unclassified	abstract_only_no_fulltext_candidate	Archivum immunologiae et therapiae experimentalis	ADCC in aging rats with methylcholanthrene-induced sarcoma (MC-Sa).
3518455	10.1002/ajmg.1320240129	Wiley	abstract_only_with_pdf_candidate	American journal of medical genetics	Are there "innocent" amniotic bands?
3520871		Unclassified	abstract_only_no_fulltext_candidate	Sovetskaia meditsina	[Complications of hemosorption and the methods of their prevention].
3533626	10.1016/0014-5793(86)80014-x	Wiley	abstract_only_with_pdf_candidate	FEBS letters	Close evolutionary relationship between the chromosomally encoded beta-lactamase gene of Klebsiella pneumoniae and the TEM beta-lactamase gene mediated by R plasmids.
3536947		Unclassified	abstract_only_no_fulltext_candidate	The Journal of cardiovascular surgery	Wound colonisation following cardiac surgery. Reduction by adjuvant use of preincisional, presternal antibiotic infiltration: a double blind prospective randomised study.
3558828	10.1080/01971528708063054	Unclassified	abstract_only_with_pdf_candidate	Journal of immunoassay	Solid phase enzyme immunoassays of pertussis toxin using peroxidase or biotin labelled antibodies.
3564765		Unclassified	abstract_only_no_fulltext_candidate	Zentralblatt fur Neurochirurgie	[Neurosurgical aspects of arachnoid cysts].
3598023	10.1080/07315724.1987.10720187	Unclassified	abstract_only_with_pdf_candidate	Journal of the American College of Nutrition	The effects of acute clostridium difficile diarrhea on fecal nitrogen content in adult hospitalized patients.
3673532	10.3109/17453678709146361	Unclassified	abstract_only_with_pdf_candidate	Acta orthopaedica Scandinavica	Presence of macrophages at the bone-cement interface of stable hip arthroplasty components.
3691874		Unclassified	abstract_only_no_fulltext_candidate	Fiziologicheskii zhurnal	[Effect of antihypoxic agents on the contractile activity of the uterus and its metabolism].
3725547	10.1353/pbm.1986.0060	Unclassified	abstract_only_with_html_candidate	Perspectives in biology and medicine	A tradition of international cooperation in immunology.
3735841		Unclassified	abstract_only_no_fulltext_candidate	Nihon Kyobu Shikkan Gakkai zasshi	[A case of diffuse pulmonary hemorrhage possibly caused by cephem antibiotics].
3805269		Unclassified	abstract_only_no_fulltext_candidate	Journal of public health policy	British general practice: perspectives on the home visit.
3876328	10.1093/jac/16.1.7	OUP	abstract_only_with_pdf_candidate	The Journal of antimicrobial chemotherapy	Multiple antibiotic resistance plasmids in Enterobacteriaceae isolated from diarrhoeal specimens of hospitalized children in Indonesia.
3876949	10.1016/0014-5793(85)80989-3	Wiley	abstract_only_with_pdf_candidate	FEBS letters	Sequence of the OXA2 beta-lactamase: comparison with other penicillin-reactive enzymes.
7565113	10.1111/j.1365-2958.1995.tb02417.x	Wiley	abstract_only_with_pdf_candidate	Molecular microbiology	Molecular genetics of the chloramphenicol-resistance transposon Tn4451 from Clostridium perfringens: the TnpX site-specific recombinase excises a circular transposon molecule.
7590165	10.1111/j.1574-6968.1995.tb07810.x	Wiley	abstract_only_with_pdf_candidate	FEMS microbiology letters	A novel gyrB mutation in a fluoroquinolone-resistant clinical isolate of Salmonella typhimurium.
7706167	10.1093/jac/34.5.715	OUP	abstract_only_with_pdf_candidate	The Journal of antimicrobial chemotherapy	Nucleotide sequence and genetic analysis of the type Ib trimethoprim-resistant, Tn4132-encoded dihydrofolate reductase.
7830580	10.1111/j.1365-2958.1994.tb01297.x	Wiley	abstract_only_with_pdf_candidate	Molecular microbiology	Neisseria gonorrhoeae acquires mutations in analogous regions of gyrA and parC in fluoroquinolone-resistant isolates.
8001769	10.1016/0378-1097(94)90331-x	Wiley	abstract_only_with_html_candidate	FEMS microbiology letters	Characterization of the aac(6')-Ik gene of Acinetobacter sp. 6.
8056285	10.1111/j.1574-6968.1994.tb07000.x	Wiley	abstract_only_with_pdf_candidate	FEMS microbiology letters	Characterization of the sat4 gene encoding a streptothricin acetyltransferase in Campylobacter coli BE/G4.
8065266	10.1111/j.1365-2958.1994.tb01037.x	Wiley	abstract_only_with_pdf_candidate	Molecular microbiology	Transcription and expression analysis, using lacZ and phoA gene fusions, of Mycobacterium fortuitum beta-lactamase genes cloned from a natural isolate and a high-level beta-lactamase producer.
8170402	10.1111/j.1365-2958.1994.tb00320.x	Wiley	abstract_only_with_pdf_candidate	Molecular microbiology	The Clostridium perfringens Tet P determinant comprises two overlapping genes: tetA(P), which mediates active tetracycline efflux, and tetB(P), which is related to the ribosomal protection family of tetracycline-resistance determinants.
8326867	10.1111/j.1365-2958.1993.tb01601.x	Wiley	abstract_only_with_pdf_candidate	Molecular microbiology	Streptomyces antibioticus contains at least three oleandomycin-resistance determinants, one of which shows similarity with proteins of the ABC-transporter superfamily.
8534971	10.1271/bbb.59.1835	OUP	abstract_only_with_pdf_candidate	Bioscience, biotechnology, and biochemistry	A self-defense gene homologous to tetracycline effluxing gene essential for antibiotic production in Streptomyces aureofaciens.
8537283	10.1093/jac/36.1.41	OUP	abstract_only_with_pdf_candidate	The Journal of antimicrobial chemotherapy	Sequence analysis of two chromosomally mediated inducible beta-lactamases from Aeromonas sobria, strain 163a, one a class D penicillinase, the other an AmpC cephalosporinase.
8577249	10.1111/j.1365-2958.1995.tb02338.x	Wiley	abstract_only_with_pdf_candidate	Molecular microbiology	Molecular characterization of the lincomycin-production gene cluster of Streptomyces lincolnensis 78-11.
8586268	10.1111/j.1574-6968.1995.tb07938.x	Wiley	abstract_only_with_pdf_candidate	FEMS microbiology letters	Molecular characterisation by PCR-restriction fragment length polymorphism of TEM beta-lactamases.
8595862	10.1111/j.1574-6968.1996.tb07994.x	Wiley	abstract_only_with_pdf_candidate	FEMS microbiology letters	Characterization of conjugative transposon Tn5251 of Streptococcus pneumoniae.
8674992	10.1111/j.1574-6968.1996.tb08207.x	Wiley	abstract_only_with_pdf_candidate	FEMS microbiology letters	Characterization of a novel SHV beta-lactamase variant that resembles the SHV-5 enzyme.
8900063	10.1111/j.1574-6968.1996.tb08530.x	Wiley	abstract_only_with_pdf_candidate	FEMS microbiology letters	Cloning and nucleotide sequence of the mphB gene for macrolide 2'-phosphotransferase II in Escherichia coli.
8971709	10.1046/j.1365-2958.1996.01521.x	Wiley	abstract_only_with_pdf_candidate	Molecular microbiology	Molecular cloning and functional analysis of a novel macrolide-resistance determinant, mefA, from Streptococcus pyogenes.
9066104	10.1111/j.1574-6968.1997.tb10260.x	Wiley	abstract_only_with_pdf_candidate	FEMS microbiology letters	Cloning and sequencing of the gene encoding the AmpC beta-lactamase of Morganella morganii.
9066107	10.1111/j.1574-6968.1997.tb10263.x	Wiley	abstract_only_with_pdf_candidate	FEMS microbiology letters	The CS6 colonization factor of human enterotoxigenic Escherichia coli contains two heterologous major subunits.
9215582	10.1111/j.1574-695X.1997.tb01022.x	Wiley	abstract_only_with_pdf_candidate	FEMS immunology and medical microbiology	Molecular analysis of naturally occuring ermC-encoding plasmids in staphylococci isolated from animals with and without previous contact with macrolide/lincosamide antibiotics.
9231418	10.1111/j.1574-6968.1997.tb10436.x	Wiley	abstract_only_with_pdf_candidate	FEMS microbiology letters	A plasmid-mediated CMY-2 beta-lactamase from an Algerian clinical isolate of Salmonella senftenberg.
9338493	10.1093/jac/40.3.393	OUP	abstract_only_with_pdf_candidate	The Journal of antimicrobial chemotherapy	Plasmid-encoded fosfomycin resistance in bacteria isolated from the urinary tract in a multicentre survey.
9372426	10.1093/jac/40.4.561	OUP	abstract_only_with_pdf_candidate	The Journal of antimicrobial chemotherapy	Molecular evolution of the tet(M) gene in Gardnerella vaginalis.
9620445		Unclassified	abstract_only_no_fulltext_candidate	Cellular and molecular biology (Noisy-le-Grand, France)	Characterization of OXA-9, a beta-lactamase encoded by the multiresistance transposon Tn1331.
9627953	10.1111/j.1574-6968.1998.tb12999.x	Wiley	abstract_only_with_pdf_candidate	FEMS microbiology letters	Novel metallo beta-lactamase mediated by a Shigella flexneri plasmid.
9631545	10.1111/j.1574-6968.1998.tb13025.x	Wiley	abstract_only_with_pdf_candidate	FEMS microbiology letters	The Staphylococcus qacH gene product: a new member of the SMR family encoding multidrug resistance.
9742700	10.1111/j.1574-6968.1998.tb13158.x	Wiley	abstract_only_with_pdf_candidate	FEMS microbiology letters	Molecular characterization of the erythromycin resistance plasmid pPV142 from Staphylococcus simulans.
9742701	10.1111/j.1574-6968.1998.tb13159.x	Wiley	abstract_only_with_pdf_candidate	FEMS microbiology letters	Two novel plasmid-mediated cefotaxime-hydrolyzing beta-lactamases (CTX-M-5 and CTX-M-6) from Salmonella typhimurium.
9809423	10.1111/j.1574-6968.1998.tb13232.x	Wiley	abstract_only_with_html_candidate	FEMS microbiology letters	A plasmid that encodes three genes for resistance to macrolide antibiotics in Staphylococcus aureus.
9818739	10.1093/jac/42.4.419	OUP	abstract_only_with_pdf_candidate	The Journal of antimicrobial chemotherapy	Transferable class C beta-lactamases in Escherichia coli strains isolated in Greek hospitals and characterization of two enzyme variants (LAT-3 and LAT-4) closely related to Citrobacter freundii AmpC beta-lactamase.
9867793	10.1128/AAC.42.11.3050	ASM	abstract_only_with_pdf_candidate	Antimicrobial agents and chemotherapy	Revised sequence of OtrB (tet347) tetracycline efflux protein from Streptomyces rimosus.
9868767	10.1111/j.1574-6968.1998.tb13323.x	Wiley	abstract_only_with_pdf_candidate	FEMS microbiology letters	Characterisation of CMY-4, an AmpC-type plasmid-mediated beta-lactamase in a Tunisian clinical isolate of Proteus mirabilis.
9988045	10.1089/mdr.1998.4.271	SAGE	abstract_only_with_pdf_candidate	Microbial drug resistance (Larchmont, N.Y.)	Analysis of the mutations involved in fluoroquinolone resistance of in vivo and in vitro mutants of Escherichia coli.
9989337	10.1128/AAC.43.2.434	ASM	abstract_only_with_pdf_candidate	Antimicrobial agents and chemotherapy	Molecular characterization of a ceftazidime-resistant Morganella morganii isolate producing a TEM-10 beta-lactamase.
10077836	10.1111/j.1574-6968.1999.tb13422.x	Wiley	abstract_only_with_pdf_candidate	FEMS microbiology letters	Molecular characterization of a carbapenem-hydrolyzing beta-lactamase from Chryseobacterium (Flavobacterium) indologenes.
10220896	10.1111/j.1574-6968.1999.tb13503.x	Wiley	abstract_only_with_pdf_candidate	FEMS microbiology letters	The tetAB genes of the Corynebacterium striatum R-plasmid pTP10 encode an ABC transporter and confer tetracycline, oxytetracycline and oxacillin resistance in Corynebacterium glutamicum.
10339826	10.1111/j.1574-6968.1999.tb13586.x	Wiley	abstract_only_with_pdf_candidate	FEMS microbiology letters	A new chloramphenicol and florfenicol resistance gene flanked by two integron structures in Salmonella typhimurium DT104.
10339831	10.1111/j.1574-6968.1999.tb13593.x	Wiley	abstract_only_with_pdf_candidate	FEMS microbiology letters	Characterization of the antiseptic-resistance gene qacE delta 1 isolated from clinical and environmental isolates of Vibrio parahaemolyticus and Vibrio cholerae non-O1.
10361706	10.1111/j.1574-6968.1999.tb13598.x	Wiley	abstract_only_with_pdf_candidate	FEMS microbiology letters	Characterisation of a chloramphenicol acetyltransferase determinant found in the chromosome of Pseudomonas aeruginosa.
10441119	10.1021/bi9908787	ACS	abstract_only_with_pdf_candidate	Biochemistry	Structure of the extended-spectrum class C beta-lactamase of Enterobacter cloacae GC1, a natural mutant with a tandem tripeptide insertion.
10474188	10.1111/j.1574-6968.1999.tb13736.x	Wiley	abstract_only_with_pdf_candidate	FEMS microbiology letters	The sequence of the non-haemolytic enterotoxin operon from Bacillus cereus.
10479146	10.1086/315030	OUP	abstract_only_with_pdf_candidate	The Journal of infectious diseases	A cluster of VanD vancomycin-resistant Enterococcus faecium: molecular characterization and clinical epidemiology.
10590273	10.1093/jac/44.6.735	OUP	abstract_only_with_pdf_candidate	The Journal of antimicrobial chemotherapy	Mechanisms involved in the development of resistance to fluoroquinolones in Escherichia coli isolates.
10689171	10.1111/j.1574-6968.2000.tb08995.x	Wiley	abstract_only_with_pdf_candidate	FEMS microbiology letters	Characterisation of extended-spectrum beta-lactamases of the SHV family using a combination of PCR-single strand conformational polymorphism (PCR-SSCP) and PCR-restriction fragment length polymorphism (PCR-RFLP).
10799008	10.1128/AAC.44.4.1116-1116.2000	ASM	abstract_only_with_pdf_candidate	Antimicrobial agents and chemotherapy	An invasive isolate of Neisseria meningitidis showing decreased susceptibility to quinolones.
10913704	10.1111/j.1574-6968.2000.tb09192.x	Wiley	abstract_only_with_pdf_candidate	FEMS microbiology letters	Identification of a truncated, but functionally active tet(H) tetracycline resistance gene in Pasteurella aerogenes and Pasteurella multocida.
10990262	10.1089/107662900419384	SAGE	abstract_only_with_pdf_candidate	Microbial drug resistance (Larchmont, N.Y.)	An integron cassette carrying dfr1 with 90-bp repeat sequences located on the chromosome of trimethoprim-resistant isolates of Campylobacter jejuni.
11023445	10.1128/AAC.44.8.2231-2232.2000	ASM	abstract_only_with_pdf_candidate	Antimicrobial agents and chemotherapy	Linkage of vat(E) and erm(B) in streptogamin-resistant Enterococcus faecium isolates from Europe.
11062187	10.1093/jac/46.5.695	OUP	abstract_only_with_pdf_candidate	The Journal of antimicrobial chemotherapy	Aeromonas hydrophila AmpH and CepH beta-lactamases: derepressed expression in mutants of Escherichia coli lacking creB.
11102404	10.1093/jac/46.6.879	OUP	abstract_only_with_pdf_candidate	The Journal of antimicrobial chemotherapy	A TEM-2beta-lactamase encoded on an active Tn1-like transposon in the genome of a clinical isolate of Stenotrophomonas maltophilia.
11157909	10.1093/jac/47.2.207	OUP	abstract_only_with_pdf_candidate	The Journal of antimicrobial chemotherapy	Plasmid-mediated and inducible cephalosporinase DHA-2 from Klebsiella pneumoniae.
11179643	10.1111/j.1574-6968.2001.tb10512.x	Wiley	abstract_only_with_pdf_candidate	FEMS microbiology letters	Molecular heterogeneity of bla(VIM-2)-containing integrons from Pseudomonas aeruginosa plasmids encoding the VIM-2 metallo-beta-lactamase.
11179650	10.1111/j.1574-6968.2001.tb10519.x	Wiley	abstract_only_with_pdf_candidate	FEMS microbiology letters	Extension of resistance to cefepime and cefpirome associated to a six amino acid deletion in the H-10 helix of the cephalosporinase of an Enterobacter cloacae clinical isolate.
11184231	10.1128/AAC.44.11.3241-3242.2000	ASM	abstract_only_with_pdf_candidate	Antimicrobial agents and chemotherapy	Detection and characterization of a macrolide 2'-phosphotransferase from a Pseudomonas aeruginosa clinical isolate.
11207718	10.1046/j.1462-2920.1999.00004.x	Wiley	abstract_only_with_pdf_candidate	Environmental microbiology	Evidence for recent intergeneric transfer of a new tetracycline resistance gene, tet(W), isolated from Butyrivibrio fibrisolvens, and the occurrence of tet(O) in ruminal bacteria.
11266422	10.1093/jac/47.4.463	OUP	abstract_only_with_pdf_candidate	The Journal of antimicrobial chemotherapy	SHV-27, a novel cefotaxime-hydrolysing beta-lactamase, identified in Klebsiella pneumoniae isolates from a Brazilian hospital.
11269234	10.1128/AAC.45.2.645-646.2001	ASM	abstract_only_with_pdf_candidate	Antimicrobial agents and chemotherapy	Identification of vat(E-3), a novel gene encoding resistance to quinupristin-dalfopristin in a strain of Enterococcus faecium from a hospital patient in the United Kingdom.
11310803	10.1089/107662901750152783	SAGE	abstract_only_with_pdf_candidate	Microbial drug resistance (Larchmont, N.Y.)	Molecular epidemiology and mutations at gyrA and parC genes of ciprofloxacin-resistant Escherichia coli isolates from a Taiwan medical center.
11398110	10.1086/321001	OUP	abstract_only_with_pdf_candidate	The Journal of infectious diseases	Structure and dissemination of a chromosomal insertion element encoding macrolide efflux in Streptococcus pneumoniae.
11470367	10.1111/j.1574-6968.2001.tb10762.x	Wiley	abstract_only_with_pdf_candidate	FEMS microbiology letters	Plasmid-mediated extended-spectrum beta-lactamase (CTX-M-3 like) from India and gene association with insertion sequence ISEcp1.
11679551	10.1093/jac/48.5.627	OUP	abstract_only_with_pdf_candidate	The Journal of antimicrobial chemotherapy	An integron-associated beta-lactamase (IBC-2) from Pseudomonas aeruginosa is a variant of the extended-spectrum beta-lactamase IBC-1.
11679562	10.1093/jac/48.5.717	OUP	abstract_only_with_pdf_candidate	The Journal of antimicrobial chemotherapy	OXA-35 is an OXA-10-related beta-lactamase from Pseudomonas aeruginosa.
11679669	10.1126/science.1063447	Unclassified	abstract_only_with_pdf_candidate	Science (New York, N.Y.)	Comparative genomics of Listeria species.
11807680	10.1086/338786	OUP	abstract_only_with_pdf_candidate	Clinical infectious diseases : an official publication of the Infectious Diseases Society of America	Nosocomial spread of the integron-located veb-1-like cassette encoding an extended-pectrum beta-lactamase in Pseudomonas aeruginosa in Thailand.
11815567	10.1093/jac/49.2.269	OUP	abstract_only_with_pdf_candidate	The Journal of antimicrobial chemotherapy	Characterization of blaCMY-11, an AmpC-type plasmid-mediated beta-lactamase gene in a Korean clinical isolate of Escherichia coli.
11815584	10.1093/jac/49.2.383	OUP	abstract_only_with_pdf_candidate	The Journal of antimicrobial chemotherapy	Nucleotide sequence and organization of plasmid pMVSCS1 from Mannheimia varigena: identification of a multiresistance gene cluster.
11864963	10.1093/jac/49.3.573	OUP	abstract_only_with_pdf_candidate	The Journal of antimicrobial chemotherapy	Identification of a cassette-borne dfrA7-like gene that shows a 97 bp extension at the 3'-end of the reading frame.
11864966	10.1093/jac/49.3.580	OUP	abstract_only_with_pdf_candidate	The Journal of antimicrobial chemotherapy	In vitro activity of new ketolides against macrolide-susceptible and -resistant Staphylococcus aureus isolates with defined resistance gene status.
11972706	10.1046/j.1365-2672.2002.01612.x	Wiley	abstract_only_with_pdf_candidate	Journal of applied microbiology	Molecular epidemiology of cystic fibrosis-linked Burkholderia cepacia complex isolates from three national referral centres in Ireland.
12002644	10.1089/10766290252913692	SAGE	abstract_only_with_pdf_candidate	Microbial drug resistance (Larchmont, N.Y.)	Composite integron array generated by insertion of an ORF341-type integron within a Tn21-like element.
12007800	10.1111/j.1574-6968.2002.tb11126.x	Wiley	abstract_only_with_pdf_candidate	FEMS microbiology letters	Diversity of CTX-M beta-lactamases and their promoter regions from Enterobacteriaceae isolated in three Parisian hospitals.
12019142	10.1128/AAC.46.6.2056-2057.2002	ASM	abstract_only_with_pdf_candidate	Antimicrobial agents and chemotherapy	The extended-spectrum K1 beta-lactamase from Klebsiella oxytoca SC 10,436 is a member of the bla(OXY-2) family of chromosomal Klebsiella enzymes.
12039894	10.1093/jac/dkf052	OUP	abstract_only_with_pdf_candidate	The Journal of antimicrobial chemotherapy	Unusual Salmonella enterica serotype Typhimurium isolate producing CMY-7, SHV-9 and OXA-30 beta-lactamases.
12067380	10.1046/j.1365-2672.2002.01660.x	Wiley	abstract_only_with_pdf_candidate	Journal of applied microbiology	Sequence analysis of the genes encoding for the major virulence factors of Bacillus anthracis vaccine strain 'Carbosap'.
12127496	10.1111/j.1574-6968.2002.tb11293.x	Wiley	abstract_only_with_pdf_candidate	FEMS microbiology letters	BUT-1: a new member in the chromosomal inducible class C beta-lactamases family from a clinical isolate of Buttiauxella sp.
12205055	10.1093/jac/dkf153	OUP	abstract_only_with_pdf_candidate	The Journal of antimicrobial chemotherapy	Genetic characterization of the fusidic acid and cadmium resistance determinants of Staphylococcus aureus plasmid pUB101.
12356787	10.1093/jac/dkf165	OUP	abstract_only_with_pdf_candidate	The Journal of antimicrobial chemotherapy	Cloning of the class D beta-lactamase gene from Burkholderia pseudomallei and studies on its expression in ceftazidime-susceptible and -resistant strains.
12384395	10.1128/AAC.46.11.3688-3689.2002	ASM	abstract_only_with_pdf_candidate	Antimicrobial agents and chemotherapy	Phenotype and molecular characterization of the first inhibitor-resistant TEM-derived beta-lactamase identified in Portugal.
12393197	10.1111/j.1574-6968.2002.tb11366.x	Wiley	abstract_only_with_pdf_candidate	FEMS microbiology letters	Molecular characterization of bla(IMP-5), a new integron-borne metallo-beta-lactamase gene from an Acinetobacter baumannii nosocomial isolate in Portugal.
12407124	10.1093/jac/dkf193	OUP	abstract_only_with_pdf_candidate	The Journal of antimicrobial chemotherapy	Characterization of CMY-type beta-lactamases in clinical strains of Proteus mirabilis and Klebsiella pneumoniae isolated in four hospitals in the Paris area.
12493783	10.1093/jac/dkg033	OUP	abstract_only_with_pdf_candidate	The Journal of antimicrobial chemotherapy	Fluoroquinolone resistance in Campylobacter species from man and animals: detection of mutations in topoisomerase genes.
12493797	10.1093/jac/dkg040	OUP	abstract_only_with_pdf_candidate	The Journal of antimicrobial chemotherapy	Acquired macrolide resistance genes and the 1 bp deletion in the mtrR promoter in Neisseria gonorrhoeae.
12493806	10.1093/jac/dkf253	OUP	abstract_only_with_pdf_candidate	The Journal of antimicrobial chemotherapy	Identification of class 1 integrons-associated gene cassettes in Escherichia coli isolated from Varanus spp. in Indonesia.
12493817	10.1093/jac/dkg051	OUP	abstract_only_with_pdf_candidate	The Journal of antimicrobial chemotherapy	An outbreak of a CTX-M-type beta-lactamase-producing Klebsiella pneumoniae: the importance of using cefpodoxime to detect extended-spectrum beta-lactamases.
12523622	10.1089/10766290260469516	SAGE	abstract_only_with_pdf_candidate	Microbial drug resistance (Larchmont, N.Y.)	Characterization of an integron carrying a new class D beta-lactamase (OXA-37) in Acinetobacter baumannii.
12523629	10.1089/10766290260469589	SAGE	abstract_only_with_pdf_candidate	Microbial drug resistance (Larchmont, N.Y.)	Mechanisms of antibiotic resistance in Escherichia coli isolates obtained from healthy children in Spain.
12529019	10.1034/j.1600-0463.2002.1100909.x	Wiley	abstract_only_with_pdf_candidate	APMIS : acta pathologica, microbiologica, et immunologica Scandinavica	Mutations in gyrA, gyrB, parC, and parE in quinolone-resistant strains of Neisseria gonorrhoeae.
12534469	10.1046/j.1462-2920.2002.00281.x	Wiley	abstract_only_with_pdf_candidate	Environmental microbiology	Analysis of the Pseudomonas aeruginosa oprD gene from clinical and environmental isolates.
12562690	10.1093/jac/dkg069	OUP	abstract_only_with_pdf_candidate	The Journal of antimicrobial chemotherapy	Molecular and biochemical characterization of a carbapenem-hydrolysing beta-lactamase from Flavobacterium johnsoniae.
12615874	10.1093/jac/dkg131	OUP	abstract_only_with_pdf_candidate	The Journal of antimicrobial chemotherapy	The vanC-3 vancomycin resistance gene cluster of Enterococcus flavescens CCM 439.
12615876	10.1093/jac/dkg124	OUP	abstract_only_with_pdf_candidate	The Journal of antimicrobial chemotherapy	Plasmid-mediated, carbapenem-hydrolysing beta-lactamase, KPC-2, in Klebsiella pneumoniae isolates.
12654733	10.1093/jac/dkg168	OUP	abstract_only_with_pdf_candidate	The Journal of antimicrobial chemotherapy	Mutations in gyrA and parC genes in nalidixic acid-resistant Escherichia coli strains from food products, humans and animals.
12654734	10.1093/jac/dkg169	OUP	abstract_only_with_pdf_candidate	The Journal of antimicrobial chemotherapy	An integron cassette encoding erythromycin esterase, ere(A), from Providencia stuartii.
12697645	10.1093/jac/dkg221	OUP	abstract_only_with_pdf_candidate	The Journal of antimicrobial chemotherapy	Sequence analysis of cfxA2-like beta-lactamases in Prevotella species.
12716781	10.1093/jac/dkg257	OUP	abstract_only_with_pdf_candidate	The Journal of antimicrobial chemotherapy	Molecular analysis of the plasmid-borne aacA/aphD resistance gene region of coagulase-negative staphylococci from chickens.
12746371	10.1093/jac/dkg247	OUP	abstract_only_with_pdf_candidate	The Journal of antimicrobial chemotherapy	Genetic linkage of the penicillinase gene, amp, and blrAB, encoding the regulator of beta-lactamase expression in Aeromonas spp.
12775683	10.1093/jac/dkg256	OUP	abstract_only_with_pdf_candidate	The Journal of antimicrobial chemotherapy	Effect of D240G substitution in a novel ESBL CTX-M-27.
12820795	10.1089/107662903765826697	SAGE	abstract_only_with_pdf_candidate	Microbial drug resistance (Larchmont, N.Y.)	Analysis on distribution and genomic diversity of high-level antiseptic resistance genes qacA and qacB in human clinical isolates of Staphylococcus aureus.
12837741	10.1093/jac/dkg308	OUP	abstract_only_with_pdf_candidate	The Journal of antimicrobial chemotherapy	An RND-type multidrug efflux pump SdeXY from Serratia marcescens.
12888597	10.1093/jac/dkg344	OUP	abstract_only_with_pdf_candidate	The Journal of antimicrobial chemotherapy	Partial characterization of a transposon containing the tet(A) determinant in a clinical isolate of Acinetobacter baumannii.
12951335	10.1093/jac/dkg410	OUP	abstract_only_with_pdf_candidate	The Journal of antimicrobial chemotherapy	Genetic characterization of a novel metallo-beta-lactamase gene, blaIMP-13, harboured by a novel Tn5051-type transposon disseminating carbapenemase genes in Europe: report from the SENTRY worldwide antimicrobial surveillance programme.
12969288	10.1046/j.1365-2672.2003.02040.x	Wiley	abstract_only_with_pdf_candidate	Journal of applied microbiology	Characterization of blaCMY-10 a novel, plasmid-encoded AmpC-type beta-lactamase gene in a clinical isolate of Enterobacter aerogenes.
14510643	10.1034/j.1600-0463.2003.1110904.x	Wiley	abstract_only_with_pdf_candidate	APMIS : acta pathologica, microbiologica, et immunologica Scandinavica	Patterns of mutations in target genes in septicemia isolates of Escherichia coli and Klebsiella pneumoniae with resistance or reduced susceptibility to ciprofloxacin.
14613945	10.1093/jac/dkh017	OUP	abstract_only_with_pdf_candidate	The Journal of antimicrobial chemotherapy	SHV-34: an extended-spectrum beta-lactamase encoded by an epidemic plasmid.
14985634		Unclassified	abstract_only_no_fulltext_candidate	Japanese journal of infectious diseases	Preparation of a positive control DNA for molecular diagnosis of Bacillus anthracis.
15019728	10.1016/S0378-1097(04)00012-6	OUP	abstract_only_with_pdf_candidate	FEMS microbiology letters	TbtABM, a multidrug efflux pump associated with tributyltin resistance in Pseudomonas stutzeri.
15078520	10.1111/j.1365-2672.2004.02242.x	Wiley	abstract_only_with_pdf_candidate	Journal of applied microbiology	Analysis of gyrA mutations in quinolone-resistant and -susceptible Campylobacter jejuni isolates from retail poultry and human clinical isolates by non-radioactive single-strand conformation polymorphism analysis and DNA sequencing.
15095209	10.1086/382354	OUP	abstract_only_with_pdf_candidate	Clinical infectious diseases : an official publication of the Infectious Diseases Society of America	Nosocomial bacteremia and urinary tract infections caused by extended-spectrum beta -lactamase-producing Klebsiella pneumoniae with plasmids carrying both SHV-5 and TLA-1 genes.
15117923	10.1093/jac/dkh221	OUP	abstract_only_with_pdf_candidate	The Journal of antimicrobial chemotherapy	New aminoglycoside acetyltransferase gene, aac(3)-Id, in a class 1 integron from a multiresistant strain of Vibrio fluvialis isolated from an infant aged 6 months.
15135524	10.1016/j.femsle.2004.03.028	Wiley	abstract_only_with_pdf_candidate	FEMS microbiology letters	Novel GES/IBC extended-spectrum beta-lactamase variants with carbapenemase activity in clinical enterobacteria.
15190017	10.1093/jac/dkh321	OUP	abstract_only_with_pdf_candidate	The Journal of antimicrobial chemotherapy	Detection of VIM-5 metallo-beta-lactamase in a Pseudomonas aeruginosa clinical isolate from Turkey.
15201232	10.1093/jac/dkh334	OUP	abstract_only_with_pdf_candidate	The Journal of antimicrobial chemotherapy	A novel extended-spectrum beta-lactamase CTX-M-23 with a P167T substitution in the active-site omega loop associated with ceftazidime resistance.
15231768	10.1093/jac/dkh347	OUP	abstract_only_with_pdf_candidate	The Journal of antimicrobial chemotherapy	Characterization of a Salmonella enterica serovar Agona strain harbouring a class 1 integron containing novel OXA-type beta-lactamase (blaOXA-53) and 6'-N-aminoglycoside acetyltransferase genes [aac(6')-I30].
15231771	10.1093/jac/dkh353	OUP	abstract_only_with_pdf_candidate	The Journal of antimicrobial chemotherapy	High frequency transfer and horizontal spread of apramycin resistance in calf faecal Escherichia coli.
15251195	10.1016/j.femsle.2004.05.013	OUP	abstract_only_with_pdf_candidate	FEMS microbiology letters	Characterization of florfenicol resistance among calf pathogenic Escherichia coli.
15272191	10.1107/S0907444904011680	Unclassified	abstract_only_with_pdf_candidate	Acta crystallographica. Section D, Biological crystallography	C3 exoenzyme from Clostridium botulinum: structure of a tetragonal crystal form and a reassessment of NAD-induced flexure.
15282231	10.1093/jac/dkh368	OUP	abstract_only_with_pdf_candidate	The Journal of antimicrobial chemotherapy	Novel gyrA and parC point mutations in two strains of Acinetobacter baumannii resistant to ciprofloxacin.
15282240	10.1093/jac/dkh395	OUP	abstract_only_with_pdf_candidate	The Journal of antimicrobial chemotherapy	Frequency and diversity of Class A extended-spectrum beta-lactamases in hospitals of the Auvergne, France: a 2 year prospective study.
15308604	10.1093/jac/dkh391	OUP	abstract_only_with_pdf_candidate	The Journal of antimicrobial chemotherapy	Enterococcus faecium N03-0072 carries a new VanD-type vancomycin resistance determinant: characterization of the VanD5 operon.
15383166	10.1089/mdr.2004.10.224	SAGE	abstract_only_with_pdf_candidate	Microbial drug resistance (Larchmont, N.Y.)	Dissemination of transferable AmpC-type beta-lactamase (CMY-10) in a Korean hospital.
15451111	10.1016/j.femsle.2004.08.028	OUP	abstract_only_with_pdf_candidate	FEMS microbiology letters	Identification and molecular characterization of the gene encoding coli surface antigen 20 of enterotoxigenic Escherichia coli.
15471995	10.1093/jac/dkh457	OUP	abstract_only_with_pdf_candidate	The Journal of antimicrobial chemotherapy	Nucleotide sequence and organization of the multiresistance plasmid pSCFS1 from Staphylococcus sciuri.
15472005	10.1093/jac/dkh440	OUP	abstract_only_with_pdf_candidate	The Journal of antimicrobial chemotherapy	Outbreak of multi-resistant Klebsiella oxytoca involving strains with extended-spectrum beta-lactamases and strains with extended-spectrum activity of the chromosomal beta-lactamase.
15563518	10.1093/jac/dkh481	OUP	abstract_only_with_pdf_candidate	The Journal of antimicrobial chemotherapy	Distribution and molecular analysis of mef(A)-containing elements in tetracycline-susceptible and -resistant Streptococcus pyogenes clinical isolates with efflux-mediated erythromycin resistance.
15616342	10.1128/AAC.49.1.474-475.2005	ASM	abstract_only_with_pdf_candidate	Antimicrobial agents and chemotherapy	Novel variant (bla(VIM-11)) of the metallo-{beta}-lactamase bla(VIM) family in a GES-1 extended-spectrum-{beta}-lactamase-producing Pseudomonas aeruginosa clinical isolate in Argentina.
15625322	10.1093/jb/mvh146	OUP	abstract_only_with_pdf_candidate	Journal of biochemistry	Overexpression and characterization of an aminoglycoside 6'-N-acetyltransferase with broad specificity from an epsilon-poly-L-lysine producer, Streptomyces albulus IFO14147.
15650379	10.1089/mdr.2004.10.334	SAGE	abstract_only_with_pdf_candidate	Microbial drug resistance (Larchmont, N.Y.)	Prevalence of beta-lactamases among ampicillin-resistant Escherichia coli and Salmonella isolated from food animals in Denmark.
15673721	10.1128/AAC.49.2.479-487.2005	ASM	abstract_only_with_pdf_candidate	Antimicrobial agents and chemotherapy	Aminoglycoside resistance in Pseudomonas aeruginosa.
15722395	10.1093/jac/dki015	OUP	abstract_only_with_pdf_candidate	The Journal of antimicrobial chemotherapy	Comparison of multidrug resistance gene regions between two geographically unrelated Salmonella serotypes.
15728946	10.1128/AAC.49.3.1265-1266.2005	ASM	abstract_only_with_pdf_candidate	Antimicrobial agents and chemotherapy	Hybrid tet genes and tet gene nomenclature: request for opinion.
15731199	10.1093/jac/dki029	OUP	abstract_only_with_pdf_candidate	The Journal of antimicrobial chemotherapy	Characterization of a Tn5382-like transposon containing the vanB2 gene cluster in a Clostridium strain isolated from human faeces.
15731203	10.1093/jac/dkh553	OUP	abstract_only_with_pdf_candidate	The Journal of antimicrobial chemotherapy	Physical linkage of Tn3 and part of Tn1721 in a tetracycline and ampicillin resistance plasmid from Salmonella Typhimurium.
15736704		Unclassified	abstract_only_no_fulltext_candidate	The Veterinary record	Extended-spectrum beta-lactamase detected in E coli recovered from calves in Wales.
15743901	10.1093/jac/dkh556	OUP	abstract_only_with_pdf_candidate	The Journal of antimicrobial chemotherapy	Description of In116, the first blaCTX-M-2-containing complex class 1 integron found in Morganella morganii isolates from Buenos Aires, Argentina.
15761062	10.1093/jac/dki081	OUP	abstract_only_with_pdf_candidate	The Journal of antimicrobial chemotherapy	Class 1 integron-associated gene cassettes in Salmonella enterica subsp. enterica serovar Agona isolated from pig carcasses in Brazil.
15761066	10.1093/jac/dki073	OUP	abstract_only_with_pdf_candidate	The Journal of antimicrobial chemotherapy	Characterization of a new integron containing bla(VIM-1) and aac(6')-IIc in an Enterobacter cloacae clinical isolate from Greece.
15761075	10.1093/jac/dki051	OUP	abstract_only_with_pdf_candidate	The Journal of antimicrobial chemotherapy	Identification of Tet 39, a novel class of tetracycline resistance determinant in Acinetobacter spp. of environmental and clinical origin.
15772146	10.1093/jac/dki065	OUP	abstract_only_with_pdf_candidate	The Journal of antimicrobial chemotherapy	Genetic and biochemical characterization of the chromosome-encoded class B beta-lactamases from Shewanella livingstonensis (SLB-1) and Shewanella frigidimarina (SFB-1).
15837373	10.1016/j.femsle.2005.02.034	OUP	abstract_only_with_pdf_candidate	FEMS microbiology letters	Update on acquired tetracycline resistance genes.
15837385	10.1016/j.femsle.2005.03.021	OUP	abstract_only_with_pdf_candidate	FEMS microbiology letters	Characterization of class 1 integrons-mediated antibiotic resistance among calf pathogenic Escherichia coli.
15849260	10.1093/jac/dki138	OUP	abstract_only_with_pdf_candidate	The Journal of antimicrobial chemotherapy	New aac(6')-I genes in Enterococcus hirae and Enterococcus durans: effect on {beta}-lactam/aminoglycoside synergy.
15857942	10.1093/jac/dki135	OUP	abstract_only_with_pdf_candidate	The Journal of antimicrobial chemotherapy	Occurrence and molecular analysis of extended-spectrum {beta}-lactamase-producing Proteus mirabilis in Hong Kong, 1999-2002.
15910229	10.1089/mdr.2005.11.146	SAGE	abstract_only_with_pdf_candidate	Microbial drug resistance (Larchmont, N.Y.)	Analysis of the prevalence of tetracycline resistance genes in clinical isolates of Enterococcus faecalis and Enterococcus faecium in a Japanese hospital.
15914491	10.1093/jac/dki171	OUP	abstract_only_with_pdf_candidate	The Journal of antimicrobial chemotherapy	Efflux-mediated antimicrobial resistance.
15941775	10.1093/jac/dki190	OUP	abstract_only_with_pdf_candidate	The Journal of antimicrobial chemotherapy	beta-Lactamases among extended-spectrum beta-lactamase (ESBL)-resistant Salmonella from poultry, poultry products and human patients in The Netherlands.
15980410	10.1128/AAC.49.7.3097-3098.2005	ASM	abstract_only_with_pdf_candidate	Antimicrobial agents and chemotherapy	One new LEN enzyme and two new OKP enzymes in Klebsiella pneumoniae clinical isolates and proposed nomenclature for chromosomal beta-lactamases of this species.
15984838	10.1021/ja051482n	ACS	abstract_only_with_pdf_candidate	Journal of the American Chemical Society	Probing the breadth of macrolide glycosyltransferases: in vitro remodeling of a polyketide antibiotic creates active bacterial uptake and enhances potency.
16020539	10.1093/jac/dki245	OUP	abstract_only_with_pdf_candidate	The Journal of antimicrobial chemotherapy	Emergence of plasmid-mediated resistance to quinolones in Enterobacteriaceae.
16042375	10.1021/bi047896v	ACS	abstract_only_with_pdf_candidate	Biochemistry	X-ray structure of the R69D phosphatidylinositol-specific phospholipase C enzyme: insight into the role of calcium and surrounding amino acids in active site geometry and catalysis.
16046466	10.1093/jac/dki262	OUP	abstract_only_with_pdf_candidate	The Journal of antimicrobial chemotherapy	Molecular basis of resistance to trimethoprim, chloramphenicol and sulphonamides in Bordetella bronchiseptica.
16082008	10.1128/JCM.43.8.4301-4302.2005	ASM	abstract_only_with_pdf_candidate	Journal of clinical microbiology	Detection of five novel CTX-M-type extended spectrum beta-lactamases with one to three CTX-M-14 point mutations in isolates from Hefei, Anhui province, China.
16162665	10.1093/jac/dki333	OUP	abstract_only_with_pdf_candidate	The Journal of antimicrobial chemotherapy	Characterization of the MacA-MacB efflux system in Neisseria gonorrhoeae.
16201926	10.1089/mdr.2005.11.239	SAGE	abstract_only_with_pdf_candidate	Microbial drug resistance (Larchmont, N.Y.)	Detection of a novel aph(2") allele (aph[2"]-Ie) conferring high-level gentamicin resistance and a spectinomycin resistance gene ant(9)-Ia (aad 9) in clinical isolates of enterococci.
16244084	10.1093/jac/dki395	OUP	abstract_only_with_pdf_candidate	The Journal of antimicrobial chemotherapy	Surveillance of extended-spectrum beta-lactamases from clinical samples and faecal carriers in Barcelona, Spain.
16258246		Unclassified	abstract_only_no_fulltext_candidate	Molecules and cells	The ribostamycin biosynthetic gene cluster in Streptomyces ribosidificus: comparison with butirosin biosynthesis.
16291869	10.1093/jac/dki398	OUP	abstract_only_with_pdf_candidate	The Journal of antimicrobial chemotherapy	DNA sequence analysis of the genetic environment of various blaCTX-M genes.
16333139	10.1128/JCM.43.12.6220.2005	ASM	abstract_only_with_pdf_candidate	Journal of clinical microbiology	Beta-lactamase nomenclature.
16338949	10.1093/jac/dki443	OUP	abstract_only_with_pdf_candidate	The Journal of antimicrobial chemotherapy	Molecular investigation of genetic elements contributing to metronidazole resistance in Bacteroides strains.
16339607	10.1093/jac/dki421	OUP	abstract_only_with_pdf_candidate	The Journal of antimicrobial chemotherapy	Macrolide inactivation gene cluster mphA-mrx-mphR adjacent to a class 1 integron in Aeromonas hydrophila isolated from a diarrhoeic pig in Oklahoma.
16445758	10.1111/j.1574-6968.2005.00028.x	Wiley	abstract_only_with_pdf_candidate	FEMS microbiology letters	Characterization of the chromosomal class A beta-lactamase CKO from Citrobacter koseri.
16451182	10.1111/j.1574-6968.2005.00025.x	Wiley	abstract_only_with_pdf_candidate	FEMS microbiology letters	Analysis of integrons in clinical isolates of Escherichia coli in China during the last six years.
16476725	10.1093/jac/dkl033	OUP	abstract_only_with_pdf_candidate	The Journal of antimicrobial chemotherapy	Heterologous expression of glycopeptide resistance vanHAX gene clusters from soil bacteria in Enterococcus faecalis.
16510850	10.1093/jac/dkl055	OUP	abstract_only_with_pdf_candidate	The Journal of antimicrobial chemotherapy	Spread of bla(CTX-M-type) and bla(PER-2) beta-lactamase genes in clinical isolates from Bolivian hospitals.
16531430	10.1093/jac/dkl077	OUP	abstract_only_with_pdf_candidate	The Journal of antimicrobial chemotherapy	Molecular epidemiology of extended-spectrum beta-lactamase-producing Klebsiella pneumoniae in a neonatal intensive care unit.
16553723	10.1111/j.1365-2672.2005.02796.x	Wiley	abstract_only_with_pdf_candidate	Journal of applied microbiology	Two distinct mutations in gyrA lead to ciprofloxacin and nalidixic acid resistance in Campylobacter coli and Campylobacter jejuni isolated from chickens and beef cattle.
16553832	10.1111/j.1574-6968.2006.00148.x	Wiley	abstract_only_with_pdf_candidate	FEMS microbiology letters	Cloning and functional characterization of the ambler class C beta-lactamase of Yersinia ruckeri.
16553870	10.1111/j.1574-6968.2006.00191.x	Wiley	abstract_only_with_pdf_candidate	FEMS microbiology letters	Molecular characterization of beta-lactamase genes blaA and blaB of Yersinia enterocolitica biovar 1A.
16565156	10.1093/jac/dkl105	OUP	abstract_only_with_pdf_candidate	The Journal of antimicrobial chemotherapy	New variants of the tet(M) gene in Clostridium difficile clinical isolates harbouring Tn916-like elements.
16565159	10.1093/jac/dkl069	OUP	abstract_only_with_pdf_candidate	The Journal of antimicrobial chemotherapy	Identification of Tn5397-like and Tn916-like transposons and diversity of the tetracycline resistance gene tet(M) in enterococci from humans, pigs and poultry.
16584308	10.1089/mdr.2006.12.44	SAGE	abstract_only_with_pdf_candidate	Microbial drug resistance (Larchmont, N.Y.)	Prevalence of plasmid-mediated AmpC beta-lactamases in Escherichia coli and Klebsiella pneumoniae in Korea.
16630258	10.1111/j.1574-6968.2006.00195.x	Wiley	abstract_only_with_pdf_candidate	FEMS microbiology letters	The role of ISAba1 in expression of OXA carbapenemase genes in Acinetobacter baumannii.
16670108	10.1093/jac/dkl174	OUP	abstract_only_with_pdf_candidate	The Journal of antimicrobial chemotherapy	Plasmid-mediated florfenicol resistance in Pasteurella trehalosi.
16723604	10.1128/AAC.01450-05	ASM	abstract_only_with_pdf_candidate	Antimicrobial agents and chemotherapy	Gene cassette encoding a 3-N-aminoglycoside acetyltransferase in a chromosomal integron.
16723605	10.1128/AAC.01440-05	ASM	abstract_only_with_pdf_candidate	Antimicrobial agents and chemotherapy	First occurrence of a Pseudomonas aeruginosa isolate in the United States producing an IMP metallo-beta-lactamase, IMP-18.
16735436	10.1093/jac/dkl154	OUP	abstract_only_with_pdf_candidate	The Journal of antimicrobial chemotherapy	OXA-1 is OXA-30 is OXA-1.
16785225	10.1093/jac/dkl252	OUP	abstract_only_with_pdf_candidate	The Journal of antimicrobial chemotherapy	A novel ceftazidime-hydrolysing extended-spectrum beta-lactamase, CTX-M-54, with a single amino acid substitution at position 167 in the omega loop.
16804843	10.1086/505397	OUP	abstract_only_with_pdf_candidate	Clinical infectious diseases : an official publication of the Infectious Diseases Society of America	Plasmid-mediated quinolone resistance in non-Typhi serotypes of Salmonella enterica.
16816399	10.1093/jac/dkl266	OUP	abstract_only_with_pdf_candidate	The Journal of antimicrobial chemotherapy	Characterization of acquired beta-lactamases and their genetic support in multidrug-resistant Pseudomonas aeruginosa isolates in Taiwan: the prevalence of unusual integrons.
16816400	10.1093/jac/dkl273	OUP	abstract_only_with_pdf_candidate	The Journal of antimicrobial chemotherapy	High prevalence of OXA-51-type class D beta-lactamases among ceftazidime-resistant clinical isolates of Acinetobacter spp.: co-existence with OXA-58 in multiple centres.
16940137	10.1128/AAC.00284-06	ASM	abstract_only_with_pdf_candidate	Antimicrobial agents and chemotherapy	Emergence of PER-2 and VEB-1a in Acinetobacter baumannii Strains in the Americas.
16948925	10.1177/08830738060210060601	SAGE	abstract_only_with_pdf_candidate	Journal of child neurology	Ketamine increases opening cerebrospinal pressure in children undergoing lumbar puncture.
16958846	10.1111/j.1574-6968.2006.00371.x	Wiley	abstract_only_with_pdf_candidate	FEMS microbiology letters	Ubiquity and diversity of multidrug resistance genes in Lactococcus lactis strains isolated between 1936 and 1995.
16980697	10.1093/jac/dkl352	OUP	abstract_only_with_pdf_candidate	The Journal of antimicrobial chemotherapy	Prevalence of aadA1 and dfrA15 class 1 integron cassettes and SXT circulation in Vibrio cholerae O1 isolates from Africa.
16980698	10.1093/jac/dkl366	OUP	abstract_only_with_pdf_candidate	The Journal of antimicrobial chemotherapy	dfrA25, a novel trimethoprim resistance gene from Salmonella Agona isolated from a human urine sample in Brazil.
17000737	10.1128/AAC.00607-06	ASM	abstract_only_with_pdf_candidate	Antimicrobial agents and chemotherapy	First VanD-Type vancomycin-resistant Enterococcus raffinosus isolate.
17005845	10.1128/AAC.00817-06	ASM	abstract_only_with_pdf_candidate	Antimicrobial agents and chemotherapy	linG, a new integron-associated gene cassette encoding a lincosamide nucleotidyltransferase.
17037256		Unclassified	abstract_only_no_fulltext_candidate	Revista Argentina de microbiologia	[Genetic environment of CTX-M-2 in Klebsiella pneumoniae isolates from hospitalized patients in Uruguay].
17060340	10.1093/jac/dkl418	OUP	abstract_only_with_pdf_candidate	The Journal of antimicrobial chemotherapy	Fusidic acid resistance, mediated by fusB, in bovine coagulase-negative staphylococci.
17110393	10.1093/jac/dkl456	OUP	abstract_only_with_pdf_candidate	The Journal of antimicrobial chemotherapy	Wide geographic spread of diverse acquired AmpC beta-lactamases among Escherichia coli and Klebsiella spp. in the UK and Ireland.
17224413	10.1093/jac/dkl498	OUP	abstract_only_with_pdf_candidate	The Journal of antimicrobial chemotherapy	Efflux-mediated resistance to florfenicol and/or chloramphenicol in Bordetella bronchiseptica: identification of a novel chloramphenicol exporter.
17233727	10.1111/j.1574-6968.2006.00537.x	Wiley	abstract_only_with_pdf_candidate	FEMS microbiology letters	Investigation of a global collection of nontyphoidal Salmonella of various serotypes cultured between 1953 and 2004 for the presence of class 1 integrons.
17284537	10.1093/jac/dkl544	OUP	abstract_only_with_pdf_candidate	The Journal of antimicrobial chemotherapy	IMP-4 and OXA beta-lactamases in Acinetobacter baumannii from Singapore.
17284538	10.1093/jac/dkl517	OUP	abstract_only_with_pdf_candidate	The Journal of antimicrobial chemotherapy	Emergence of blaGES-5 in clinical colistin-only-sensitive (COS) Pseudomonas aeruginosa strain in Brazil.
17288792		Unclassified	abstract_only_no_fulltext_candidate	Zhonghua yi xue za zhi	[Genotype of TEM- and SHV-type beta-lactamase producing Klebsiella pneumoniae in Guangzhou area].
17293368	10.1093/jac/dkl531	OUP	abstract_only_with_pdf_candidate	The Journal of antimicrobial chemotherapy	A novel Salmonella genomic island 1 and rare integron types in Salmonella Typhimurium isolates from horses in The Netherlands.
17298366	10.1111/j.1462-2920.2006.01185.x	Wiley	abstract_only_with_pdf_candidate	Environmental microbiology	Manure and sulfadiazine synergistically increased bacterial antibiotic resistance in soil over at least two months.
17302923	10.1111/j.1574-6968.2007.00643.x	Wiley	abstract_only_with_pdf_candidate	FEMS microbiology letters	Resistance phenotypes conferred by macrolide phosphotransferases.
17329268	10.1093/jac/dkm008	OUP	abstract_only_with_pdf_candidate	The Journal of antimicrobial chemotherapy	Identification and characterization of nine novel types of small staphylococcal plasmids carrying the lincosamide nucleotidyltransferase gene lnu(A).
17342058		Unclassified	abstract_only_no_fulltext_candidate	Journal of microbiology (Seoul, Korea)	The diversity of multi-drug resistance profiles in tetracycline-resistant Vibrio species isolated from coastal sediments and seawater.
17403709	10.1093/jac/dkm070	OUP	abstract_only_with_pdf_candidate	The Journal of antimicrobial chemotherapy	Molecular characterization of the gene encoding a new AmpC beta-lactamase in Acinetobacter baylyi.
17419185		Unclassified	abstract_only_no_fulltext_candidate	Polish journal of microbiology	Molecular characterization of class 1 integrons in clinical strains of Salmonella typhimurium isolated in Slovakia.
17536925	10.1089/ten.2006.0266	SAGE	abstract_only_with_pdf_candidate	Tissue engineering	Autologous tenocyte therapy using porcine-derived bioscaffolds for massive rotator cuff defect in rabbits.
17559406	10.1111/j.1574-6968.2007.00791.x	Wiley	abstract_only_with_pdf_candidate	FEMS microbiology letters	Evidence for convergent evolution of CTX-M-14 ESBL in Escherichia coli and its prevalence.
17561500	10.1093/jac/dkm204	OUP	abstract_only_with_pdf_candidate	The Journal of antimicrobial chemotherapy	Multiplex PCR for detection of plasmid-mediated quinolone resistance qnr genes in ESBL-producing enterobacterial isolates.
17567049	10.1021/bi700625p	ACS	abstract_only_with_pdf_candidate	Biochemistry	Structure and mechanism of the genomically encoded fosfomycin resistance protein, FosX, from Listeria monocytogenes.
17650961	10.1089/mdr.2007.712	SAGE	abstract_only_with_pdf_candidate	Microbial drug resistance (Larchmont, N.Y.)	Prevalence and characterization of extended-spectrum cephalosporin-resistant nontyphoidal Salmonella isolates in adults in Saint Petersburg, Russia (2002-2005).
17804424	10.1093/jac/dkm319	OUP	abstract_only_with_pdf_candidate	The Journal of antimicrobial chemotherapy	Incidence of class A extended-spectrum beta-lactamases in Champagne-Ardenne (France): a 1 year prospective study.
17827139	10.1093/jac/dkm336	OUP	abstract_only_with_pdf_candidate	The Journal of antimicrobial chemotherapy	Detailed structure of integrons and transposons carried by large conjugative plasmids responsible for multidrug resistance in diverse genomic types of Salmonella enterica serovar Brandenburg.
17881631	10.1093/jac/dkm366	OUP	abstract_only_with_pdf_candidate	The Journal of antimicrobial chemotherapy	Panresistant extended-spectrum beta-lactamase SHV-5-producing Acinetobacter baumannii from New York City.
17881870		Unclassified	abstract_only_no_fulltext_candidate	Japanese journal of infectious diseases	Characterization of CTX-M-22 and TEM-141 Encoded by a single plasmid from a clinical isolate of Enterobacter cloacae in China.
17890420	10.1128/AAC.00633-07	ASM	abstract_only_with_pdf_candidate	Antimicrobial agents and chemotherapy	Exact location of the region responsible for the extended substrate spectrum in class C beta-lactamases.
17913715	10.1093/jac/dkm340	OUP	abstract_only_with_pdf_candidate	The Journal of antimicrobial chemotherapy	Prevalence and characterization of integrons from bacteria isolated from a slaughterhouse wastewater treatment plant.
17913717	10.1093/jac/dkm381	OUP	abstract_only_with_pdf_candidate	The Journal of antimicrobial chemotherapy	High diversity of extended-spectrum beta-lactamases among clinical isolates of Enterobacteriaceae from Portugal.
18025117	10.1128/AAC.01399-07	ASM	abstract_only_with_pdf_candidate	Antimicrobial agents and chemotherapy	RmtC 16S rRNA methyltransferase in Australia.
18029415	10.1093/jac/dkm448	OUP	abstract_only_with_pdf_candidate	The Journal of antimicrobial chemotherapy	Prevalence of qnr genes among extended-spectrum beta-lactamase-producing enterobacterial isolates in Barcelona, Spain.
18031331	10.1111/j.1574-6968.2007.00935.x	Wiley	abstract_only_with_pdf_candidate	FEMS microbiology letters	Antibiotic resistance and resistance mechanisms in Campylobacter jejuni and Campylobacter coli.
18065410	10.1093/jac/dkm472	OUP	abstract_only_with_pdf_candidate	The Journal of antimicrobial chemotherapy	Plasmid-mediated AmpC beta-lactamases in Enterobacteriaceae lacking inducible chromosomal ampC genes: prevalence at a Swiss university hospital and occurrence of the different molecular types in Switzerland.
18086833	10.1128/AAC.01042-07	ASM	abstract_only_with_pdf_candidate	Antimicrobial agents and chemotherapy	Novel variant of the qnrB gene, qnrB12, in Citrobacter werkmanii.
18195064	10.1128/AAC.01320-07	ASM	abstract_only_with_pdf_candidate	Antimicrobial agents and chemotherapy	Escherichia coli isolate coproducing 16S rRNA Methylase and CTX-M-type extended-spectrum beta-lactamase isolated from an outpatient in the United States.
18227084	10.1093/jac/dkn023	OUP	abstract_only_with_pdf_candidate	The Journal of antimicrobial chemotherapy	Comment on: extension of the hydrolysis spectrum of AmpC beta-lactamase of Escherichia coli due to amino acid insertion in the H-10 helix.
18245789	10.1093/jac/dkm523	OUP	abstract_only_with_pdf_candidate	The Journal of antimicrobial chemotherapy	Characterization of extended-spectrum beta-lactamase-producing isolates of Haemophilus parainfluenzae.
18292096	10.1093/jac/dkn056	OUP	abstract_only_with_pdf_candidate	The Journal of antimicrobial chemotherapy	Increase in beta-lactam-resistant Proteus mirabilis strains due to CTX-M- and CMY-type as well as new VEB- and inhibitor-resistant TEM-type beta-lactamases.
18341294	10.1021/bi7015266	ACS	abstract_only_with_pdf_candidate	Biochemistry	Crystal structure and mechanism of the Staphylococcus cohnii virginiamycin B lyase (Vgb).
18362195	10.1128/AAC.00299-08	ASM	abstract_only_with_pdf_candidate	Antimicrobial agents and chemotherapy	IMP-15-producing Pseudomonas aeruginosa strain isolated in a U.S. medical center: a recent arrival from Mexico.
18413319	10.1093/jac/dkn166	OUP	abstract_only_with_pdf_candidate	The Journal of antimicrobial chemotherapy	Complete sequence of the floR-carrying multiresistance plasmid pAB5S9 from freshwater Aeromonas bestiarum.
18426894	10.1128/AAC.00147-08	ASM	abstract_only_with_pdf_candidate	Antimicrobial agents and chemotherapy	qnr Gene nomenclature.
18476779	10.1089/mdr.2008.0803	SAGE	abstract_only_with_pdf_candidate	Microbial drug resistance (Larchmont, N.Y.)	Characterization of antimicrobial resistance and class 1 integrons in Enterobacteriaceae isolated from Mediterranean herring gulls (Larus cachinnans).
18487232	10.1093/jac/dkn182	OUP	abstract_only_with_pdf_candidate	The Journal of antimicrobial chemotherapy	Dissemination of the CTX-M-25 family beta-lactamases among Klebsiella pneumoniae, Escherichia coli and Enterobacter cloacae and identification of the novel enzyme CTX-M-41 in Proteus mirabilis in Israel.
18500921	10.1089/mdr.2008.0821	SAGE	abstract_only_with_pdf_candidate	Microbial drug resistance (Larchmont, N.Y.)	Prevalence of quinolone resistance mechanisms and associations to minimum inhibitory concentrations in quinolone-resistant Escherichia coli isolated from humans and swine in Denmark.
18544599	10.1093/jac/dkn222	OUP	abstract_only_with_pdf_candidate	The Journal of antimicrobial chemotherapy	Nitrofurantoin resistance mechanism and fitness cost in Escherichia coli.
18550679	10.1093/jac/dkn233	OUP	abstract_only_with_pdf_candidate	The Journal of antimicrobial chemotherapy	Analysis and distribution of class 1 and class 2 integrons and associated gene cassettes among Escherichia coli isolates from swine, horses, cats and dogs collected in the BfT-GermVet monitoring study.
18603686	10.4103/0377-4929.41691	Unclassified	abstract_only_with_html_candidate	Indian journal of pathology & microbiology	Sequence analysis of bla CTX-M-28 , an ESBL responsible for third-generation cephalosporin resistance in Enterobacteriaceae, for the first time in India.
18614524	10.1093/jac/dkn280	OUP	abstract_only_with_pdf_candidate	The Journal of antimicrobial chemotherapy	Analysis of tetracycline resistance tet(W) genes and their flanking sequences in intestinal Bifidobacterium species.
18653970		Unclassified	abstract_only_no_fulltext_candidate	Japanese journal of infectious diseases	Molecular characterization of extended-spectrum beta-lactamases produced by clinical isolates of Enterobacter cloacae from a Teaching Hospital in China.
18765689	10.1128/AAC.01121-08	ASM	abstract_only_with_pdf_candidate	Antimicrobial agents and chemotherapy	Carbapenem-resistant Acinetobacter baumannii isolates expressing the blaOXA-23 gene associated with ISAba4 in Belgium.
18772941	10.1139/w08-059	Unclassified	abstract_only_with_pdf_candidate	Canadian journal of microbiology	Prevalence of rectal carriage of extended-spectrum beta-lactamase-producing Escherichia coli among elderly people in community settings in China.
18812424	10.1093/jac/dkn397	OUP	abstract_only_with_pdf_candidate	The Journal of antimicrobial chemotherapy	Complete nucleotide sequence of pKP96, a 67 850 bp multiresistance plasmid encoding qnrA1, aac(6')-Ib-cr and blaCTX-M-24 from Klebsiella pneumoniae.
18819973	10.1093/jac/dkn400	OUP	abstract_only_with_pdf_candidate	The Journal of antimicrobial chemotherapy	Detection of Pseudomonas aeruginosa isolates producing VEB-type extended-spectrum beta-lactamases in the United Kingdom.
18843996		Unclassified	abstract_only_no_fulltext_candidate	Zhonghua liu xing bing xue za zhi = Zhonghua liuxingbingxue zazhi	[Analysis on 168 rRNA methylase genes and aminoglycoside modifying enzymes genes in Enterobacter cloacae in China].
18952616	10.1093/jac/dkn432	OUP	abstract_only_with_pdf_candidate	The Journal of antimicrobial chemotherapy	Unusual resistance patterns in macrolide-resistant Streptococcus pyogenes harbouring erm(A).
18957398	10.1093/jac/dkn434	OUP	abstract_only_with_pdf_candidate	The Journal of antimicrobial chemotherapy	Emergence and widespread dissemination of OXA-23, -24/40 and -58 carbapenemases among Acinetobacter spp. in Asia-Pacific nations: report from the SENTRY Surveillance Program.
18971216	10.1093/jac/dkn445	OUP	abstract_only_with_pdf_candidate	The Journal of antimicrobial chemotherapy	Escherichia coli of animal origin in Norway contains a blaTEM-20-carrying plasmid closely related to blaTEM-20 and blaTEM-52 plasmids from other European countries.
18984647	10.1093/jac/dkn452	OUP	abstract_only_with_pdf_candidate	The Journal of antimicrobial chemotherapy	Characterization of Salmonella enterica isolates from infants and toddlers in Wuhan, China.
19008256	10.1093/jac/dkn474	OUP	abstract_only_with_pdf_candidate	The Journal of antimicrobial chemotherapy	dfrA27, a new integron-associated trimethoprim resistance gene from Escherichia coli.
19015330	10.1128/AAC.00999-08	ASM	abstract_only_with_pdf_candidate	Antimicrobial agents and chemotherapy	Codetection of blaOXA-23-like gene (blaOXA-133) and blaOXA-58 in Acinetobacter radioresistens: report from the SENTRY antimicrobial surveillance program.
19049645	10.1111/j.1574-695X.2008.00483.x	Wiley	abstract_only_with_pdf_candidate	FEMS immunology and medical microbiology	Identification of PER-1 extended-spectrum beta-lactamase producing Pseudomonas aeruginosa clinical isolates of the international clonal complex CC11 from Hungary and Serbia.
19055690	10.1111/j.1462-2920.2008.01819.x	Wiley	abstract_only_with_pdf_candidate	Environmental microbiology	Spreading antibiotic resistance through spread manure: characteristics of a novel plasmid type with low %G+C content.
19056747	10.1093/jac/dkn492	OUP	abstract_only_with_pdf_candidate	The Journal of antimicrobial chemotherapy	Detection of qnr genes in Salmonella isolated from humans in Denmark.
19095681	10.1093/jac/dkn512	OUP	abstract_only_with_pdf_candidate	The Journal of antimicrobial chemotherapy	Emergence and persistence of integron structures harbouring VIM genes in the Children's Memorial Health Institute, Warsaw, Poland, 1998-2006.
19121669	10.1016/S0035-9203(08)70025-7	OUP	abstract_only_with_pdf_candidate	Transactions of the Royal Society of Tropical Medicine and Hygiene	High-level resistance to fluoroquinolones and cephalosporins in Burkholderia pseudomallei and closely related species.
19131424	10.1093/jac/dkn523	OUP	abstract_only_with_pdf_candidate	The Journal of antimicrobial chemotherapy	Characterization of a novel macrolide efflux gene, mef(B), found linked to sul3 in porcine Escherichia coli.
19146537	10.1111/j.1472-765X.2008.02438.x	Wiley	abstract_only_with_pdf_candidate	Letters in applied microbiology	Modified nitrocefin-EDTA method to differentially quantify the induced L1 and L2 beta-lactamases in Stenotrophomonas maltophilia.
19172061		Unclassified	abstract_only_no_fulltext_candidate	Indian journal of medical microbiology	SHV-28, an extended-spectrum beta-lactamase produced by a clinical isolate of Klebsiella pneumoniae in south India.
19201742		Unclassified	abstract_only_no_fulltext_candidate	Annals of clinical and laboratory science	Accumulation of plasmid-mediated fluoroquinolone resistance genes, qepA and qnrS1, in Enterobacter aerogenes co-producing RmtB and class A beta-lactamase LAP-1.
19216682	10.1089/mdr.2009.0856	SAGE	abstract_only_with_pdf_candidate	Microbial drug resistance (Larchmont, N.Y.)	Genetic diversity of the low-level vancomycin resistance gene vanC-2/vanC-3 and identification of a novel vanC subtype (vanC-4) in Enterococcus casseliflavus.
19223304	10.1093/jac/dkp032	OUP	abstract_only_with_pdf_candidate	The Journal of antimicrobial chemotherapy	Molecular epidemiology of carbapenem-resistant Acinetobacter baumannii strains in intensive care units of multiple Mediterranean hospitals.
19243438	10.1111/j.1574-6941.2009.00655.x	Wiley	abstract_only_with_pdf_candidate	FEMS microbiology ecology	Occurrence of antibiotic resistance and class 1, 2 and 3 integrons in Escherichia coli isolated from a densely populated estuary (Seine, France).
19270313	10.1093/jac/dkp061	OUP	abstract_only_with_pdf_candidate	The Journal of antimicrobial chemotherapy	Identification of bla(IMP-22) in Pseudomonas spp. in urban wastewater and nosocomial environments: biochemical characterization of a new IMP metallo-enzyme variant and its genetic location.
19297379	10.1093/jac/dkp068	OUP	abstract_only_with_pdf_candidate	The Journal of antimicrobial chemotherapy	Novel CTX-M {beta}-lactamase genotype distribution and spread into multiple species of Enterobacteriaceae in Changsha, Southern China.
19388830	10.1089/fpd.2008.0204	SAGE	abstract_only_with_pdf_candidate	Foodborne pathogens and disease	Molecular characterization of tetracycline-resistant genes and integrons from avirulent strains of Escherichia coli isolated from catfish.
19414570	10.1128/AAC.01586-08	ASM	abstract_only_with_pdf_candidate	Antimicrobial agents and chemotherapy	CMY-29 and CMY-30, two novel plasmid-mediated AmpC beta-lactamases.
19459951	10.1111/j.1574-6968.2009.01646.x	Wiley	abstract_only_with_pdf_candidate	FEMS microbiology letters	Evidence for dynamic exchange of qac gene cassettes between class 1 integrons and other integrons in freshwater biofilms.
19459958	10.1111/j.1574-6968.2009.01633.x	Wiley	abstract_only_with_pdf_candidate	FEMS microbiology letters	A chromosomal chloramphenicol acetyltransferase determinant from a probiotic strain of Bacillus clausii.
19538087	10.1086/600301	OUP	abstract_only_with_pdf_candidate	Clinical infectious diseases : an official publication of the Infectious Diseases Society of America	Global spread of mobile antimicrobial drug resistance determinants in human and animal Escherichia coli and Salmonella strains causing community-acquired infections.
19567349	10.1179/joc.2009.21.3.290	Unclassified	abstract_only_with_pdf_candidate	Journal of chemotherapy (Florence, Italy)	Acinetobacter baumannii: emergence of four strains with novel bla(OXA-51-like) genes in patients with diabetes mellitus.
19663916	10.1111/j.1574-6968.2009.01720.x	Wiley	abstract_only_with_pdf_candidate	FEMS microbiology letters	A single amino acid substitution in PmrB is associated with polymyxin B resistance in clinical isolate of Pseudomonas aeruginosa.
19687235	10.1128/AAC.00547-09	ASM	abstract_only_with_pdf_candidate	Antimicrobial agents and chemotherapy	TEM-168, a heretofore laboratory-derived TEM beta-lactamase variant found in an Escherichia coli clinical isolate.
19704128	10.1128/AAC.00540-09	ASM	abstract_only_with_pdf_candidate	Antimicrobial agents and chemotherapy	Presence of dfr6 gene cassette in superintegron of non-O1/non-O139 strain of Vibrio cholerae.
19719593	10.1016/S0168-6496(03)00164-8	OUP	abstract_only_with_pdf_candidate	FEMS microbiology ecology	Occurrence of integron-associated resistance gene cassettes located on antibiotic resistance plasmids isolated from a wastewater treatment plant.
19728777	10.1089/mdr.2009.0900	SAGE	abstract_only_with_pdf_candidate	Microbial drug resistance (Larchmont, N.Y.)	Characterization of a novel extended-spectrum TEM-type beta-lactamase, TEM-164, in a clinical strain of Klebsiella pneumoniae in Tunisia.
19785534	10.1089/fpd.2009.0382	SAGE	abstract_only_with_pdf_candidate	Foodborne pathogens and disease	Characterization of the first extended-spectrum beta-lactamase-producing nontyphoidal Salmonella strains isolated in Tehran, Iran.
19933042	10.1179/joc.2009.21.5.514	Unclassified	abstract_only_with_pdf_candidate	Journal of chemotherapy (Florence, Italy)	First identification of blaOXA-51-like in non-baumannii Acinetobacter spp.
20008045	10.1093/jac/dkp438	OUP	abstract_only_with_pdf_candidate	The Journal of antimicrobial chemotherapy	Detection of a new extended-spectrum oxacillinase in Pseudomonas aeruginosa.
20236427	10.1111/j.1348-0421.2010.00197.x	Wiley	abstract_only_with_pdf_candidate	Microbiology and immunology	Prevalence of integrons and a new dfrA17 variant in Gram-negative bacilli which cause community-acquired infections.
20305272	10.1093/jb/mvq029	OUP	abstract_only_with_pdf_candidate	Journal of biochemistry	Structure of metallo-beta-lactamase IND-7 from a Chryseobacterium indologenes clinical isolate at 1.65-A resolution.
20382725	10.1093/jac/dkq115	OUP	abstract_only_with_pdf_candidate	The Journal of antimicrobial chemotherapy	A tripeptide deletion in the R2 loop of the class C beta-lactamase enzyme FOX-4 impairs cefoxitin hydrolysis and slightly increases susceptibility to beta-lactamase inhibitors.
20387903	10.1021/bi100155j	ACS	abstract_only_with_pdf_candidate	Biochemistry	Thermodynamics and kinetics of association of antibiotics with the aminoglycoside acetyltransferase (3)-IIIb, a resistance-causing enzyme.
20421403	10.1128/AAC.01615-09	ASM	abstract_only_with_pdf_candidate	Antimicrobial agents and chemotherapy	Novel chromosome-encoded CTX-M-78 beta-lactamase from a Kluyvera georgiana clinical isolate as a putative origin of CTX-M-25 subgroup.
20421404	10.1128/AAC.01339-09	ASM	abstract_only_with_pdf_candidate	Antimicrobial agents and chemotherapy	Novel variants of the qnrB gene, qnrB22 and qnrB23, in Citrobacter werkmanii and Citrobacter freundii.
20511367	10.1093/jac/dkq187	OUP	abstract_only_with_pdf_candidate	The Journal of antimicrobial chemotherapy	Reduced susceptibility to ceftriaxone in Neisseria gonorrhoeae is associated with mutations G542S, P551S and P551L in the gonococcal penicillin-binding protein 2.
20511369	10.1093/jac/dkq178	OUP	abstract_only_with_pdf_candidate	The Journal of antimicrobial chemotherapy	RAHN-2, a chromosomal extended-spectrum class A beta-lactamase from Rahnella aquatilis.
20519356	10.1093/jac/dkq192	OUP	abstract_only_with_pdf_candidate	The Journal of antimicrobial chemotherapy	Tn1546 structures and multilocus sequence typing of vanA-containing enterococci of animal, human and food origin.
20566419	10.1179/joc.2010.22.3.160	Unclassified	abstract_only_with_pdf_candidate	Journal of chemotherapy (Florence, Italy)	Identification of SHV-type and CTX-M-12 extended-spectrum beta-lactamases (ESBLs) in multiresistant Enterobacteriaceae from Colombian Caribbean hospitals.
20573661	10.1093/jac/dkq195	OUP	abstract_only_with_pdf_candidate	The Journal of antimicrobial chemotherapy	Molecular and functional characterization of a novel efflux pump, AmvA, mediating antimicrobial and disinfectant resistance in Acinetobacter baumannii.
20667885	10.1093/jac/dkq278	OUP	abstract_only_with_pdf_candidate	The Journal of antimicrobial chemotherapy	Activity of a novel aminoglycoside, ACHN-490, against clinical isolates of Escherichia coli and Klebsiella pneumoniae from New York City.
20735174	10.1089/mdr.2010.0016	SAGE	abstract_only_with_pdf_candidate	Microbial drug resistance (Larchmont, N.Y.)	Metallo-β-lactamase expression confers an advantage to Pseudomonas aeruginosa isolates compared with other β-lactam resistance mechanisms, favoring the prevalence of metallo-β-lactamase producers in a clinical environment.
20876620	10.1093/jac/dkq365	OUP	abstract_only_with_pdf_candidate	The Journal of antimicrobial chemotherapy	Small plasmids carrying vga(A) or vga(C) genes mediate resistance to lincosamides, pleuromutilins and streptogramin A antibiotics in methicillin-resistant Staphylococcus aureus ST398 from swine.
20954009	10.1080/03079457.2010.507761	Unclassified	abstract_only_with_pdf_candidate	Avian pathology : journal of the W.V.P.A	Prevalence and molecular characterization of chloramphenicol resistance in Riemerella anatipestifer isolated from ducks and geese in Taiwan.
20961909	10.1093/jac/dkq393	OUP	abstract_only_with_pdf_candidate	The Journal of antimicrobial chemotherapy	Comment on: role of changes in the L3 loop of the active site in the evolution of enzymatic activity of VIM-type metallo-β-lactamases.
21034262	10.1089/fpd.2010.0626	SAGE	abstract_only_with_pdf_candidate	Foodborne pathogens and disease	Epidemiological investigation of Salmonella enterica serovar Kedougou in Thailand.
21117966	10.1089/mdr.2010.0062	SAGE	abstract_only_with_pdf_candidate	Microbial drug resistance (Larchmont, N.Y.)	Local dissemination of multidrug-resistant Acinetobacter baumannii clones in a Thai hospital.
21183688	10.1128/AAC.00998-10	ASM	abstract_only_with_pdf_candidate	Antimicrobial agents and chemotherapy	Spread of the qnrVC quinolone resistance determinant in Vibrio cholerae.
21235404	10.1089/fpd.2010.0737	SAGE	abstract_only_with_pdf_candidate	Foodborne pathogens and disease	First report of plasmid-mediated quinolone resistance qnrA1 gene in Klebsiella pneumoniae isolate of animal origin.
21388298	10.1089/mdr.2010.0137	SAGE	abstract_only_with_pdf_candidate	Microbial drug resistance (Larchmont, N.Y.)	CMY-42, a novel plasmid-mediated CMY-2 variant AmpC beta-lactamase.
21392044	10.1111/j.1472-765X.2011.03016.x	Wiley	abstract_only_with_pdf_candidate	Letters in applied microbiology	Identification of a novel fosfomycin resistance gene (fosA2) in Enterobacter cloacae from the Salmon River, Canada.
21393132	10.1093/jac/dkq529	OUP	abstract_only_with_pdf_candidate	The Journal of antimicrobial chemotherapy	Distribution of the blaTEM gene and blaTEM-containing transposons in commensal Escherichia coli.
21393175	10.1093/jac/dkq521	OUP	abstract_only_with_pdf_candidate	The Journal of antimicrobial chemotherapy	Species identification and molecular characterization of Acinetobacter spp. blood culture isolates from Norway.
21406433	10.1093/jac/dkr092	OUP	abstract_only_with_pdf_candidate	The Journal of antimicrobial chemotherapy	Plasmid comparison and molecular analysis of Klebsiella pneumoniae harbouring bla(KPC) from New York City and Toronto.
21427107	10.1093/jac/dkr135	OUP	abstract_only_with_pdf_candidate	The Journal of antimicrobial chemotherapy	NDM-2 carbapenemase in Acinetobacter baumannii from Egypt.
21539624	10.1111/j.1574-695X.2011.00811.x	Wiley	abstract_only_with_pdf_candidate	FEMS immunology and medical microbiology	Identification of a haemolysin-like peptide with antibacterial activity using the draft genome sequence of Staphylococcus epidermidis strain A487.
21627486	10.1139/w11-029	Unclassified	abstract_only_with_pdf_candidate	Canadian journal of microbiology	Class 1 and class 2 integrons in multidrug-resistant gram-negative bacteria isolated from the Salmon River, British Columbia.
21665906	10.1093/jac/dkr187	OUP	abstract_only_with_pdf_candidate	The Journal of antimicrobial chemotherapy	Ceftazidime-hydrolysing β-lactamase OXA-145 with impaired hydrolysis of penicillins in Pseudomonas aeruginosa.
21707466	10.3109/1040841X.2011.559944	Unclassified	abstract_only_with_pdf_candidate	Critical reviews in microbiology	IMP-type metallo-β-lactamases in Gram-negative bacilli: distribution, phylogeny, and association with integrons.
21812718	10.1080/03079457.2011.588197	Unclassified	abstract_only_with_pdf_candidate	Avian pathology : journal of the W.V.P.A	Antimicrobial susceptibility of Brachyspira spp. isolated from commercial laying hens and free-living wild mallards (Anas platyrhynchos).
21830908	10.1089/mdr.2011.0040	SAGE	abstract_only_with_pdf_candidate	Microbial drug resistance (Larchmont, N.Y.)	Fecal colonization of Enterobacteriaceae carrying plasmid-mediated quinolone resistance determinants in Korea.
21859815	10.1093/jac/dkr341	OUP	abstract_only_with_pdf_candidate	The Journal of antimicrobial chemotherapy	Wide dissemination of multidrug-resistant Shigella isolates in China.
21862476	10.1093/jac/dkr336	OUP	abstract_only_with_pdf_candidate	The Journal of antimicrobial chemotherapy	Interspecies dissemination of a novel class 1 integron carrying blaIMP-19 among Acinetobacter species in Japan.
21930573	10.1093/jac/dkr376	OUP	abstract_only_with_pdf_candidate	The Journal of antimicrobial chemotherapy	Transmission of imipenem resistance determinants during the course of an outbreak of NDM-1 Escherichia coli in a sick newborn care unit.
21996946	10.1159/000330858	Unclassified	abstract_only_with_pdf_candidate	Chemotherapy	Topoisomerase mutations that are associated with high-level resistance to earlier fluoroquinolones in Staphylococcus aureus have less effect on the antibacterial activity of besifloxacin.
22001175	10.1093/jac/dkr406	OUP	abstract_only_with_pdf_candidate	The Journal of antimicrobial chemotherapy	ICEPmu1, an integrative conjugative element (ICE) of Pasteurella multocida: analysis of the regions that comprise 12 antimicrobial resistance genes.
22096043	10.1093/jac/dkr481	OUP	abstract_only_with_pdf_candidate	The Journal of antimicrobial chemotherapy	A novel phenicol exporter gene, fexB, found in enterococci of animal origin.
22143810		Unclassified	abstract_only_no_fulltext_candidate	The new microbiologica	First detection of OKP-A β-lactamase in two Serratia marcescens isolates in China.
22146011	10.1021/bi201322c	ACS	abstract_only_with_pdf_candidate	Biochemistry	Location of the synaptosome-binding regions on botulinum neurotoxin B.
22247491	10.1093/jac/dkr579	OUP	abstract_only_with_pdf_candidate	The Journal of antimicrobial chemotherapy	Emergence of metallo-β-lactamases GIM-1 and VIM in multidrug-resistant Pseudomonas aeruginosa in North Rhine-Westphalia, Germany.
22268495	10.1111/j.1472-765X.2012.03209.x	Wiley	abstract_only_with_pdf_candidate	Letters in applied microbiology	Comparative analysis of virulence factors secreted by Bacillus anthracis Sterne at host body temperature.
22303981	10.1021/bi201790u	ACS	abstract_only_with_pdf_candidate	Biochemistry	Mechanism and diversity of the erythromycin esterase family of enzymes.
22452315	10.1111/j.1462-5822.2012.01791.x	Wiley	abstract_only_with_pdf_candidate	Cellular microbiology	Bacillus anthracis protease InhA regulates BslA-mediated adhesion in human endothelial cells.
22486636	10.1111/j.1574-6941.2012.01382.x	Wiley	abstract_only_with_pdf_candidate	FEMS microbiology ecology	Antibiotic-resistant Escherichia coli in karstic systems: a biological indicator of the origin of fecal contamination?
22526300	10.1128/AAC.05980-11	ASM	abstract_only_with_pdf_candidate	Antimicrobial agents and chemotherapy	A plasmid-encoded class 1 integron contains GES-type extended-spectrum β-lactamases in Enterobacteriaceae clinical isolates in Mexico.
22537112	10.1111/j.1574-6968.2012.02586.x	Wiley	abstract_only_with_pdf_candidate	FEMS microbiology letters	Predominant characteristics of CTX-M-producing Klebsiella pneumoniae isolates from patients with lower respiratory tract infection in multiple medical centers in China.
22718530	10.1093/jac/dks235	OUP	abstract_only_with_pdf_candidate	The Journal of antimicrobial chemotherapy	Unusual small plasmids carrying the novel resistance genes dfrK or apmA isolated from methicillin-resistant or -susceptible staphylococci.
22731858	10.1089/mdr.2012.0075	SAGE	abstract_only_with_pdf_candidate	Microbial drug resistance (Larchmont, N.Y.)	Plasmid-mediated quinolone resistance genes in fecal bacteria from rooks commonly wintering throughout Europe.
22736746	10.1093/jac/dks223	OUP	abstract_only_with_pdf_candidate	The Journal of antimicrobial chemotherapy	Detection of OXA-231, a new variant of blaOXA-143, in Acinetobacter baumannii from Brazil: a case report.
22809702	10.1093/jac/dks250	OUP	abstract_only_with_pdf_candidate	The Journal of antimicrobial chemotherapy	Prevalence and characteristics of β-lactamase and plasmid-mediated quinolone resistance genes in Escherichia coli isolated from farmed fish in China.
22842601		Unclassified	abstract_only_no_fulltext_candidate	The new microbiologica	Distribution of blaOXA genes among carbapenem-resistant Acinetobacter baumannii nosocomial strains in Poland.
22843833	10.1093/jac/dks278	OUP	abstract_only_with_pdf_candidate	The Journal of antimicrobial chemotherapy	Emergence and spread of B2-ST131-O25b, B2-ST131-O16 and D-ST405 clonal groups among extended-spectrum-β-lactamase-producing Escherichia coli in Japan.
22845331	10.3109/14756366.2012.702343	Unclassified	abstract_only_with_pdf_candidate	Journal of enzyme inhibition and medicinal chemistry	OXA-162, a novel variant of OXA-48 displays extended hydrolytic activity towards imipenem, meropenem and doripenem.
22845886	10.1111/j.1574-6968.2012.02647.x	Wiley	abstract_only_with_pdf_candidate	FEMS microbiology letters	Functional screening of antibiotic resistance genes from human gut microbiota reveals a novel gene fusion.
22850691	10.1093/jac/dks292	OUP	abstract_only_with_pdf_candidate	The Journal of antimicrobial chemotherapy	High-resolution melting analysis for rapid characterization of qnr alleles in clinical isolates and detection of two novel alleles, qnrB25 and qnrB42.
22850693	10.1093/jac/dks289	OUP	abstract_only_with_pdf_candidate	The Journal of antimicrobial chemotherapy	Diversity of naturally occurring Ambler class B metallo-β-lactamases in Erythrobacter spp.
22871227	10.1089/fpd.2012.1159	SAGE	abstract_only_with_pdf_candidate	Foodborne pathogens and disease	Characterization of extended-spectrum beta-lactamase-producing Salmonella enterica serotype Brunei and Heidelberg at the Hussein Dey hospital in Algiers (Algeria).
22888274	10.1093/jac/dks317	OUP	abstract_only_with_pdf_candidate	The Journal of antimicrobial chemotherapy	Evolution of a multiple antibiotic resistance region in IncHI1 plasmids: reshaping resistance regions in situ.
22899804	10.1093/jac/dks320	OUP	abstract_only_with_pdf_candidate	The Journal of antimicrobial chemotherapy	Genetic environment and location of the lnu(A) and lnu(B) genes in methicillin-resistant Staphylococcus aureus and other staphylococci of animal and human origin.
22972816	10.1128/JCM.02271-12	ASM	abstract_only_with_pdf_candidate	Journal of clinical microbiology	Molecular analysis of Acinetobacter baumannii isolates from invasive infections in 2009 in Poland.
23034714	10.1093/jac/dks383	OUP	abstract_only_with_pdf_candidate	The Journal of antimicrobial chemotherapy	Emergence of OXA-48-producing Klebsiella pneumoniae and the novel carbapenemases OXA-244 and OXA-245 in Spain.
23071100	10.1093/molbev/mss236	OUP	abstract_only_with_pdf_candidate	Molecular biology and evolution	The rhizome of the multidrug-resistant Enterobacter aerogenes genome reveals how new "killer bugs" are created because of a sympatric lifestyle.
23090395	10.1107/S090744491203466X	Unclassified	abstract_only_with_pdf_candidate	Acta crystallographica. Section D, Biological crystallography	Structural insights into the broadened substrate profile of the extended-spectrum β-lactamase OXY-1-1 from Klebsiella oxytoca.
23114767	10.1128/AAC.01086-12	ASM	abstract_only_with_pdf_candidate	Antimicrobial agents and chemotherapy	Comparative genomics of IncL/M-type plasmids: evolution by acquisition of resistance genes and insertion sequences.
23221628	10.1093/jac/dks491	OUP	abstract_only_with_pdf_candidate	The Journal of antimicrobial chemotherapy	The major facilitator superfamily transporter MdtM contributes to the intrinsic resistance of Escherichia coli to quaternary ammonium compounds.
23302581	10.1093/jac/dks520	OUP	abstract_only_with_pdf_candidate	The Journal of antimicrobial chemotherapy	Detection of clonally related Escherichia coli isolates producing different CMY β-lactamases from a cystic fibrosis patient.
23330550	10.1089/mdr.2012.0063	SAGE	abstract_only_with_pdf_candidate	Microbial drug resistance (Larchmont, N.Y.)	Treatment options for New Delhi metallo-beta-lactamase-harboring enterobacteriaceae.
23335113	10.1093/jac/dks525	OUP	abstract_only_with_pdf_candidate	The Journal of antimicrobial chemotherapy	Novel mechanisms of resistance to β-lactam antibiotics in Haemophilus parainfluenzae: β-lactamase-negative ampicillin resistance and inhibitor-resistant TEM β-lactamases.
23341129	10.1093/jac/dkt004	OUP	abstract_only_with_pdf_candidate	The Journal of antimicrobial chemotherapy	Detection of a phylogenetically distinct IMP-type metallo-β-lactamase, IMP-35, in a CC235 Pseudomonas aeruginosa from the Dutch-German border region (Euregio).
23386262	10.1093/jac/dkt015	OUP	abstract_only_with_pdf_candidate	The Journal of antimicrobial chemotherapy	Detection and new genetic environment of the pleuromutilin-lincosamide-streptogramin A resistance gene lsa(E) in methicillin-resistant Staphylococcus aureus of swine origin.
23390208	10.1093/jac/dkt031	OUP	abstract_only_with_pdf_candidate	The Journal of antimicrobial chemotherapy	Detection of tripoli metallo-β-lactamase 2 (TMB-2), a variant of blaTMB-1, in clinical isolates of Acinetobacter spp. in Japan.
23442208	10.1089/mdr.2012.0176	SAGE	abstract_only_with_pdf_candidate	Microbial drug resistance (Larchmont, N.Y.)	Characterization of Enterococcus faecium with macrolide resistance and reduced susceptibility to quinupristin/dalfopristin in a Japanese hospital: detection of extensive diversity in erm(B)-regulator regions.
23557929	10.1093/jac/dkt088	OUP	abstract_only_with_pdf_candidate	The Journal of antimicrobial chemotherapy	Detection of NDM-7 in Germany, a new variant of the New Delhi metallo-β-lactamase with increased carbapenemase activity.
23587779	10.1093/jac/dkt027	OUP	abstract_only_with_pdf_candidate	The Journal of antimicrobial chemotherapy	Molecular epidemiology of extended-spectrum β-lactamase-, AmpC β-lactamase- and carbapenemase-producing Escherichia coli and Klebsiella pneumoniae isolated from Canadian hospitals over a 5 year period: CANWARD 2007-11.
23595824	10.1093/jac/dkt127	OUP	abstract_only_with_pdf_candidate	The Journal of antimicrobial chemotherapy	Identification of Tet45, a tetracycline efflux pump, from a poultry-litter-exposed soil isolate and persistence of tet(45) in the soil.
23648253		Unclassified	abstract_only_no_fulltext_candidate	Zhonghua liu xing bing xue za zhi = Zhonghua liuxingbingxue zazhi	[Emergence of novel variants of gyrA, parC, qnrS genes in multi-drug resistant Klebsiella caused pneumonia].
23794602	10.1093/jac/dkt250	OUP	abstract_only_with_pdf_candidate	The Journal of antimicrobial chemotherapy	Characterization of a major facilitator superfamily (MFS) tripartite efflux pump EmrCABsm from Stenotrophomonas maltophilia.
23800906	10.1093/jac/dkt235	OUP	abstract_only_with_pdf_candidate	The Journal of antimicrobial chemotherapy	Reversion to susceptibility of a carbapenem-resistant clinical isolate of Klebsiella pneumoniae producing KPC-3.
23812239	10.1093/infdis/jit293	OUP	abstract_only_with_pdf_candidate	The Journal of infectious diseases	Emergence of colistin-resistance in extremely drug-resistant Acinetobacter baumannii containing a novel pmrCAB operon during colistin therapy of wound infections.
23838947	10.1093/jac/dkt275	OUP	abstract_only_with_pdf_candidate	The Journal of antimicrobial chemotherapy	TEM-1 β-lactamase as a source of resistance to sulbactam in clinical strains of Acinetobacter baumannii.
23844849	10.1089/mdr.2012.0210	SAGE	abstract_only_with_pdf_candidate	Microbial drug resistance (Larchmont, N.Y.)	Identification of plasmid-mediated quinolone resistance qnr genes in multidrug-resistant Gram-negative bacteria from hospital wastewaters and receiving waters in the Jinan area, China.
23887866	10.1093/jac/dkt302	OUP	abstract_only_with_pdf_candidate	The Journal of antimicrobial chemotherapy	In vitro selection, via serial passage, of Clostridium difficile mutants with reduced susceptibility to fidaxomicin or vancomycin.
23934739	10.1093/jac/dkt314	OUP	abstract_only_with_pdf_candidate	The Journal of antimicrobial chemotherapy	Detection of VIM-34, a novel VIM-1 variant identified in the intercontinental ST15 Klebsiella pneumoniae clone.
23934740	10.1093/jac/dkt313	OUP	abstract_only_with_pdf_candidate	The Journal of antimicrobial chemotherapy	Insertion sequence IS18 mediates overexpression of blaOXA-257 in a carbapenem-resistant Acinetobacter bereziniae isolate.
23952362	10.1089/mdr.2012.0224	SAGE	abstract_only_with_pdf_candidate	Microbial drug resistance (Larchmont, N.Y.)	Prevalence and characterization of cefotaxime and ciprofloxacin co-resistant Escherichia coli isolates in retail chicken carcasses and Ground Pork, China.
23982021	10.1097/CCM.0b013e318298a541	Unclassified	abstract_only_with_html_candidate	Critical care medicine	Eighteen years of experience with Acinetobacter baumannii in a tertiary care hospital.
23997018	10.1093/jac/dkt315	OUP	abstract_only_with_pdf_candidate	The Journal of antimicrobial chemotherapy	Mutant prevention concentrations of colistin for Acinetobacter baumannii, Pseudomonas aeruginosa and Klebsiella pneumoniae clinical isolates.
24027220	10.1002/jobm.201300264	Wiley	abstract_only_with_pdf_candidate	Journal of basic microbiology	Determination of a novel integron-located variant (blaOXA -320 ) of Class D β-lactamase in Proteus mirabilis.
24041889	10.1128/AAC.02532-12	ASM	abstract_only_with_pdf_candidate	Antimicrobial agents and chemotherapy	IMP-33, a New IMP variant detected in Pseudomonas aeruginosa from Sicily.
24093472	10.1179/1973947813Y.0000000115	Unclassified	abstract_only_with_pdf_candidate	Journal of chemotherapy (Florence, Italy)	ESBL, plasmidic AmpC, and associated quinolone resistance determinants in coliforms isolated from hospital effluent: first report of qnrB2, qnrB9, qnrB19, and blaCMY-4 in Algeria.
24165184	10.1128/AAC.01450-13	ASM	abstract_only_with_pdf_candidate	Antimicrobial agents and chemotherapy	Detection of CMY-99, a novel acquired AmpC-Type β-lactamase, and VIM-1 in Proteus mirabilis isolates in Bulgaria.
24247140	10.1128/AAC.01849-13	ASM	abstract_only_with_pdf_candidate	Antimicrobial agents and chemotherapy	Plasmid-mediated quinolone resistance genes in Enterobacteriaceae from American crows: high prevalence of bacteria with variable qnrB genes.
24267783	10.1111/1574-6968.12340	Wiley	abstract_only_with_pdf_candidate	FEMS microbiology letters	GES-5 among the β-lactamases detected in ubiquitous bacteria isolated from aquatic environment samples.
24288029	10.1093/jac/dkt480	OUP	abstract_only_with_pdf_candidate	The Journal of antimicrobial chemotherapy	Multiplex PCR to detect the genes encoding naturally occurring oxacillinases in Acinetobacter spp.
24343896	10.1093/jac/dkt495	OUP	abstract_only_with_pdf_candidate	The Journal of antimicrobial chemotherapy	Genetic determinants and elements associated with antibiotic resistance in viridans group streptococci.
24356301	10.1093/jac/dkt498	OUP	abstract_only_with_pdf_candidate	The Journal of antimicrobial chemotherapy	A subclass B3 metallo-β-lactamase found in Pseudomonas alcaligenes.
24379302	10.1093/jac/dkt502	OUP	abstract_only_with_pdf_candidate	The Journal of antimicrobial chemotherapy	Presence and genetic environment of pleuromutilin-lincosamide-streptogramin A resistance gene lsa(E) in enterococci of human and swine origin.
24402501	10.1093/jac/dkt510	OUP	abstract_only_with_pdf_candidate	The Journal of antimicrobial chemotherapy	Identification of a novel plasmid-associated spectinomycin adenyltransferase gene spd in methicillin-resistant Staphylococcus aureus ST398 isolated from animal and human sources.
24408987	10.1093/jac/dkt515	OUP	abstract_only_with_pdf_candidate	The Journal of antimicrobial chemotherapy	A single nucleotide in the promoter region modulates the expression of the β-lactamase OXA-61 in Campylobacter jejuni.
24475919	10.1089/mdr.2013.0193	SAGE	abstract_only_with_pdf_candidate	Microbial drug resistance (Larchmont, N.Y.)	Outbreak of an armA methyltransferase-producing ST39 Klebsiella pneumoniae clone in a pediatric Algerian Hospital.
24500191	10.1093/jac/dku011	OUP	abstract_only_with_pdf_candidate	The Journal of antimicrobial chemotherapy	High diversity of plasmids harbouring blaCMY-2 among clinical Escherichia coli isolates from humans and companion animals in the upper Midwestern USA.
24569631	10.1093/jac/dku043	OUP	abstract_only_with_pdf_candidate	The Journal of antimicrobial chemotherapy	Detection of a new mecC allotype, mecC2, in methicillin-resistant Staphylococcus saprophyticus.
24589574		Unclassified	abstract_only_no_fulltext_candidate	Medicina (Kaunas, Lithuania)	CTX-M-producing Escherichia coli in Lithuania: associations between sites of infection, coresistance, and phylogenetic groups.
24603963	10.1093/jac/dku048	OUP	abstract_only_with_pdf_candidate	The Journal of antimicrobial chemotherapy	Epidemiology and carbapenem resistance mechanisms of carbapenem-non-susceptible Pseudomonas aeruginosa collected during 2009-11 in 14 European and Mediterranean countries.
24606061	10.1089/mdr.2013.0180	SAGE	abstract_only_with_pdf_candidate	Microbial drug resistance (Larchmont, N.Y.)	Phenotypic and genotypic characterization of multidrug-resistant Bacteroides, Parabacteroides spp., and Pseudoflavonifractor from a Costa Rican hospital.
24709259	10.1128/AAC.02510-13	ASM	abstract_only_with_pdf_candidate	Antimicrobial agents and chemotherapy	Detection of OXA-370, an OXA-48-related class D β-lactamase, in Enterobacter hormaechei from Brazil.
24777897	10.1093/jac/dku133	OUP	abstract_only_with_pdf_candidate	The Journal of antimicrobial chemotherapy	IMP-45-producing multidrug-resistant Pseudomonas aeruginosa of canine origin.
24777903	10.1093/jac/dku126	OUP	abstract_only_with_pdf_candidate	The Journal of antimicrobial chemotherapy	CTX-M-137, a hybrid of CTX-M-14-like and CTX-M-15-like β-lactamases identified in an Escherichia coli clinical isolate.
24777906	10.1093/jac/dku114	OUP	abstract_only_with_pdf_candidate	The Journal of antimicrobial chemotherapy	Analysis of Staphylococcus aureus clinical isolates with reduced susceptibility to ceftaroline: an epidemiological and structural perspective.
24841262	10.1128/AAC.03131-14	ASM	abstract_only_with_pdf_candidate	Antimicrobial agents and chemotherapy	Novel integron-mediated fosfomycin resistance gene fosK.
24867982	10.1128/AAC.03189-14	ASM	abstract_only_with_pdf_candidate	Antimicrobial agents and chemotherapy	Novel multiple mutations in the topoisomerase gene of Haitian variant Vibrio cholerae O1.
24920651	10.1093/jac/dku206	OUP	abstract_only_with_pdf_candidate	The Journal of antimicrobial chemotherapy	Nucleotide sequences of 16 transmissible plasmids identified in nine multidrug-resistant Escherichia coli isolates expressing an ESBL phenotype isolated from food-producing animals and healthy humans.
24994873	10.1093/jac/dku238	OUP	abstract_only_with_html_candidate	The Journal of antimicrobial chemotherapy	Development of colistin resistance in pmrA-, phoP-, parR- and cprR-inactivated mutants of Pseudomonas aeruginosa.
25150146	10.1093/jac/dku320	OUP	abstract_only_with_pdf_candidate	The Journal of antimicrobial chemotherapy	Polymorphism of genes encoding PmrAB in colistin-resistant strains of Escherichia coli and Salmonella enterica isolated from poultry and swine.
25193085	10.1093/jac/dku340	OUP	abstract_only_with_html_candidate	The Journal of antimicrobial chemotherapy	Differential contribution of AcrAB and OqxAB efflux pumps to multidrug resistance and virulence in Klebsiella pneumoniae.
25241690		Unclassified	abstract_only_no_fulltext_candidate	Japanese journal of infectious diseases	Identification of a novel metallo-β-lactamase VIM-28 located within unusual arrangement of class 1 integron structure in Pseudomonas aeruginosa isolates from Egypt.
25315365	10.1093/jac/dku407	OUP	abstract_only_with_pdf_candidate	The Journal of antimicrobial chemotherapy	The complete sequence of Salmonella genomic island SGI2.
25334088	10.1021/bi500623c	ACS	abstract_only_with_pdf_candidate	Biochemistry	A reaction path study of the catalysis and inhibition of the Bacillus anthracis CapD γ-glutamyl transpeptidase.
25372683	10.1107/S1399004714019543	Unclassified	abstract_only_with_pdf_candidate	Acta crystallographica. Section D, Biological crystallography	Structure of ADC-68, a novel carbapenem-hydrolyzing class C extended-spectrum β-lactamase isolated from Acinetobacter baumannii.
25414200	10.1093/jac/dku450	OUP	abstract_only_with_pdf_candidate	The Journal of antimicrobial chemotherapy	Development and evaluation of a novel universal β-lactamase gene subtyping assay for blaSHV, blaTEM and blaCTX-M using clinical and livestock-associated Escherichia coli.
25441705	10.1111/lam.12366	Wiley	abstract_only_with_pdf_candidate	Letters in applied microbiology	Characterization of fosA5, a new plasmid-mediated fosfomycin resistance gene in Escherichia coli.
25512409	10.1128/AAC.03895-14	ASM	abstract_only_with_pdf_candidate	Antimicrobial agents and chemotherapy	Detection of QnrB54 and its novel genetic context in Citrobacter freundii isolated from a clinical case.
25545311	10.1089/mdr.2014.0205	SAGE	abstract_only_with_pdf_candidate	Microbial drug resistance (Larchmont, N.Y.)	Complete Sequence of Four Multidrug-Resistant MOBQ1 Plasmids Harboring blaGES-5 Isolated from Escherichia coli and Serratia marcescens Persisting in a Hospital in Canada.
25547359	10.1128/AAC.05062-14	ASM	abstract_only_with_pdf_candidate	Antimicrobial agents and chemotherapy	Characterization of a novel metallo-β-lactamase variant, GIM-2, from a clinical isolate of Enterobacter cloacae in Germany.
25576529	10.1093/jac/dku537	OUP	abstract_only_with_pdf_candidate	The Journal of antimicrobial chemotherapy	New plasmid-mediated aminoglycoside 6'-N-acetyltransferase, AAC(6')-Ian, and ESBL, TLA-3, from a Serratia marcescens clinical isolate.
25634992	10.1093/jac/dku568	OUP	abstract_only_with_pdf_candidate	The Journal of antimicrobial chemotherapy	Characterization of Escherichia coli NDM isolates with decreased susceptibility to aztreonam/avibactam: role of a novel insertion in PBP3.
25759034	10.1093/jac/dkv055	OUP	abstract_only_with_pdf_candidate	The Journal of antimicrobial chemotherapy	Survey of metallo-β-lactamase-producing Enterobacteriaceae colonizing patients in European ICUs and rehabilitation units, 2008-11.
25765542	10.1111/lam.12414	Wiley	abstract_only_with_pdf_candidate	Letters in applied microbiology	Novel macrolide-resistance genes, mef(C) and mph(G), carried by plasmids from Vibrio and Photobacterium isolated from sediment and seawater of a coastal aquaculture site.
25835992	10.1093/jac/dkv079	OUP	abstract_only_with_pdf_candidate	The Journal of antimicrobial chemotherapy	Description of IMP-31, a novel metallo-β-lactamase found in an ST235 Pseudomonas aeruginosa strain in Western Germany.
25977397	10.1093/jac/dkv116	OUP	abstract_only_with_pdf_candidate	The Journal of antimicrobial chemotherapy	A novel gene, optrA, that confers transferable resistance to oxazolidinones and phenicols and its presence in Enterococcus faecalis and Enterococcus faecium of human and animal origin.
26125919	10.4238/2015.June.29.2	Unclassified	abstract_only_with_pdf_candidate	Genetics and molecular research : GMR	A novel variant of the β-lactamase ADC-61 gene in multi-drug resistant Acinetobacter baumannii.
26126492	10.1093/jac/dkv181	OUP	abstract_only_with_pdf_candidate	The Journal of antimicrobial chemotherapy	OXA-372, a novel carbapenem-hydrolysing class D β-lactamase from a Citrobacter freundii isolated from a hospital wastewater plant.
26377866	10.1093/jac/dkv279	OUP	abstract_only_with_pdf_candidate	The Journal of antimicrobial chemotherapy	Novel transferable erm(46) determinant responsible for emerging macrolide resistance in Rhodococcus equi.
26392485	10.1128/AAC.01235-15	ASM	abstract_only_with_pdf_candidate	Antimicrobial agents and chemotherapy	First Report of the IncI1/ST898 Conjugative Plasmid Carrying rmtE2 16S rRNA Methyltransferase Gene in Escherichia coli.
26410172	10.1093/jac/dkv304	OUP	abstract_only_with_pdf_candidate	The Journal of antimicrobial chemotherapy	Newborn bacteraemia caused by an Aeromonas caviae producing the VIM-1 and SHV-12 β-lactamases, encoded by a transferable plasmid.
26683630	10.1089/mdr.2015.0158	SAGE	abstract_only_with_pdf_candidate	Microbial drug resistance (Larchmont, N.Y.)	Quinolone Resistance Mechanisms Among Salmonella enterica in Malaysia.
26702919	10.1093/jac/dkv438	OUP	abstract_only_with_pdf_candidate	The Journal of antimicrobial chemotherapy	Detection in Italy of two clinical Enterococcus faecium isolates carrying both the oxazolidinone and phenicol resistance gene optrA and a silent multiresistance gene cfr.
26777914	10.3967/bes2015.128	Unclassified	abstract_only_with_html_candidate	Biomedical and environmental sciences : BES	Seafood as a Reservoir of Gram-negative Bacteria Carrying Integrons and Antimicrobial Resistance Genes in Japan.
26903276	10.1093/jac/dkw016	OUP	abstract_only_with_pdf_candidate	The Journal of antimicrobial chemotherapy	Genetic environment of the transferable oxazolidinone/phenicol resistance gene optrA in Enterococcus faecalis isolates of human and animal origin.
26953332	10.1093/jac/dkw040	OUP	abstract_only_with_pdf_candidate	The Journal of antimicrobial chemotherapy	Co-location of the oxazolidinone resistance genes optrA and cfr on a multiresistance plasmid from Staphylococcus sciuri.
27073268	10.1093/jac/dkw108	OUP	abstract_only_with_pdf_candidate	The Journal of antimicrobial chemotherapy	Linezolid-resistant cfr-positive MRSA, Italy.
27175500	10.5578/mb.24126	Unclassified	abstract_only_with_pdf_candidate	Mikrobiyoloji bulteni	[Investigation of fluoroquinolone resistance mechanisms in clinical Acinetobacter baumannii isolates].
27494920	10.1093/jac/dkw290	OUP	abstract_only_with_pdf_candidate	The Journal of antimicrobial chemotherapy	Novel chromosome-encoded erm(47) determinant responsible for constitutive MLSB resistance in Helcococcus kunzii.
27559761	10.1089/mdr.2016.0024	SAGE	abstract_only_with_pdf_candidate	Microbial drug resistance (Larchmont, N.Y.)	Prevalence of gyrA Mutations in Nalidixic Acid-Resistant Strains of Salmonella Enteritidis Isolated from Humans, Food, Chickens, and the Farm Environment in Brazil.
27650185	10.1093/jac/dkw382	OUP	abstract_only_with_pdf_candidate	The Journal of antimicrobial chemotherapy	Fosfomycin resistance in Acinetobacter baumannii is mediated by efflux through a major facilitator superfamily (MFS) transporter-AbaF.
27786586	10.3109/1040841X.2015.1136261	Unclassified	abstract_only_with_pdf_candidate	Critical reviews in microbiology	Macrolide resistance mechanisms in Enterobacteriaceae: Focus on azithromycin.
28039271	10.1093/jac/dkw549	OUP	abstract_only_with_pdf_candidate	The Journal of antimicrobial chemotherapy	Novel lnu(G) gene conferring resistance to lincomycin by nucleotidylation, located on Tn6260 from Enterococcus faecalis E531.
28065891	10.1093/jac/dkw554	OUP	abstract_only_with_pdf_candidate	The Journal of antimicrobial chemotherapy	Genetic and biochemical characterization of HMB-1, a novel subclass B1 metallo-β-lactamase found in a Pseudomonas aeruginosa clinical isolate.
28186558	10.1093/jac/dkx023	OUP	abstract_only_with_pdf_candidate	The Journal of antimicrobial chemotherapy	Emergence of a plasmid-borne multidrug resistance gene cfr(C) in foodborne pathogen Campylobacter.
28276133	10.1111/1462-2920.13722	Wiley	abstract_only_with_pdf_candidate	Environmental microbiology	Plasmid-mediated resistance to cephalosporins and quinolones in Escherichia coli from American crows in the USA.
28605515	10.1093/jac/dkx173	OUP	abstract_only_with_pdf_candidate	The Journal of antimicrobial chemotherapy	FRI-2 carbapenemase-producing Enterobacter cloacae complex in the UK.
28637339	10.1093/jac/dkx179	OUP	abstract_only_with_pdf_candidate	The Journal of antimicrobial chemotherapy	Emergence of ceftazidime/avibactam non-susceptibility in an MDR Klebsiella pneumoniae isolate.
28859446	10.1093/jac/dkx184	OUP	abstract_only_with_pdf_candidate	The Journal of antimicrobial chemotherapy	OXA-427, a new plasmid-borne carbapenem-hydrolysing class D β-lactamase in Enterobacteriaceae.
28911188	10.1093/femsle/fnx178	OUP	abstract_only_with_pdf_candidate	FEMS microbiology letters	Diversity of Ochrobactrum species in food animals, antibiotic resistance phenotypes and polymorphisms in the blaOCH gene.
28962028	10.1093/jac/dkx327	OUP	abstract_only_with_pdf_candidate	The Journal of antimicrobial chemotherapy	Identification of a novel transposon-associated phosphoethanolamine transferase gene, mcr-5, conferring colistin resistance in d-tartrate fermenting Salmonella enterica subsp. enterica serovar Paratyphi B.
29091182	10.1093/jac/dkx201	OUP	abstract_only_with_pdf_candidate	The Journal of antimicrobial chemotherapy	Quinolone-resistant gyrase mutants demonstrate decreased susceptibility to triclosan.
29091223	10.1093/jac/dkx226	OUP	abstract_only_with_pdf_candidate	The Journal of antimicrobial chemotherapy	Identification of a novel qnrA allele, qnrA8, in environmental Shewanella algae.
29149337	10.1093/jac/dkx424	OUP	abstract_only_with_pdf_candidate	The Journal of antimicrobial chemotherapy	Mechanisms leading to in vivo ceftolozane/tazobactam resistance development during the treatment of infections caused by MDR Pseudomonas aeruginosa.
29203482	10.1128/AAC.02106-17	ASM	abstract_only_with_pdf_candidate	Antimicrobial agents and chemotherapy	Presence of an mcr-3 Variant in Aeromonas caviae, Proteus mirabilis, and Escherichia coli from One Domestic Duck.
29237785	10.1128/JCM.01562-17	ASM	abstract_only_with_pdf_candidate	Journal of clinical microbiology	mcr-3 and mcr-4 Variants in Carbapenemase-Producing Clinical Enterobacteriaceae Do Not Confer Phenotypic Polymyxin Resistance.
29394337	10.1093/cid/ciy069	OUP	abstract_only_with_pdf_candidate	Clinical infectious diseases : an official publication of the Infectious Diseases Society of America	Raising the Stakes: Loss of Efflux Pump Regulation Decreases Meropenem Susceptibility in Burkholderia pseudomallei.
29394397	10.1093/jac/dkx538	OUP	abstract_only_with_pdf_candidate	The Journal of antimicrobial chemotherapy	Identification of novel variants of the colistin resistance gene mcr-3 in Aeromonas spp. from the national resistance monitoring programme GERM-Vet and from diagnostic submissions.
29444245	10.1093/jac/dky020	OUP	abstract_only_with_pdf_candidate	The Journal of antimicrobial chemotherapy	mcr-5 and a novel mcr-5.2 variant in Escherichia coli isolates from food and food-producing animals, Germany, 2010 to 2017.
29635422	10.1093/jac/dky088	OUP	abstract_only_with_pdf_candidate	The Journal of antimicrobial chemotherapy	Characterization of poxtA, a novel phenicol-oxazolidinone-tetracycline resistance gene from an MRSA of clinical origin.
29912417	10.1093/jac/dky111	OUP	abstract_only_with_pdf_candidate	The Journal of antimicrobial chemotherapy	Novel plasmid-mediated colistin resistance gene mcr-7.1 in Klebsiella pneumoniae.
30053008	10.1093/jac/dky272	OUP	abstract_only_with_pdf_candidate	The Journal of antimicrobial chemotherapy	mcr-1 and mcr-2 (mcr-6.1) variant genes identified in Moraxella species isolated from pigs in Great Britain from 2014 to 2015.
30060114	10.1093/jac/dky291	OUP	abstract_only_with_pdf_candidate	The Journal of antimicrobial chemotherapy	FRI-4 carbapenemase-producing Enterobacter cloacae complex isolated in Tokyo, Japan.
30189050	10.1093/jac/dky364	OUP	abstract_only_with_pdf_candidate	The Journal of antimicrobial chemotherapy	Deciphering β-lactamase-independent β-lactam resistance evolution trajectories in Pseudomonas aeruginosa.
30247543	10.1093/jac/dky359	OUP	abstract_only_with_pdf_candidate	The Journal of antimicrobial chemotherapy	Five novel carbapenem-hydrolysing OXA-type β-lactamase groups are intrinsic in Acinetobacter spp.
30247587	10.1093/jac/dky375	OUP	abstract_only_with_pdf_candidate	The Journal of antimicrobial chemotherapy	Characterization of a clinical Clostridioides difficile isolate with markedly reduced fidaxomicin susceptibility and a V1143D mutation in rpoB.
30561662	10.1093/jac/dky515	OUP	abstract_only_with_pdf_candidate	The Journal of antimicrobial chemotherapy	Plasmid-located extended-spectrum β-lactamase gene blaROB-2 in Mannheimia haemolytica.
30753572	10.1093/jac/dkz026	OUP	abstract_only_with_pdf_candidate	The Journal of antimicrobial chemotherapy	Ceftazidime/avibactam resistance associated with L169P mutation in the omega loop of KPC-2.
30788955	10.1021/acsinfecdis.8b00240	ACS	abstract_only_with_pdf_candidate	ACS infectious diseases	Genetic, Biochemical, and Structural Characterization of CMY-136 β-Lactamase, a Peculiar CMY-2 Variant.
30789204	10.1093/jac/dkz066	OUP	abstract_only_with_pdf_candidate	The Journal of antimicrobial chemotherapy	Identification of a novel metallo-β-lactamase, CAM-1, in clinical Pseudomonas aeruginosa isolates from Canada.
30844059	10.1093/jac/dkz080	OUP	abstract_only_with_pdf_candidate	The Journal of antimicrobial chemotherapy	Identification of the novel class D β-lactamase OXA-679 involved in carbapenem resistance in Acinetobacter calcoaceticus.
30863844	10.1093/jac/dkz092	OUP	abstract_only_with_pdf_candidate	The Journal of antimicrobial chemotherapy	LRE-Finder, a Web tool for detection of the 23S rRNA mutations and the optrA, cfr, cfr(B) and poxtA genes encoding linezolid resistance in enterococci from whole-genome sequences.
30863849	10.1093/jac/dkz090	OUP	abstract_only_with_pdf_candidate	The Journal of antimicrobial chemotherapy	Colistin resistance in Parisian inpatient faecal Escherichia coli as the result of two distinct evolutionary pathways.
30989199	10.1093/jac/dkz148	OUP	abstract_only_with_pdf_candidate	The Journal of antimicrobial chemotherapy	Novel trimethoprim resistance gene, dfrA35, in IncC plasmids from Australia.
31040249	10.1136/sextrans-2019-053986	Unclassified	abstract_only_with_pdf_candidate	Sexually transmitted infections	Just Google it! Impact of media coverage of an outbreak of high-level azithromycin-resistant Neisseria gonorrhoeae on online searches, and attendances, testing and diagnoses at sexual health clinics in England between 2015 and 2016: an interrupted time series analysis using surveillance data.
31127297	10.1093/jac/dkz209	OUP	abstract_only_with_pdf_candidate	The Journal of antimicrobial chemotherapy	Unravelling ceftazidime/avibactam resistance of KPC-28, a KPC-2 variant lacking carbapenemase activity.
31355848	10.1093/jac/dkz297	OUP	abstract_only_with_pdf_candidate	The Journal of antimicrobial chemotherapy	Pseudomonas aeruginosa populations in the cystic fibrosis lung lose susceptibility to newly applied β-lactams within 3 days.
31633764	10.1093/jac/dkz434	OUP	abstract_only_with_pdf_candidate	The Journal of antimicrobial chemotherapy	Mutations that increase expression of the EmrAB-TolC efflux pump confer increased resistance to nitroxoline in Escherichia coli.
31685471	10.1128/AAC.02112-19	ASM	abstract_only_with_pdf_candidate	Antimicrobial agents and chemotherapy	Emergence of Resistance to Novel β-Lactam-β-Lactamase Inhibitor Combinations Due to Horizontally Acquired AmpC (FOX-4) in Pseudomonas aeruginosa Sequence Type 308.
31725164	10.1093/jac/dkz438	OUP	abstract_only_with_pdf_candidate	The Journal of antimicrobial chemotherapy	Enterobacter sp. N18-03635 harbouring blaFRI-6 class A carbapenemase, Canada.
31730160	10.1093/jac/dkz376	OUP	abstract_only_with_pdf_candidate	The Journal of antimicrobial chemotherapy	In vitro antimicrobial combination testing of and evolution of resistance to the first-in-class spiropyrimidinetrione zoliflodacin combined with six therapeutically relevant antimicrobials for Neisseria gonorrhoeae.
31960033	10.1093/jac/dkz536	OUP	abstract_only_with_pdf_candidate	The Journal of antimicrobial chemotherapy	GPC-1, a novel class A carbapenemase detected in a clinical Pseudomonas aeruginosa isolate.
32277823	10.1093/jac/dkaa125	OUP	abstract_only_with_pdf_candidate	The Journal of antimicrobial chemotherapy	Molecular and functional analysis of the novel cfr(D) linezolid resistance gene identified in Enterococcus faecium.
32291839	10.1111/1462-2920.15020	Wiley	abstract_only_with_pdf_candidate	Environmental microbiology	The novel and transferable erm(51) gene confers macrolides, lincosamides and streptogramins B (MLS(B) ) resistance to clonal Rhodococcus equi in the environment.
32293144	10.1002/adbi.201900221	Wiley	abstract_only_with_pdf_candidate	Advanced biosystems	Genetic and Biochemical Characterization of VMB-1, a Novel Metallo-β-Lactamase Encoded by a Conjugative, Broad-Host Range IncC Plasmid from Vibrio spp.
32706619	10.1089/mdr.2020.0218	SAGE	abstract_only_with_pdf_candidate	Microbial drug resistance (Larchmont, N.Y.)	Characterization of lsa(D), a Novel Gene Responsible for Resistance to Lincosamides, Streptogramins A, and Pleuromutilins in Fish Pathogenic Lactococcus garvieae Serotype II.
32712659	10.1093/jac/dkaa305	OUP	abstract_only_with_pdf_candidate	The Journal of antimicrobial chemotherapy	Microevolution of acquired colistin resistance in Enterobacteriaceae from ICU patients receiving selective decontamination of the digestive tract.
33118027	10.1093/jac/dkaa405	OUP	abstract_only_with_pdf_candidate	The Journal of antimicrobial chemotherapy	The novel macrolide resistance genes mef(F) and msr(G) are located on a plasmid in Macrococcus canis and a transposon in Macrococcus caseolyticus.
33201995	10.1093/jac/dkaa488	OUP	abstract_only_with_pdf_candidate	The Journal of antimicrobial chemotherapy	Characterization of the novel OXA-213-like β-lactamase OXA-822 from Acinetobacter calcoaceticus.
33382875	10.1093/jac/dkaa513	OUP	abstract_only_with_pdf_candidate	The Journal of antimicrobial chemotherapy	Class D β-lactamases.
33877914	10.1089/mdr.2020.0437	SAGE	abstract_only_with_pdf_candidate	Microbial drug resistance (Larchmont, N.Y.)	Amino Acid Substitution Ser83Ile in GyrA of DNA Gyrases Confers High-Level Quinolone Resistance to Nontyphoidal Salmonella Without Loss of Supercoiling Activity.
34097480	10.1128/AAC.00695-21	ASM	abstract_only_with_pdf_candidate	Antimicrobial agents and chemotherapy	Detection of poxtA2, a Presumptive poxtA Ancestor, in a Plasmid from a Linezolid-Resistant Enterococcus gallinarum Isolate.
34227210	10.1111/1462-2920.15663	Wiley	abstract_only_with_pdf_candidate	Environmental microbiology	Characterization and identification of SFDC-1, a novel AmpC-type β-lactamase in Serratia fonticola.
34329431	10.1093/jac/dkab272	OUP	abstract_only_with_pdf_candidate	The Journal of antimicrobial chemotherapy	Identification and characteristics of a novel aminoglycoside phosphotransferase, APH(3')-IId, from an MDR clinical isolate of Brucella intermedia.
34339276	10.1128/AAC.01066-21	ASM	abstract_only_with_pdf_candidate	Antimicrobial agents and chemotherapy	Characterization of the First Carbapenem-Resistant Pseudomonas aeruginosa Clinical Isolate Harboring bla(SIM-1) from the United States.
34427311	10.1093/jac/dkab304	OUP	abstract_only_with_pdf_candidate	The Journal of antimicrobial chemotherapy	No in vitro activity of cefiderocol against OXA-427-producing Enterobacterales.
34545931	10.1093/jac/dkab342	OUP	abstract_only_with_pdf_candidate	The Journal of antimicrobial chemotherapy	Characterization of the novel plasmid-encoded MBL gene blaAFM-1, integrated into a blaIMP-45-bearing transposon Tn6485e in a carbapenem-resistant Pseudomonas aeruginosa clinical isolate.
34568905	10.1093/jac/dkab346	OUP	abstract_only_with_pdf_candidate	The Journal of antimicrobial chemotherapy	Selection and characterization of mutational resistance to aztreonam/avibactam in β-lactamase-producing Enterobacterales.
34609499	10.1093/jac/dkab363	OUP	abstract_only_with_pdf_candidate	The Journal of antimicrobial chemotherapy	Trajectory of genetic alterations associated with colistin resistance in Acinetobacter baumannii during an in-hospital outbreak of infection.
34865035	10.1093/jac/dkab407	OUP	abstract_only_with_pdf_candidate	The Journal of antimicrobial chemotherapy	Ultra-deep long-read sequencing detects IS-mediated gene duplications as a potential trigger to generate arrays of resistance genes and a mechanism to induce novel gene variants such as blaCTX-M-243.
34994196	10.1021/acschembio.1c00799	ACS	abstract_only_with_pdf_candidate	ACS chemical biology	Dual-Mechanism Confers Self-Resistance to the Antituberculosis Antibiotic Capreomycin.
35137119	10.1093/jac/dkac029	OUP	abstract_only_with_pdf_candidate	The Journal of antimicrobial chemotherapy	Emergence of rare carbapenemases (FRI, GES-5, IMI, SFC and SFH-1) in Enterobacterales isolated from surface waters in Japan.
35257174	10.1093/jac/dkac050	OUP	abstract_only_with_pdf_candidate	The Journal of antimicrobial chemotherapy	Characterization of GMB-1, a novel metallo-β-lactamase (MBL) found in three different Enterobacterales species.
35373297	10.1093/jac/dkac100	OUP	abstract_only_with_pdf_candidate	The Journal of antimicrobial chemotherapy	Dynamic evolution of imipenem/relebactam resistance in a KPC-producing Klebsiella pneumoniae from a single patient during ceftazidime/avibactam-based treatments.
35512733	10.1089/mdr.2021.0353	SAGE	abstract_only_with_pdf_candidate	Microbial drug resistance (Larchmont, N.Y.)	Susceptibility of Burkholderia cepacia Complex to Ceftazidime/Avibactam and Standard Drugs of Treatment for Cystic Fibrosis Patients.
35639577	10.1093/jac/dkac149	OUP	abstract_only_with_pdf_candidate	The Journal of antimicrobial chemotherapy	Novel macrolide-lincosamide-streptogramin B resistance gene erm(54) in MRSA ST398 from Germany.
35704614	10.1093/femspd/ftac020	OUP	abstract_only_with_pdf_candidate	Pathogens and disease	Coexistence of blaNDM-1, blaOXA-51, blaOXA-23, and armA in conjunction with novel mutations detected in RND efflux pump regulators in tigecycline resistant clinical isolates of Acinetobacter baumannii.
35786775	10.1093/jac/dkac210	OUP	abstract_only_with_pdf_candidate	The Journal of antimicrobial chemotherapy	Molecular and biochemical characterization of novel PAM-like MBL variants, PAM-2 and PAM-3, from clinical isolates of Pseudomonas tohonis.
35920875		Unclassified	abstract_only_no_fulltext_candidate	The new microbiologica	Identification of a novel mutation involved in colistin resistance in Klebsiella pneumoniae through Next-Generation Sequencing (NGS) based approaches.
36112395	10.1089/mdr.2022.0143	SAGE	abstract_only_with_pdf_candidate	Microbial drug resistance (Larchmont, N.Y.)	Complete Genome Sequence of a Multidrug-Resistant Klebsiella pneumoniae Strain Carrying bla(OXA181) and bla(KPC-125) Carbapenemase.
36864015	10.1093/jac/dkad004	OUP	abstract_only_with_pdf_candidate	The Journal of antimicrobial chemotherapy	Rapid selection of a cefiderocol-resistant Escherichia coli producing NDM-5 associated with a single amino acid substitution in the CirA siderophore receptor.
36918743	10.1093/jac/dkad062	OUP	abstract_only_with_pdf_candidate	The Journal of antimicrobial chemotherapy	Simultaneous and divergent evolution of resistance to cephalosporin/β-lactamase inhibitor combinations and imipenem/relebactam following ceftazidime/avibactam treatment of MDR Pseudomonas aeruginosa infections.
36964710	10.1093/jac/dkad086	OUP	abstract_only_with_pdf_candidate	The Journal of antimicrobial chemotherapy	Outbreak by KPC-62-producing ST307 Klebsiella pneumoniae isolates resistant to ceftazidime/avibactam and cefiderocol in a university hospital in Madrid, Spain.
36995982	10.1093/jac/dkad091	OUP	abstract_only_with_pdf_candidate	The Journal of antimicrobial chemotherapy	Characterization of a novel carbapenem-hydrolysing β-lactamase OXA-1041 in Escherichia coli.
37141282	10.1093/jac/dkad133	OUP	abstract_only_with_pdf_candidate	The Journal of antimicrobial chemotherapy	Emergence of tet(X2) in Acinetobacter pittii confers clinical resistance to tigecycline.
37352110	10.1093/jac/dkad194	OUP	abstract_only_with_pdf_candidate	The Journal of antimicrobial chemotherapy	In vivo emergence of a still uncommon resistance to fidaxomicin in the urgent antimicrobial resistance threat Clostridioides difficile.
38197500	10.1093/jac/dkad400	OUP	abstract_only_with_pdf_candidate	The Journal of antimicrobial chemotherapy	Characterization of VIM-29 and VIM-86, two VIM-1 variants isolated in multidrug-resistant Enterobacterales in France.
