gene,in_ResLit,in_ResFinder,in_CARD,in_RefGeneCatalog,num_databases
aaa25,True,False,False,False,1
aaa61,True,False,False,False,1
aac c,True,False,False,False,1
aac c2,True,False,False,False,1
aac(2)-i(a267),False,False,False,True,1
aac(2)-ia,True,True,True,True,4
aac(2)-ib,True,True,True,True,4
aac(2)-ic,True,True,True,True,4
aac(2)-id,True,True,True,True,4
aac(2)-ie,True,True,True,True,4
aac(2)-iia,True,True,True,True,4
aac(2)-iib,True,False,True,True,3
aac(2)-n-acetyltransferase,True,False,False,False,1
aac(3)-c1264,True,False,False,True,2
aac(3)-c322,False,False,False,True,1
aac(3)-i,True,True,False,True,3
aac(3)-ia,True,True,True,True,4
aac(3)-ib,True,True,True,True,4
aac(3)-ib-aac(6)-ib,False,True,False,False,1
aac(3)-ic,True,True,True,True,4
aac(3)-id,True,True,True,True,4
aac(3)-if,False,True,False,True,2
aac(3)-ig,False,True,False,True,2
aac(3)-ih,False,True,False,True,2
aac(3)-ii,True,True,False,True,3
aac(3)-iia,True,True,True,True,4
aac(3)-iib,True,True,True,True,4
aac(3)-iic,True,True,True,True,4
aac(3)-iid,True,True,True,True,4
aac(3)-iie,True,True,True,True,4
aac(3)-iig,True,False,True,True,3
aac(3)-iiia,True,True,True,True,4
aac(3)-iiib,True,True,True,True,4
aac(3)-iiic,False,True,True,True,3
aac(3)-iva,True,True,True,True,4
aac(3)-ivb,True,False,True,True,3
aac(3)-ixa,True,True,True,True,4
aac(3)-via,True,True,True,True,4
aac(3)-viia,True,True,True,True,4
aac(3)-viii,True,True,True,True,4
aac(3)-xa,True,True,True,True,4
aac(3)-xi,True,True,False,True,3
aac(3)iab,True,False,False,False,1
aac(3)lld,True,False,False,False,1
aac(4)-iia,True,False,False,False,1
aac(6),True,True,True,True,4
aac(6)-29,False,True,True,True,3
aac(6)-30,True,True,True,True,4
aac(6)-30-aac(6)-ib,False,True,False,False,1
aac(6)-31,True,True,True,True,4
aac(6)-35,False,False,False,True,1
aac(6)-aph(2)-la,True,False,False,False,1
aac(6)-bl-cr,True,False,False,False,1
aac(6)-d292,False,False,False,True,1
aac(6)-d42,False,False,False,True,1
aac(6)-e111,False,False,False,True,1
aac(6)-e141,False,False,False,True,1
aac(6)-e449,False,False,False,True,1
aac(6)-e526,False,False,False,True,1
aac(6)-e550,False,False,False,True,1
aac(6)-e553,False,False,False,True,1
aac(6)-e606,False,False,False,True,1
aac(6)-e64,False,False,False,True,1
aac(6)-e657,False,False,False,True,1
aac(6)-e963,False,False,False,True,1
aac(6)-f309,False,False,False,True,1
aac(6)-f72,False,False,False,True,1
aac(6)-i,True,True,True,True,4
aac(6)-ia,True,True,True,True,4
aac(6)-iad,True,True,True,True,4
aac(6)-iak,True,True,True,True,4
aac(6)-ian,True,True,True,True,4
aac(6)-iap,True,False,True,True,3
aac(6)-ib,True,True,True,True,4
aac(6)-ib-cr,True,True,True,True,4
aac(6)-ib11,True,True,True,True,4
aac(6)-id,True,False,False,True,2
aac(6)-ie/aph(2),True,True,True,True,4
aac(6)-if,True,True,True,True,4
aac(6)-ii,True,True,True,False,3
aac(6)-iia,True,True,True,True,4
aac(6)-iic,True,True,True,True,4
aac(6)-iii,False,False,False,True,1
aac(6)-il,True,True,True,True,4
aac(6)-im,True,True,True,True,4
aac(6)-ip,True,True,True,True,4
aac(6)-iq,True,True,True,True,4
aac(6)-iz,True,True,True,True,4
aac(6)-kana,False,False,False,True,1
aac(6)-lb-104r,True,False,False,False,1
aac(6)-lb-104w,True,False,False,False,1
aac(6)-lb-181y,True,False,False,False,1
aac(6)-lb-cr,True,False,False,False,1
aac(6)-le-aph(2)-la,True,False,False,False,1
aac(6)_serra,True,False,False,False,1
aac(6)iaa,True,False,False,False,1
aac(6)ib4,True,False,False,False,1
aac(6)ie-aph(2)ia,True,False,False,False,1
aac(6)ie-aph(2″)ia,True,False,False,False,1
aac(6)lb-cr,True,False,False,False,1
aac(69)-ib-cr,True,False,False,False,1
aac(6a)-ib,True,False,False,False,1
aac-(6)-lb-cr,True,False,False,False,1
aac-6-ia + aph-2,True,False,False,False,1
aac-d,True,False,False,False,1
aac4,True,False,False,False,1
aac6_30/aac6_ib,False,False,True,False,1
aac6_ib_hz,False,True,True,False,2
aac6_ie/aph2_ia,False,False,True,False,1
aac6p-ib-b6,True,False,False,False,1
aac_3ib/aac_6ib,False,False,True,False,1
aac_6_ib_su,False,True,True,False,2
aaca10,True,False,False,True,2
aaca32,True,False,False,True,2
aaca34,False,False,False,True,1
aaca37,False,False,False,True,1
aaca38,False,False,False,True,1
aaca4,True,False,False,False,1
aaca40,False,False,False,True,1
aaca43,True,True,True,True,4
aaca48,False,True,True,True,3
aaca49,False,False,False,True,1
aaca57-2,True,False,False,True,2
aaca8,False,False,False,True,1
aacc,True,False,False,False,1
aacc(3),True,False,False,False,1
aacc(3)-1,True,False,False,False,1
aacc1,True,False,False,False,1
aacc2,True,False,False,False,1
aacc2a,True,False,False,False,1
aacc2d,True,False,False,False,1
aacc3,True,False,False,False,1
aacc4,True,False,False,False,1
aacc5,True,False,False,False,1
aacc7,True,False,False,False,1
aad(6),False,False,True,False,1
aad9,True,False,False,True,2
aada 22_b,True,False,False,False,1
aada 24,True,False,False,False,1
aada-01,True,False,False,False,1
aada-02,True,False,False,False,1
aada-03,True,False,False,False,1
aada1,True,True,True,True,4
aada10,True,True,True,True,4
aada11,True,True,True,True,4
aada12,True,True,True,True,4
aada13,True,True,True,True,4
aada15,True,True,True,True,4
aada16,True,True,True,True,4
aada1a,True,False,False,False,1
aada1bt,True,True,False,True,3
aada1y,True,False,False,False,1
aada2,True,True,True,True,4
aada21,True,True,True,True,4
aada22,True,True,True,True,4
aada23,True,True,True,False,3
aada24,True,True,True,False,3
aada25,True,False,True,True,3
aada27,True,False,True,True,3
aada2b,True,True,False,False,2
aada2cmla,True,False,False,False,1
aada3,True,True,True,True,4
aada31,True,False,False,True,2
aada33,True,False,False,True,2
aada36,True,False,False,True,2
aada37,True,False,False,True,2
aada4,True,True,True,True,4
aada5,True,True,True,True,4
aada6,True,True,True,True,4
aada6/aada10,False,False,True,False,1
aada7,True,True,True,True,4
aada7_1,True,False,False,False,1
aada8,True,True,True,True,4
aada8b,True,True,True,False,3
aada9,True,True,True,True,4
aadb,True,False,False,False,1
aadd1,True,True,True,True,4
aadd2,True,True,True,True,4
aade,True,True,False,True,3
aade-cc,True,True,False,True,3
aade1,True,False,False,False,1
aade2,True,False,False,False,1
aade3,True,False,False,False,1
aadk,True,True,True,True,4
aads,True,False,True,True,3
aadt,True,False,True,True,3
aap3,True,False,False,False,1
aarf,True,False,False,False,1
aba q,True,False,False,False,1
abaf,True,False,True,True,3
abai,True,False,False,False,1
abaq,True,False,True,False,2
abar,True,False,False,False,1
abc-f,True,False,False,False,1
abc1,True,False,False,False,1
abc10,True,False,False,False,1
abc11,True,False,False,False,1
abc2,True,False,False,False,1
abc3,True,False,False,False,1
abc8,True,False,False,False,1
abc9,True,False,False,False,1
abc_29,True,False,False,False,1
abca,False,False,True,False,1
abe s,True,False,False,False,1
abem,True,False,True,False,2
abes,True,False,True,False,2
abuo,True,False,True,False,2
acc c4,True,False,False,False,1
acca,True,False,False,False,1
accb,True,False,False,False,1
accc,True,False,False,False,1
accd1,True,False,False,False,1
accd5,True,False,False,False,1
accd6,True,False,False,False,1
acce5,True,False,False,False,1
ace,True,False,False,False,1
ace1a,True,False,False,False,1
acef,True,False,False,False,1
acei,True,False,False,False,1
acit,True,False,False,False,1
acka,True,False,False,False,1
acna,True,False,False,False,1
acnb,True,False,False,False,1
acor,True,False,False,False,1
acr a,True,False,False,False,1
acr d,True,False,False,False,1
acr2,True,False,False,False,1
acr3,True,False,False,False,1
acra,True,False,True,False,2
acrab,True,False,False,False,1
acrb,True,False,True,False,2
acrd,True,False,True,False,2
acre,True,False,True,False,2
acref,True,False,False,False,1
acrf,True,False,True,True,3
acrs,True,False,True,False,2
acrz,True,False,False,False,1
act,False,False,True,False,1
actp,True,False,False,False,1
acui,True,False,False,False,1
ada,True,False,False,False,1
adaa1,True,False,False,False,1
adaa2,True,False,False,False,1
adda1,True,False,False,False,1
adda1-pm,True,False,False,False,1
ade a,True,False,False,False,1
ade f,True,False,False,False,1
ade g,True,False,False,False,1
ade h,True,False,False,False,1
ade i,True,False,False,False,1
ade j,True,False,False,False,1
ade k,True,False,False,False,1
adea,True,False,True,False,2
adeab,True,False,False,False,1
adeac,True,False,False,False,1
adeb,True,False,True,False,2
adec,True,False,True,True,3
aded,False,False,False,True,1
adede,True,False,False,False,1
adee,True,False,False,True,2
adef,True,False,True,False,2
adeg,True,False,True,False,2
adeh,True,False,True,False,2
adei,True,False,True,False,2
adej,True,False,True,False,2
adek,True,False,True,False,2
adel,True,False,True,False,2
aden,True,False,True,False,2
ader,True,False,True,False,2
aders,True,False,False,False,1
ades,True,False,True,False,2
adet1,True,False,False,False,1
adh,True,False,False,False,1
adok,True,False,False,False,1
afac,True,False,False,False,1
afta,True,False,True,False,2
ag85c,True,False,False,False,1
ahpf,True,False,False,False,1
aiia,True,False,False,False,1
ail,True,False,False,False,1
alas,True,False,False,False,1
alba,True,False,False,False,1
ald,True,False,True,False,2
aldb,True,False,False,False,1
algc,True,False,False,False,1
algx,True,False,False,False,1
algz,True,False,False,False,1
alme,True,False,True,True,3
almf,True,False,True,True,3
almg,True,False,True,True,3
alr,True,False,True,False,2
alst,True,False,False,False,1
amgk,True,False,False,False,1
amgrs,True,False,False,False,1
ami,True,False,False,False,1
amia,True,False,False,False,1
amib,True,False,False,False,1
amic,True,False,False,False,1
amie,True,False,False,False,1
amp(s),True,False,False,False,1
ampc,True,False,True,True,3
ampc-asob,False,False,False,True,1
ampc-ecan,False,False,False,True,1
ampc-kaer,False,False,False,True,1
ampc1,True,False,False,False,1
ampc2,True,False,False,False,1
ampc_sliq-1,False,False,False,True,1
ampd,True,False,False,False,1
ampdh2,True,False,False,False,1
ampdh3,True,False,False,False,1
ampe,True,False,False,False,1
ampg,True,False,False,False,1
amph,True,True,False,False,2
ampr,True,False,False,False,1
amps,True,True,False,False,2
amra,True,False,True,False,2
amrab,True,False,False,False,1
amrb,True,False,True,False,2
amrr,True,False,False,False,1
amva,True,False,True,True,3
anmk,True,False,False,False,1
ansb,True,False,False,False,1
ansp,True,False,False,False,1
ansp2,True,False,False,False,1
ant(2)-ia,True,True,True,True,4
ant(2n)-ia,True,False,False,False,1
ant(3) b,True,False,False,False,1
ant(3)-ia,True,True,True,True,4
ant(3)-ib,True,False,True,True,3
ant(3)-ic,True,False,False,True,2
ant(3)-ih/aac(6)-iid,True,True,True,True,4
ant(3)-ii-aac(6)-iid,True,True,False,False,2
ant(3)-iia,True,False,True,True,3
ant(3)-iib,False,False,True,True,2
ant(3)-iic,True,False,True,True,3
ant(3)-iid,True,False,False,True,2
ant(3)-ij/aac(6)-ib,False,False,False,True,1
ant(3)b,True,False,False,False,1
ant(3″)-ii-aac(6)-iid,True,False,False,False,1
ant(4)-ic,True,True,True,True,4
ant(4)-iia,True,True,True,True,4
ant(4)-iib,True,True,True,True,4
ant(4)ia,True,False,False,False,1
ant(6) fms-007,True,False,False,False,1
ant(6)-ia,True,True,True,True,4
ant(6)-ib,True,True,True,True,4
ant(6)-ic,False,False,False,True,1
ant(9)-ia,True,True,True,True,4
ant(9)-ib,True,False,True,True,3
ant(9)-ic,True,False,True,True,3
ant1,True,False,False,False,1
anta,True,False,False,False,1
antb,True,False,False,False,1
antc,True,False,False,False,1
aph(2)-g141,True,True,False,True,3
aph(2)-ie,True,True,True,True,4
aph(2)-if,True,True,True,True,4
aph(2)-ig,True,True,True,True,4
aph(2)-ih,True,True,False,True,3
aph(2)-ii,False,False,False,True,1
aph(2)-iia,True,True,True,True,4
aph(2)-iiia,True,True,True,True,4
aph(2)-iva,True,True,True,True,4
aph(3),False,False,True,False,1
aph(3) c,True,False,False,False,1
aph(3)-h48,True,False,True,True,3
aph(3)-h510,False,False,False,True,1
aph(3)-i(h957),False,False,False,True,1
aph(3)-ia,True,True,True,True,4
aph(3)-ib,True,True,True,True,4
aph(3)-ic,True,True,True,True,4
aph(3)-id,True,True,False,True,3
aph(3)-ie,True,False,False,True,2
aph(3)-ii,True,False,False,True,2
aph(3)-iia,True,True,True,True,4
aph(3)-iib,True,True,True,True,4
aph(3)-iic,True,True,True,True,4
aph(3)-iid,True,False,False,True,2
aph(3)-iiia,True,True,True,True,4
aph(3)-iva,True,True,True,True,4
aph(3)-ix,True,True,True,True,4
aph(3)-va,True,True,True,True,4
aph(3)-vb,False,True,True,True,3
aph(3)-vc,False,True,True,True,3
aph(3)-vi,True,True,False,True,3
aph(3)-via,True,True,True,True,4
aph(3)-vib,True,True,True,True,4
aph(3)-viia,True,True,True,True,4
aph(3)-viiia,True,True,True,True,4
aph(3)-viiib,False,True,True,True,3
aph(3)-xv,True,True,True,True,4
aph(3)c,True,False,False,False,1
aph(3)lb,True,False,False,False,1
aph(3)llb,True,False,False,False,1
"aph(3-ib, aph(6)-id",True,False,False,False,1
aph(33)-ib,True,False,False,False,1
aph(4)-ia,True,True,True,True,4
aph(5),True,False,False,False,1
aph(5)-id (str b),True,False,False,False,1
aph(6),True,True,False,True,3
aph(6)-ia,True,True,True,True,4
aph(6)-ib,True,True,True,True,4
aph(6)-ic,True,True,True,True,4
aph(6)-id,True,True,True,True,4
aph(7)-ia,True,True,True,True,4
aph(9)-ia,True,True,True,True,4
aph(9)-ib,False,True,True,True,3
aph1,True,False,False,False,1
aph3(stra),True,False,False,False,1
aph3/str(a),True,False,False,False,1
aph33ib,True,False,False,False,1
aph3pp_ib-2,True,False,False,False,1
aph51,True,False,False,False,1
aph6/str(b),True,False,False,False,1
apha 3,True,False,False,False,1
apha-3,True,False,False,False,1
apha-3-1,True,False,False,False,1
apha-3–1,True,False,False,False,1
apha1-ia,True,False,False,False,1
apha1-iab,True,False,False,False,1
apha15,True,False,False,False,1
apha16,True,False,False,True,2
apha1a,True,False,False,False,1
apha1b,True,False,False,False,1
apha2,True,False,False,False,1
apha3,True,False,False,False,1
apha6,True,False,False,False,1
apha6a,True,False,False,False,1
apha6b,True,False,False,False,1
apha7,True,False,False,False,1
aphb,True,False,False,False,1
apma,True,False,True,True,3
apra,True,False,False,False,1
apt,True,False,False,False,1
aqps,True,False,False,False,1
arac,True,False,False,False,1
arca,True,False,False,False,1
arcb,True,False,False,False,1
arcc,True,False,False,False,1
arcd,True,False,False,False,1
arda,True,False,False,False,1
ardb,True,False,False,False,1
arfb,True,False,False,False,1
argh,True,False,False,False,1
argj,True,False,False,False,1
args,True,False,False,False,1
arlr,True,False,True,False,2
arls,True,False,True,False,2
arma,True,True,True,True,4
armac,True,False,False,False,1
armr,True,False,True,False,2
arn a,True,False,False,False,1
arna,True,False,True,False,2
arnt,False,False,True,False,1
aroa,True,False,False,False,1
aroa_1,True,False,False,False,1
arog,True,False,False,False,1
arok,True,False,False,False,1
aroq,True,False,False,False,1
arp1,True,False,False,False,1
arp2,True,False,False,False,1
arp3,True,False,False,False,1
arpab,True,False,False,False,1
arr,True,True,True,True,4
arr-3,True,True,True,True,4
arr2,True,False,False,False,1
arsa,True,False,False,False,1
arsa1,True,False,False,False,1
arsa2,True,False,False,False,1
arsb,True,False,False,False,1
arsbc,True,False,False,False,1
arsbm,True,False,False,False,1
arsbn,True,False,False,False,1
arsc,True,False,False,False,1
arsc1,True,False,False,False,1
arsc2,True,False,False,False,1
arsc3,True,False,False,False,1
arsd,True,False,False,False,1
arsd_1,True,False,False,False,1
arsh,True,False,False,False,1
arsj,True,False,False,False,1
arsk,True,False,False,False,1
arsl,True,False,False,False,1
arsm,True,False,False,False,1
arsml,True,False,False,False,1
arsn1,True,False,False,False,1
arsq,True,False,False,False,1
arsr,True,False,False,False,1
arsr1,True,False,False,False,1
arsr2,True,False,False,False,1
arsr3,True,False,False,False,1
artq,True,False,False,False,1
asbb1,True,False,False,False,1
asd,True,False,False,False,1
asma,True,False,False,False,1
asna,True,False,False,False,1
asnb,True,False,False,False,1
asp23,True,False,False,False,1
aspb,True,False,False,False,1
aspc,True,False,False,False,1
asps,True,False,False,False,1
atpa,True,False,False,False,1
atpb,True,False,False,False,1
atpc,True,False,False,False,1
atpe,True,False,False,False,1
atpf,True,False,False,False,1
atpg,True,False,False,False,1
atph,True,False,False,False,1
avec4i,True,False,False,False,1
axyx,False,False,True,False,1
axyy,True,False,True,False,2
baca,True,False,True,False,2
baca_1,True,False,False,False,1
bacb,True,False,False,False,1
bacc,True,False,False,False,1
baer,True,False,False,False,1
baes,True,False,False,False,1
baga,True,False,False,False,1
baha,True,False,True,False,2
baicd,True,False,False,False,1
bama,True,False,False,False,1
bamb,True,False,False,False,1
bass,False,False,True,False,1
bc2h,True,False,False,False,1
bcea,True,False,False,False,1
bceab,True,False,False,False,1
bceb,True,False,False,False,1
bceba,True,False,False,False,1
bcer,True,False,False,False,1
bces,True,False,False,False,1
bcesr,True,False,False,False,1
bci,False,False,True,False,1
bcii,False,False,True,False,1
bciii,False,False,True,False,1
bcr-1,False,False,True,False,1
bcr1,True,False,False,False,1
bcra,True,False,True,True,3
bcrb,True,False,True,False,2
bcrc,True,False,True,False,2
bcrd,True,False,False,False,1
bcrr,True,False,False,False,1
bepc,True,False,False,True,2
bepd,False,False,False,True,1
bepde,True,False,False,False,1
bepe,True,False,False,True,2
bepf,True,False,False,True,2
bepfg,True,False,False,False,1
bepg,True,False,False,True,2
besc,True,False,False,False,1
betb,True,False,False,False,1
bexa,True,False,False,True,2
bexb,True,False,False,False,1
bgla,True,False,False,False,1
bhsa,True,False,False,False,1
biga,True,False,False,False,1
biob,True,False,False,False,1
bira,True,False,False,False,1
bla,True,False,True,True,3
bla(imp-1-like),True,False,False,False,1
bla(oxa-23-like),True,False,False,False,1
bla(oxa-51-like),True,False,False,False,1
bla(oxa48),True,False,False,False,1
bla1,True,False,True,False,2
bla2,True,False,True,True,3
bla2_lvs,True,False,False,False,1
bla2a,False,False,True,True,2
bla3,True,False,False,False,1
bla4,True,False,False,False,1
bla[170-170],True,False,False,False,1
bla_adc.25,True,False,False,False,1
bla_ctxm15,True,False,False,False,1
bla_oxa-23-like,True,False,False,False,1
bla_oxa-24-like,True,False,False,False,1
bla_oxa-48-like,True,False,False,False,1
bla_oxa-51-like,True,False,False,False,1
bla_oxa-55-like,True,False,False,False,1
bla_oxa-58-like,True,False,False,False,1
bla_pena1,True,False,False,False,1
bla_pse1,True,False,False,False,1
bla_tem1,True,False,False,False,1
bla_tem1b,True,False,False,False,1
blaa,True,True,True,True,4
blaa1,True,False,False,False,1
blaa2,True,False,False,False,1
blaa42g,True,False,False,False,1
blaaak,False,False,True,True,2
blaacc,True,True,True,True,4
blaaci,True,True,True,True,4
blaact,True,True,True,True,4
blaact1,True,False,False,False,1
blaact58,True,False,False,False,1
blaadc,True,True,True,True,4
blaadc-25-like,True,False,False,False,1
blaadc-52-like,True,False,False,False,1
blaadc35,True,False,False,False,1
blaadc−117,True,False,False,False,1
blaadc−80,True,False,False,False,1
blaaer,False,True,True,True,3
blaafm,True,False,True,True,3
blaahm,False,False,False,True,1
blaaim,True,False,True,True,3
blaalg11,True,False,True,True,3
blaalg6,True,False,True,True,3
blaali,False,False,True,True,2
blaamz,True,False,True,True,3
blaana,False,False,True,True,2
blaapo,False,False,False,True,1
blaaqu,True,False,True,True,3
blaarl,True,False,True,True,3
blaasdc,False,False,False,True,1
blaast,True,True,True,True,4
blaasu1,False,False,True,True,2
blaavdc,False,False,False,True,1
blaaxc,True,False,True,True,3
blab,True,True,True,True,4
blab1pedo,True,True,True,True,4
blab2,True,False,False,False,1
blab3pedo,True,True,True,True,4
blab3su1,True,False,True,True,3
blab3su2,False,False,True,True,2
blabat,False,False,True,True,2
blabbi,False,False,False,True,1
blabcl,True,False,True,True,3
blabel,True,True,True,True,4
blabel4,False,True,False,False,1
blabes,True,True,True,True,4
blabic,True,True,True,True,4
blabim,True,True,True,True,4
blabjp,False,False,True,True,2
blabkc,True,True,True,True,4
blabmhc,False,False,True,True,2
blabor,True,False,True,True,3
blabpu,False,False,True,True,2
blabro,True,True,True,True,4
blabsu,False,False,True,True,2
blabut,False,False,True,True,2
blac,True,False,True,True,3
blac1,True,False,False,False,1
blacae,True,False,True,True,3
blacam,True,True,True,True,4
blacar,True,False,True,True,3
blacarb,True,True,True,True,4
blacarb-5-like,True,False,False,False,1
blacarb-9 -like,True,False,False,False,1
blacarb-9-like,True,False,False,False,1
blacarba,True,False,False,False,1
blacarb−3,True,False,False,False,1
blacau,True,False,True,True,3
blacbp,False,False,True,True,2
blacbp-1-like,True,False,False,False,1
blacda,False,False,True,True,2
blacdd,True,False,True,True,3
blacdd2,True,False,False,False,1
blaceph-a3,False,True,False,False,1
blacess,False,False,False,True,1
blacfe,True,True,True,True,4
blacga,True,False,True,True,3
blacha,False,False,False,True,1
blachc,False,False,False,True,1
blachm,False,False,True,True,2
blacia,True,False,True,True,3
blacim,True,False,True,True,3
blacko,True,True,True,True,4
blacma,True,False,True,True,3
blacme,True,True,True,True,4
blacmg,False,True,False,False,1
blacmh,True,True,True,True,4
blacmy,True,True,True,True,4
blacmy 2,True,False,False,False,1
blacmy − 116,True,False,False,False,1
blacmy − 117,True,False,False,False,1
blacmy − 79,True,False,False,False,1
blacmy-1-like,True,False,False,False,1
blacmy-2 -like,True,False,False,False,1
blacmy-2-like,True,False,False,False,1
blacmy-2-type,True,False,False,False,1
blacmy-2–like,True,False,False,False,1
blacmy1,True,False,False,False,1
blacmy2,True,False,False,False,1
blacmy2–lat,True,False,False,False,1
blacmy_2,True,False,False,False,1
blacmy−111,True,False,False,False,1
blacmy−2,True,False,False,False,1
blacmy−4,True,False,False,False,1
blacmy−59,True,False,False,False,1
blacor,False,False,False,True,1
blacps,True,False,True,True,3
blacrd3,True,False,True,True,3
blacrh,True,False,True,True,3
blacrp,True,False,True,True,3
blacsa,True,False,True,True,3
blacsp,True,True,True,True,4
blacsp(1),True,False,False,False,1
blacsr,False,False,False,True,1
blactx − m −1,True,False,False,False,1
blactx − m −15,True,False,False,False,1
blactx-m,True,True,True,True,4
blactx-m-1 -group,True,False,False,False,1
blactx-m-1-group,True,False,False,False,1
blactx-m-14-like,True,False,False,False,1
blactx-m-15-group,True,False,False,False,1
blactx-m-1–240g,True,False,False,False,1
blactx-m-2–240d,True,False,False,False,1
blactx-m-55 -like,True,False,False,False,1
blactx-m-8-group,True,False,False,False,1
blactx-m-8-like,True,False,False,False,1
blactx-m-8–240d,True,False,False,False,1
blactx-m-9 -group,True,False,False,False,1
blactx-m-9-group,True,False,False,False,1
blactx-m-9-like,True,False,False,False,1
blactx-m-9–240d,True,False,False,False,1
blactx-m-9–240g,True,False,False,False,1
blactx-m1-like,True,False,False,False,1
blactxm−1,True,False,False,False,1
blactx−m−04,True,False,False,False,1
blactx−m−1,True,False,False,False,1
blactx−m−14,True,False,False,False,1
blactx−m−15,True,False,False,False,1
blactx−m−165,True,False,False,False,1
blactx−m−2 group,True,False,False,False,1
blactx−m−27,True,False,False,False,1
blactx−m−55,True,False,False,False,1
blactx−m−65,True,False,False,False,1
blactx−m−9,True,False,False,False,1
blactx−m−9 group,True,False,False,False,1
blacvi,True,False,True,True,3
blades,True,True,True,True,4
bladha,True,True,True,True,4
bladha1,True,False,False,False,1
bladham,True,False,False,False,1
bladha−1,True,False,False,False,1
bladht2,True,False,True,True,3
bladim,True,True,True,True,4
bladyb,False,False,True,True,2
blae,True,False,False,True,2
blaeam,False,False,True,True,2
blaebr,True,True,True,True,4
blaec,True,False,True,True,3
blaec15,True,False,False,False,1
blaec18,True,False,False,False,1
blaecm,False,False,True,True,2
blaecv,True,False,True,True,3
blaefm,False,False,True,True,2
blaelc,False,False,False,True,1
blaelm,False,False,True,True,2
blaerp,True,True,True,True,4
blaesp,True,False,True,True,3
blaevm,False,False,True,True,2
blaf,True,False,True,True,3
blafar,True,True,True,True,4
blafez,True,False,True,True,3
blafia,False,False,True,True,2
blafim,True,False,True,True,3
blafona,True,True,True,True,4
blafona5,True,False,False,False,1
blafox,True,True,True,True,4
blafph,False,False,True,True,2
blafri,True,True,True,True,4
blaftu,True,False,True,True,3
blages,True,True,True,True,4
blages9,True,False,False,False,1
blages−5,True,False,False,False,1
blagil,True,False,True,True,3
blagim,True,True,True,True,4
blagma,True,False,True,True,3
blagmb,False,True,True,True,3
blagob,True,True,True,True,4
blagpc,False,False,True,True,2
blagrd23,True,False,True,True,3
blagrd33,True,False,True,True,3
blahbl,False,False,True,True,2
blaher,True,True,True,True,4
blahera-1,False,True,False,False,1
blahera-2,False,True,False,False,1
blahera-3,False,True,False,False,1
blahera-4,False,True,False,False,1
blahera-5,False,True,False,False,1
blahera-6,False,True,False,False,1
blahera-8,False,True,False,False,1
blahmb,True,False,True,True,3
blai,True,False,True,True,3
blaidc,True,False,True,True,3
blaiii,False,False,True,True,2
blaimi,True,True,True,True,4
blaimp,True,True,True,True,4
blaimp-33-like,True,False,False,False,1
blaimp11,True,False,False,False,1
blaimp4,True,False,False,False,1
blaimp−38,True,False,False,False,1
blaimp−4,True,False,False,False,1
blaind,True,True,True,True,4
blajohn,False,True,True,True,3
blakbl,True,False,True,True,3
blakhm,True,True,True,True,4
blakluc,True,True,True,True,4
blakpc,True,True,True,True,4
blakpc − 2,True,False,False,False,1
blakpc2,True,False,False,False,1
blakpc2/3,True,False,False,False,1
blakpc3,True,False,False,False,1
blakpc−2,True,False,False,False,1
blal,False,True,False,True,2
blal1,True,True,True,True,4
blal1a,True,False,False,False,1
blal2,True,False,False,True,2
blalap,True,True,True,True,4
blalap−2,True,False,False,False,1
blalaq,True,False,True,True,3
blalat,True,True,True,True,4
blalcr,False,True,True,True,3
blalen,True,True,True,True,4
blalen16,True,False,False,False,1
blalen17,True,False,False,False,1
blalen_15,True,False,False,False,1
blalhk,True,False,True,True,3
blalmb,False,True,True,True,3
blalra1,True,False,True,True,3
blalra10,False,False,True,True,2
blalra12,True,False,True,True,3
blalra13,False,False,True,False,1
blalra17,False,False,True,True,2
blalra18,False,False,True,True,2
blalra19,True,False,True,True,3
blalra2,False,False,True,True,2
blalra3,False,False,True,True,2
blalra5,True,False,True,True,3
blalra7,False,False,True,True,2
blalra8,False,False,True,True,2
blalra9,False,False,True,True,2
blalrg,False,False,True,True,2
blalus,False,False,True,True,2
blalut,True,True,True,True,4
blam,True,False,False,True,2
blamab,True,False,True,True,3
blamca,True,False,False,True,2
blamim,True,False,False,True,2
blamir,True,True,True,True,4
blamir1,True,False,False,False,1
blamoc,False,False,True,True,2
blamor,False,True,False,False,1
blamox,True,True,True,True,4
blamox3,True,False,False,False,1
blamsi,True,False,True,True,3
blamun,True,False,True,True,3
blamus,True,True,True,True,4
blamyo,True,False,True,True,3
blamyx,False,False,True,True,2
blandm,True,True,True,True,4
blandm −1,True,False,False,False,1
blandm(b),True,False,False,False,1
blandm-1-like,True,False,False,False,1
blandm1,True,False,False,False,1
blandm13,True,False,False,False,1
blandm5,True,False,False,False,1
blandm−1,True,False,False,False,1
blandm−5,True,False,False,False,1
blandm−7,True,False,False,False,1
blanps,False,True,True,True,3
blanwm,False,False,True,True,2
blaoch,True,True,True,True,4
blaohio,False,False,True,True,2
blaokp-a,True,True,True,True,4
blaokp-b,True,True,True,True,4
blaokp-c,False,False,True,True,2
blaokp-d,False,False,True,True,2
blaokp.b.1,True,False,False,False,1
blaokp.b.17,True,False,False,False,1
blaokp.b.2,True,False,False,False,1
blaokp.b.20,True,False,False,False,1
blaokp.b.3,True,False,False,False,1
blaokp.b.4,True,False,False,False,1
blaokp.b.5,True,False,False,False,1
blaokp.b.6,True,False,False,False,1
blaokp.b.7,True,False,False,False,1
blaokp.b.8,True,False,False,False,1
blaokp.b.9,True,False,False,False,1
blaorn,True,False,True,True,3
blaorr,False,False,True,True,2
blaoxa,True,True,True,True,4
blaoxa − 10,True,False,False,False,1
blaoxa − 9,True,False,False,False,1
blaoxa-1-group,True,False,False,False,1
blaoxa-1-like,True,False,False,False,1
blaoxa-10-like,True,False,False,False,1
blaoxa-143,True,True,False,False,2
blaoxa-180-like,True,False,False,False,1
blaoxa-21-like,True,False,False,False,1
blaoxa-23 -like,True,False,False,False,1
blaoxa-23-like,True,False,False,False,1
blaoxa-24-like,True,False,False,False,1
blaoxa-272-like,True,False,False,False,1
blaoxa-40-like,True,False,False,False,1
blaoxa-48 -like,True,False,False,False,1
blaoxa-48-group,True,False,False,False,1
blaoxa-48-like,True,False,False,False,1
blaoxa-48-type,True,False,False,False,1
blaoxa-50-like,True,False,False,False,1
blaoxa-55 -like,True,False,False,False,1
blaoxa-58 -like,True,False,False,False,1
blaoxa-58-like,True,False,False,False,1
blaoxa-61,True,True,False,False,2
blaoxa-66-like,True,False,False,False,1
blaoxa-69 -like,True,False,False,False,1
blaoxa-69-like,True,False,False,False,1
blaoxa-9-like,True,False,False,False,1
blaoxa/blalra13,False,False,True,True,2
blaoxa10,True,False,False,False,1
blaoxa10-02,True,False,False,False,1
blaoxa114a,True,False,False,False,1
blaoxa181,True,False,False,False,1
blaoxa184,True,False,False,False,1
blaoxa2,True,False,False,False,1
blaoxa23,True,False,False,False,1
blaoxa23-like,True,False,False,False,1
blaoxa232,True,False,False,False,1
blaoxa24,True,False,False,False,1
blaoxa24/40,True,False,False,False,1
blaoxa464,True,False,False,False,1
blaoxa48,True,False,False,False,1
blaoxa48-like,True,False,False,False,1
blaoxa491,True,False,False,False,1
blaoxa51,True,False,False,False,1
blaoxa51-like,True,False,False,False,1
blaoxa58,True,False,False,False,1
blaoxa58-like,True,False,False,False,1
blaoxa–48–like,True,False,False,False,1
blaoxa−10,True,False,False,False,1
blaoxa−181,True,False,False,False,1
blaoxa−211,True,False,False,False,1
blaoxa−23,True,False,False,False,1
blaoxa−48,True,False,False,False,1
blaoxa−48−like,True,False,False,False,1
blaoxa−66,True,False,False,False,1
blaoxa−69,True,False,False,False,1
blaoxa−9,True,False,False,False,1
blaoxy,True,True,True,True,4
blaoxy-1-21,True,False,False,False,1
blaoxy-1-22,True,False,False,False,1
blaoxy-2-32,True,False,False,False,1
blaoxy-2-33,True,False,False,False,1
blaoxy-2-34,True,False,False,False,1
blaoxy-2-35,True,False,False,False,1
blaoxy-2-36,True,False,False,False,1
blap,True,False,False,True,2
blap1,True,False,False,False,1
blap1a,True,False,False,False,1
blap99,True,False,False,False,1
blapac,True,False,True,True,3
blapad,True,False,True,True,3
blapam,True,True,True,True,4
blapan,True,False,False,True,2
blapao,False,True,False,False,1
blapau,True,True,True,True,4
blapc,True,False,False,False,1
blapdc,True,True,True,True,4
blapdc-279-like,True,False,False,False,1
blapdc1,True,False,False,False,1
blapdc2,True,False,False,False,1
blapdc− 1,True,False,False,False,1
blapdc− 5,True,False,False,False,1
blapdc−575,True,False,False,False,1
blapen-a,True,False,True,True,3
blapen-b,True,False,True,True,3
blapen-bcc,False,False,False,True,1
blapen-e,False,False,False,True,1
blapen-f,False,False,False,True,1
blapen-g,False,False,False,True,1
blapen-h,False,False,False,True,1
blapen-i,True,False,False,True,2
blapen-j,False,False,False,True,1
blapen-l,False,False,False,True,1
blapen-m,False,False,False,True,1
blapen-n,False,False,False,True,1
blaper,True,True,True,True,4
blaper1,True,False,False,False,1
blaper−7,True,False,False,False,1
blapfm,True,False,True,True,3
blapjm,True,False,True,True,3
blapla,False,True,True,True,3
blapln,False,False,True,True,2
blapme,True,True,True,True,4
blapnc,False,False,True,True,2
blapngm,False,False,True,True,2
blapom,True,True,True,True,4
blaprc,True,False,True,True,3
blapse,True,True,True,True,4
blapse1,True,False,False,False,1
blapse−1,True,False,False,False,1
blapst,True,False,True,True,3
blapsv,True,False,True,True,3
blapsz,True,False,True,True,3
blapyx,False,False,False,True,1
blar1,True,False,True,True,3
blar164s,True,False,False,False,1
blar39,False,False,True,True,2
blaraa,True,False,True,True,3
blarad,True,False,True,True,3
blarahn,True,True,True,True,4
blarahn2,True,False,False,False,1
blarasa,True,False,True,True,3
blarata,True,False,True,True,3
blarcp,True,False,True,True,3
blarho,True,False,True,True,3
blarm3,True,False,True,True,3
blarob,True,True,True,True,4
blarob−1,True,False,False,False,1
blarsa1,False,False,True,True,2
blarsa2,False,False,True,True,2
blarsc1,False,False,True,True,2
blarsd1,False,False,True,True,2
blarsd2,False,False,True,True,2
blartg,True,True,True,True,4
blarub,False,False,True,True,2
blas,True,False,True,True,3
blas1,False,False,True,False,1
blasam,True,False,False,True,2
blasco,True,True,True,True,4
blased,True,True,True,True,4
blasfc,True,True,True,True,4
blasfdc,False,False,True,True,2
blasfh,True,False,True,True,3
blasgm,True,True,True,True,4
blashd,True,False,True,True,3
blashn,False,False,True,True,2
blashv,True,True,True,True,4
blashv-11-like,True,False,False,False,1
blashv-28-like,True,False,False,False,1
blashv.79,True,False,False,False,1
blashv1,True,False,False,False,1
blashv106,True,False,False,False,1
blashv12,True,False,False,False,1
blashv2,True,False,False,False,1
blashv2a,True,False,False,False,1
blashv61,True,False,False,False,1
blashv66,True,False,False,False,1
blashv−01,True,False,False,False,1
blashv−02,True,False,False,False,1
blashv−1,True,False,False,False,1
blashv−103,True,False,False,False,1
blashv−11,True,False,False,False,1
blashv−110,True,False,False,False,1
blashv−12,True,False,False,False,1
blashv−129,True,False,False,False,1
blashv−172,True,False,False,False,1
blashv−187,True,False,False,False,1
blashv−67,True,False,False,False,1
blashv−81,True,False,False,False,1
blashv−94,True,False,False,False,1
blashv−96,True,False,False,False,1
blashw,False,False,True,True,2
blasie,True,False,True,True,3
blasim,True,True,True,True,4
blasiq,False,False,False,True,1
blasmb,True,True,True,True,4
blasme,True,True,True,True,4
blaspg,True,True,True,True,4
blaspi,False,False,False,True,1
blaspm,True,True,True,True,4
blaspn79,True,False,True,True,3
blaspr,True,False,True,True,3
blasps,True,False,True,True,3
blasrt,True,True,True,True,4
blasta,False,False,True,True,2
blatel,False,False,False,True,1
blatem,True,True,True,True,4
blatem .1,True,False,False,False,1
blatem − 1a,True,False,False,False,1
blatem −1,True,False,False,False,1
blatem-1 -pδ,True,False,False,False,1
blatem-1-a,True,False,False,False,1
blatem-1-b,True,False,False,False,1
blatem-1-like,True,False,False,False,1
blatem.1,True,False,False,False,1
blatem1,True,False,False,False,1
blatem1-d,True,False,False,False,1
blatem1-like,True,False,False,False,1
blatem1-β,True,False,False,False,1
blatem116,True,False,False,False,1
blatem1a,True,False,False,False,1
blatem1b,True,False,False,False,1
blatem1β,True,False,False,False,1
blatem_95,True,False,False,False,1
blatem–1–b,True,False,False,False,1
blatem−1,True,False,False,False,1
blatem−116,True,False,False,False,1
blatem−12,True,False,False,False,1
blatem−135,True,False,False,False,1
blatem−141,True,False,False,False,1
blatem−1b,True,False,False,False,1
blatem−206,True,False,False,False,1
blatem−214,True,False,False,False,1
blater,False,True,True,True,3
blathin-b,True,False,True,True,3
blatla,True,True,True,True,4
blatmb,True,True,True,True,4
blatru,True,True,True,True,4
blattu,False,False,True,True,2
blatus,True,True,True,True,4
blavam,True,True,True,True,4
blavcc,True,True,True,True,4
blaveb,True,True,True,True,4
blavhh,True,True,True,True,4
blavhw,True,True,True,True,4
blavim,True,True,True,True,4
blavim − 1,True,False,False,False,1
blavim-2-like,True,False,False,False,1
blavim1,True,False,False,False,1
blavim2,True,False,False,False,1
blavim4,True,False,False,False,1
blavim80,True,False,False,False,1
blavim−1,True,False,False,False,1
blavim−2,True,False,False,False,1
blavmb,True,True,True,True,4
blawus,True,False,True,True,3
blayem,True,False,True,True,3
blayoc,True,False,True,True,3
blayrc,True,False,True,True,3
blaz,True,True,True,True,4
blazeg-1,False,True,False,False,1
blazm,True,False,False,False,1
blazog,False,False,True,True,2
blc,True,False,False,False,1
ble,True,False,True,True,3
ble-sh,False,False,False,True,1
bleo,True,True,False,True,3
blma,True,False,False,True,2
blmb,True,False,False,True,2
blmt,False,False,True,False,1
blt,False,False,True,False,1
bmr,False,False,True,False,1
bmra,True,False,False,False,1
bona,True,False,False,False,1
bpea,True,False,False,False,1
bpeb,True,False,False,False,1
bper,True,False,False,False,1
bpet,True,False,False,False,1
bpsa,True,False,False,False,1
brade,True,False,False,False,1
brka,True,False,False,False,1
bsh,True,False,False,False,1
bsha,True,False,False,False,1
bshc,True,False,False,False,1
bsma,True,False,False,False,1
btub,True,False,False,False,1
cada,True,False,False,False,1
cada1,True,False,False,False,1
cada2,True,False,False,False,1
cada2k,True,False,False,False,1
cada3k,True,False,False,False,1
cadac,True,False,False,False,1
cadb,True,False,False,False,1
cadc,True,False,False,False,1
cadd,True,False,False,False,1
caddx,True,False,False,False,1
cadx,True,False,False,False,1
camk1,True,False,False,False,1
camk2,True,False,False,False,1
can1,True,False,False,False,1
cap8,True,False,False,False,1
car(a),True,True,True,True,4
caro,True,False,True,False,2
cas1,True,False,False,False,1
cas5,True,False,False,False,1
cas6f,True,False,False,False,1
cas9,True,False,False,False,1
casa1,True,False,False,False,1
casa2,True,False,False,False,1
cat,False,True,True,False,2
cat 1,True,False,False,False,1
cat 221,True,False,False,False,1
cat a138t,True,False,False,False,1
cat b4,True,False,False,False,1
cat ii,True,False,False,False,1
cat p194,True,False,False,False,1
cat(pc194),False,True,False,False,1
cat(pc221),False,True,False,False,1
cat(pc233),False,True,False,False,1
cat-tc,True,True,True,True,4
cat1,True,False,False,False,1
cat15/16,True,False,False,False,1
cat194,True,False,False,False,1
cat2,True,False,False,False,1
cat3,True,False,False,False,1
cat86,True,True,True,True,4
cata,True,True,True,True,4
cata1,True,True,True,True,4
cata10,True,False,False,False,1
cata11,True,False,False,False,1
cata13,True,True,True,True,4
cata15,False,True,True,True,3
cata16,False,True,True,True,3
cata1_1,True,False,False,False,1
cata2,True,True,True,True,4
cata2_1,True,False,False,False,1
cata3,True,True,True,True,4
cata4,True,True,True,True,4
cata5,True,False,False,False,1
cata7,True,False,False,False,1
cata8,True,False,True,False,2
cata9,True,False,False,False,1
catb,True,True,True,True,4
catb1,True,True,True,True,4
catb10,True,True,True,True,4
catb2,True,True,True,True,4
catb3,True,True,True,True,4
catb3_2,True,False,False,False,1
catb3s,True,False,False,False,1
catb4,True,False,False,False,1
catb5,True,False,False,False,1
catb7,True,True,True,True,4
catb8,True,True,True,True,4
catb8/aac(6)-ib,False,False,False,True,1
catb9,True,True,True,True,4
catc,False,False,False,True,1
catd,True,False,False,True,2
cati,True,False,False,False,1
catii,True,False,False,False,1
catp,True,True,True,True,4
catq,False,True,True,False,2
cats,False,True,True,False,2
catu,True,False,True,True,3
catv,False,False,True,True,2
cbla,True,False,True,True,3
cbrr,True,False,False,False,1
ccma,True,False,False,False,1
ccmf,True,False,False,False,1
ccmh,True,False,False,False,1
ccna_00497,True,False,False,False,1
ccna_02386,True,False,False,False,1
ccna_03538,True,False,False,False,1
ccra,True,False,True,False,2
ccra5,True,False,False,False,1
ccrb,True,False,False,False,1
ccrb3,True,False,False,False,1
ccsa,True,False,False,False,1
cdd1,True,False,False,False,1
cdd2,True,False,False,False,1
cdea,True,False,True,False,2
cdia,False,False,True,True,2
cdnimb,False,False,True,False,1
cdr1,True,False,False,False,1
cdr1b,True,False,False,False,1
cdr1p,True,False,False,False,1
cdr2,True,False,False,False,1
cdr2p,True,False,False,False,1
cdr4,True,False,False,False,1
cdr4p,True,False,False,False,1
cdsa,True,False,False,False,1
cela,True,False,False,False,1
cela1,True,False,False,False,1
ceoa,True,False,True,False,2
ceob,True,False,True,False,2
cepa,True,True,True,True,4
ceph,True,False,False,True,2
ceps,True,False,True,True,3
cfac,True,False,False,False,1
cfia,True,True,True,True,4
cfia13,True,False,False,False,1
cfia13_1,True,False,False,False,1
cfia2_1,True,False,False,False,1
cfr,True,True,True,True,4
cfr(a),False,False,True,False,1
cfr(b),True,True,True,True,4
cfr(c),True,True,True,True,4
cfr(d),True,True,True,True,4
cfr(e),True,True,True,True,4
cfr(f),False,False,False,True,1
cfra,True,False,False,False,1
cft2,True,False,False,False,1
cfxa,True,True,True,True,4
cfxa2,True,True,True,True,4
cfxa3,True,True,True,True,4
cfxa4,True,True,True,True,4
cfxa5,True,True,True,True,4
cfxa6,True,True,True,True,4
cgb,True,False,False,False,1
chez,True,False,False,False,1
chip,True,False,False,False,1
chix,True,False,False,False,1
chiz,True,False,False,False,1
chp2,True,False,False,False,1
chra,True,False,False,False,1
chrb,True,False,True,True,3
chrr,True,False,False,False,1
ciah,True,False,False,False,1
ciar,True,False,False,False,1
cina,True,False,False,False,1
cioab,True,False,False,False,1
cipa,True,False,True,True,3
cira,True,False,False,False,1
citm,True,False,False,False,1
cj0843c,True,False,False,False,1
cj1687,True,False,False,False,1
cjab,True,False,False,False,1
clba,True,False,True,True,3
clbb,True,False,True,True,3
clbc,True,False,True,True,3
clbp,True,False,False,False,1
clbq,True,False,False,False,1
clcb,True,False,False,False,1
clcd,False,False,True,False,1
clfa,True,False,False,False,1
clpa,True,False,False,False,1
clpc1,True,False,False,False,1
clpk,True,False,False,False,1
clpl,True,False,False,False,1
clpp,True,False,False,False,1
clpp1,True,False,False,False,1
clpp2,True,False,False,False,1
clps,True,False,False,False,1
clpx,True,False,False,False,1
cls,True,False,False,False,1
cls1,True,False,False,False,1
cls2,True,False,False,False,1
clsa,True,False,False,False,1
clsb,True,False,False,False,1
clsc,True,False,False,False,1
cmea,True,False,True,False,2
cmeac,True,False,False,False,1
cmeb,True,False,True,True,3
cmec,True,False,True,False,2
cmed,True,False,False,False,1
cmee,True,False,False,False,1
cmef,True,False,False,False,1
cmer,True,False,True,False,2
cmk,True,False,False,False,1
cml,True,True,False,True,3
cmla,True,True,True,True,4
cmla1,True,True,True,True,4
cmla1_1,True,False,False,False,1
cmla1b,True,False,False,False,1
cmla2,True,True,False,False,2
cmla4,True,True,True,True,4
cmla5,True,True,True,True,4
cmla7,True,True,False,False,2
cmla9,True,True,True,False,3
cmlb,True,False,True,True,3
cmlb1,True,True,True,True,4
cmlr,True,False,True,True,3
cmlv,False,True,True,True,3
cmoat,True,False,False,False,1
cmr,False,False,True,False,1
cmra,True,True,True,True,4
cmx,True,True,True,True,4
cnra,True,False,False,False,1
cnra3,True,False,False,False,1
cnta,True,False,False,False,1
coba,True,False,False,False,1
cobij,True,False,False,False,1
cody,True,False,False,False,1
comd,True,False,False,False,1
comea,True,False,False,False,1
copa,True,False,False,False,1
copad,True,False,False,False,1
copb,True,False,False,False,1
copbl,True,False,False,False,1
copc,True,False,False,False,1
copd,True,False,False,False,1
copg,True,False,False,False,1
copm,True,False,False,False,1
copr,True,False,False,False,1
cops,True,False,False,False,1
copz,True,False,False,False,1
cor,True,False,False,False,1
cora,True,False,False,False,1
corab,True,False,False,False,1
corc,True,False,False,False,1
cozeb,True,False,False,False,1
cpa,True,False,False,False,1
cpaa,True,False,True,False,2
cph,True,False,True,True,3
cpha,True,True,True,True,4
cpha1,True,False,False,False,1
cpha2,True,False,True,False,2
cpha3,True,False,True,False,2
cpha4,True,False,True,False,2
cpha5,True,False,True,False,2
cpha6,False,False,True,False,1
cpha7,True,False,True,False,2
cpha8,True,False,True,False,2
cplr,True,False,True,True,3
cpra,True,False,False,False,1
cprr,False,False,True,False,1
cprs,False,False,True,False,1
cpsa1,True,False,False,False,1
cpsa2,True,False,False,False,1
cpt,True,False,False,True,2
cpt1c,True,False,False,False,1
cptin,True,False,False,False,1
cpxa,True,False,True,False,2
cpxr,True,False,True,False,2
craa,True,False,False,False,1
crcb,True,False,True,False,2
crda,True,False,False,False,1
crdb,True,False,False,False,1
cred,True,False,False,False,1
cror,True,False,False,False,1
crp,True,False,True,False,2
crrb,True,False,False,False,1
crrc,True,False,False,False,1
crxa,True,False,True,True,3
csab,True,False,False,False,1
csbc,True,False,False,False,1
csbd,True,False,False,False,1
csgd,True,False,False,False,1
csgf,True,False,False,False,1
cspa,True,False,False,False,1
cstc,True,False,False,False,1
csue,True,False,False,False,1
ctpa,True,False,False,False,1
ctpc,True,False,False,False,1
ctxa,True,False,False,False,1
cuea,True,False,False,False,1
cueo,True,False,False,False,1
cueor,True,False,False,False,1
cuer,True,False,False,False,1
cusa,True,False,False,False,1
cusb,True,False,False,False,1
cusba,True,False,False,False,1
cusc,True,False,False,False,1
cusf,True,False,False,False,1
cusr,True,False,False,False,1
cusrs,True,False,False,False,1
cuss,True,False,False,False,1
cuta,True,False,False,False,1
cutc,True,False,False,False,1
cute,True,False,False,False,1
cutf,True,False,False,False,1
cvab,True,False,False,False,1
cwlm,True,False,False,False,1
cxpe,True,False,False,True,2
cya6mannnnnngrty,True,False,False,False,1
cyca,True,False,False,False,1
cyda,True,False,False,False,1
cydab,True,False,False,False,1
cymr,True,False,False,False,1
cyoa,True,False,False,False,1
cyp124,True,False,False,False,1
cyp128,True,False,False,False,1
cyp130,True,False,False,False,1
cyp142,True,False,False,False,1
cyp51,True,False,False,False,1
cyp51a,True,False,False,False,1
cyp51b,True,False,False,False,1
cyp51c,True,False,False,False,1
cysa,True,False,False,False,1
cysa2,True,False,False,False,1
cysa3,True,False,False,False,1
cysb,True,False,False,False,1
cysc,True,False,False,False,1
cysd,True,False,False,False,1
cyse,True,False,False,False,1
cysh,True,False,False,False,1
cysi,True,False,False,False,1
cysk,True,False,False,False,1
cysk2,True,False,False,False,1
cysq,True,False,False,False,1
czc c,True,False,False,False,1
czc d,True,False,False,False,1
czca,True,False,False,False,1
czcb,True,False,False,False,1
czcc,True,False,False,False,1
czcc2,True,False,False,False,1
czcd,True,False,False,False,1
czci,True,False,False,False,1
czcr,True,False,False,False,1
daca,True,False,False,False,1
dacc,True,False,False,False,1
dacd,True,False,False,False,1
dada,True,False,False,False,1
dam,True,False,False,False,1
dapa,True,False,False,False,1
dapf,True,False,False,False,1
dat,True,False,False,False,1
dcd,True,False,False,False,1
dck,True,False,False,False,1
ddcp,True,False,False,False,1
ddl,True,False,False,False,1
ddl2,True,False,False,False,1
ddl6,True,False,False,False,1
ddl7,True,False,False,False,1
ddlb,True,False,False,False,1
ddn,True,False,False,False,1
dead,True,False,False,False,1
deda,True,False,False,False,1
def,True,False,False,False,1
def2 vch,True,False,False,False,1
degp,True,False,False,False,1
degs,True,False,False,False,1
degu,True,False,False,False,1
deod,True,False,False,False,1
deor,True,False,False,False,1
der1,True,False,False,False,1
desa,True,False,False,False,1
desa3,True,False,False,False,1
desab,True,False,False,False,1
desb,True,False,False,False,1
desc,True,False,False,False,1
dfr 17,True,False,False,False,1
dfr 2d,True,False,False,False,1
dfr1,True,False,False,False,1
dfr12,True,False,False,False,1
dfr13,True,False,False,False,1
dfr14,True,False,False,False,1
dfr16,True,False,False,False,1
dfr17,True,False,False,False,1
dfr18,True,False,False,False,1
dfr22,False,False,True,False,1
dfr40,True,False,False,False,1
dfr49,True,False,False,False,1
dfr5,True,False,False,False,1
dfr6,True,False,False,False,1
dfr7,True,False,False,False,1
dfr9,True,False,False,False,1
dfra,True,True,True,True,4
dfra1,True,True,True,True,4
dfra10,True,True,True,True,4
dfra12,True,True,True,True,4
dfra12_8,True,False,False,False,1
dfra14,True,True,True,True,4
dfra14_5,True,False,False,False,1
dfra14b,True,False,False,False,1
dfra15,True,True,True,True,4
dfra15b,True,False,True,False,2
dfra16,True,True,True,True,4
dfra17,True,True,True,True,4
dfra17_1,True,False,False,False,1
dfra18,True,True,True,True,4
dfra19,True,True,True,True,4
dfra1_10,True,False,False,False,1
dfra1b,True,False,False,False,1
dfra20,True,True,True,True,4
dfra21,True,True,True,True,4
dfra22,True,True,True,True,4
dfra22e,True,False,False,False,1
dfra23,True,True,True,True,4
dfra24,True,True,True,True,4
dfra25,True,True,True,True,4
dfra26,True,True,True,True,4
dfra27,True,True,True,True,4
dfra29,True,True,True,True,4
dfra3,True,True,True,True,4
dfra30,True,True,True,True,4
dfra31,True,True,True,True,4
dfra32,True,True,True,True,4
dfra33,True,True,False,True,3
dfra34,True,True,True,True,4
dfra35,True,True,True,True,4
dfra36,True,True,True,True,4
dfra37,True,False,True,True,3
dfra38,True,False,True,True,3
dfra39,True,False,True,True,3
dfra3b,True,False,True,True,3
dfra4,False,False,False,True,1
dfra40,True,False,False,True,2
dfra41,True,False,False,True,2
dfra42,True,False,True,True,3
dfra43,True,False,True,True,3
dfra44,False,False,False,True,1
dfra45,False,False,False,True,1
dfra46,False,True,True,True,3
dfra47,False,True,True,True,3
dfra48,False,False,False,True,1
dfra49,True,False,False,True,2
dfra5,True,True,True,True,4
dfra50,True,False,False,True,2
dfra51,True,False,False,False,1
dfra52,True,False,False,True,2
dfra53,True,False,False,True,2
dfra5_1,True,False,False,False,1
dfra6,True,True,True,True,4
dfra7,True,True,True,True,4
dfra7_5,True,False,False,False,1
dfra8,True,True,True,True,4
dfra82,True,False,False,False,1
dfra8_1,True,False,False,False,1
dfra9,True,True,True,True,4
dfrb,True,True,True,True,4
dfrb1,True,True,True,True,4
dfrb12,True,False,False,False,1
dfrb13,True,False,False,True,2
dfrb14,True,False,False,False,1
dfrb15,True,False,False,False,1
dfrb16,True,False,False,False,1
dfrb17,True,False,False,False,1
dfrb18,True,False,False,False,1
dfrb19,True,False,False,False,1
dfrb2,True,True,True,True,4
dfrb20,True,False,False,False,1
dfrb21,True,False,False,True,2
dfrb2a,True,False,False,False,1
dfrb4,True,True,True,True,4
dfrb5,True,True,True,True,4
dfrb7,True,True,True,False,3
dfrc,True,False,True,True,3
dfrd,True,True,True,True,4
dfre,True,True,True,True,4
dfrf,True,False,True,True,3
dfrg,True,True,True,True,4
dfri,True,False,True,True,3
dfria,True,False,False,False,1
dfrk,True,True,True,True,4
dfrl,True,False,True,True,3
dinf,True,False,False,False,1
ding,True,False,False,False,1
dinj,True,False,False,False,1
dksa,True,False,False,False,1
dld,True,False,False,False,1
dlta,True,False,False,False,1
dltb,True,False,False,False,1
dltc,True,False,False,False,1
dltd,True,False,False,False,1
dltx,True,False,False,False,1
dnaa,True,False,True,False,2
dnae,True,False,False,False,1
dnak,True,False,False,False,1
dnax,True,False,False,False,1
dpda,True,False,False,False,1
dppa3,True,False,False,False,1
dppb,True,False,False,False,1
dpre1,True,False,False,False,1
dpre2,True,False,False,False,1
drca,False,False,False,True,1
drcab,True,False,False,False,1
drcb,False,False,False,True,1
drcr,False,False,False,True,1
drcs,False,False,False,True,1
drp35,True,False,False,False,1
drra,True,False,False,False,1
drrab,True,False,False,False,1
drrb,True,False,False,False,1
drrc,True,False,False,False,1
dsba,True,False,False,False,1
dsbab,True,False,False,False,1
dsbb,True,False,False,False,1
dsbc,True,False,False,False,1
dsra,True,False,False,False,1
dtd,True,False,False,False,1
dxr,True,False,False,False,1
dxs,True,False,False,False,1
eat(a),True,False,False,True,2
eata,True,False,False,False,1
eatav,True,False,False,False,1
ebrab,True,False,False,False,1
eccb3,True,False,False,False,1
eccb5,False,False,True,False,1
eccc5,False,False,True,False,1
echa19,True,False,False,False,1
eco94gmrsd,True,False,False,False,1
ecp a,True,False,False,False,1
ecsa1,True,False,False,False,1
edeq,False,False,True,False,1
eefab,True,False,False,False,1
eefb,True,False,False,False,1
ef-tu,False,False,True,False,1
ef_b0059,True,False,False,False,1
efaa,True,False,False,False,1
efma,True,False,True,False,2
efpa,True,False,True,False,2
efra,True,False,True,False,2
efrab,True,False,False,False,1
efrb,True,False,True,False,2
eis,True,False,False,False,1
eis2,True,False,False,False,1
elsl,True,False,False,False,1
emba,True,False,False,False,1
embc,True,False,False,False,1
embc-a,True,False,False,False,1
embr,True,False,False,False,1
emea,True,False,True,False,2
emha,False,False,False,True,1
emhb,True,False,False,True,2
emhc,True,False,False,True,2
emmdr,True,False,False,False,1
emra,True,False,True,True,3
emra1,True,False,False,False,1
emrab,True,False,False,False,1
emrb,True,False,True,True,3
emrc,True,False,False,True,2
emrd,True,False,True,True,3
emrd3,False,False,False,True,1
emrdk,True,False,False,False,1
emre,True,False,True,False,2
emrk,True,False,True,False,2
emrky,True,False,False,False,1
emrr,True,False,True,False,2
emry,True,False,True,False,2
emta,False,False,True,True,2
eno,True,False,False,False,1
enta,True,False,False,False,1
ents,True,False,False,False,1
envc,True,False,False,False,1
epta,False,False,True,False,1
epta1,True,False,False,False,1
epta2,True,False,False,False,1
eptb,False,False,True,False,1
ere(a),True,True,True,True,4
ere(a2),False,False,True,False,1
ere(b),True,True,True,True,4
ere(d),True,True,True,True,4
erea2,True,False,False,False,1
erea4b,True,False,False,False,1
erg3,True,False,False,False,1
erg3p,True,False,False,False,1
erm (41),True,False,False,False,1
erm (am),True,False,False,False,1
erm tr,True,False,False,False,1
erm(30),False,True,True,True,3
erm(31),False,True,True,True,3
erm(32),True,True,True,True,4
erm(33),True,True,True,True,4
erm(34),True,True,True,True,4
erm(35),True,True,True,True,4
erm(36),True,True,True,True,4
erm(37),True,True,True,True,4
erm(38),True,True,True,True,4
erm(39),True,True,True,True,4
erm(40),True,True,True,True,4
erm(41),True,True,True,False,3
erm(41)28t,True,False,False,False,1
erm(42),True,True,True,True,4
erm(43),True,True,True,True,4
erm(44),True,True,True,True,4
erm(44)v,True,True,True,True,4
erm(45),True,True,True,True,4
erm(46),True,True,True,True,4
erm(47),True,True,True,True,4
erm(48),True,True,True,True,4
erm(49),True,False,True,True,3
erm(50),True,True,True,True,4
erm(51),True,False,True,True,3
erm(52),True,False,True,True,3
erm(53),False,True,False,True,2
erm(54),True,True,False,True,3
erm(55),True,False,False,True,2
erm(56),True,False,True,True,3
erm(a),True,True,True,True,4
erm(am),True,False,False,False,1
erm(b),True,True,True,True,4
erm(c),True,True,True,True,4
erm(d),True,True,True,True,4
erm(e),True,True,True,True,4
erm(f),True,True,True,True,4
erm(g),True,True,True,True,4
erm(g351),True,False,False,False,1
erm(g423),True,False,False,False,1
erm(g612),True,False,False,False,1
erm(g879),True,False,False,False,1
erm(h),True,True,True,True,4
erm(k),True,False,True,True,3
erm(n),True,True,True,True,4
erm(o),True,True,True,True,4
erm(q),True,True,True,True,4
erm(r),True,True,True,True,4
erm(s),True,True,True,True,4
erm(t),True,True,True,True,4
erm(tr),True,False,False,False,1
erm(u),True,True,True,True,4
erm(v),True,True,True,True,4
erm(w),True,True,True,True,4
erm(x),True,True,True,True,4
erm(y),True,True,True,True,4
erm(z),True,True,True,True,4
erm-41,True,False,False,False,1
erm1,True,False,False,False,1
erm41,True,False,False,False,1
erm_1,True,False,False,False,1
erm_2,True,False,False,False,1
erma/b,True,False,False,False,1
erma1,True,False,False,False,1
ermac,True,False,False,False,1
ermam,True,False,False,False,1
ermb2,True,False,False,False,1
ermbc,True,False,False,False,1
ermbl,True,False,False,False,1
ermc/a,True,False,False,False,1
ermcl,True,False,False,False,1
ermfu,True,False,False,False,1
ermgt,True,False,False,False,1
ermsf,True,False,False,False,1
ermtr,True,False,False,False,1
erpa,True,False,False,False,1
espa,True,False,False,False,1
espj_2,True,False,False,False,1
espr,True,False,False,False,1
estdl136,True,True,False,True,3
estt,True,False,True,True,3
estx,True,False,False,True,2
etha,True,False,False,False,1
ethr,True,False,False,False,1
etta,True,False,False,False,1
evga,True,False,True,False,2
evgs,True,False,True,False,2
exbb,True,False,False,False,1
exbd,True,False,False,False,1
exo-1,False,False,True,False,1
exos,True,False,False,False,1
exou,True,False,False,False,1
exsa,True,False,False,False,1
exsd,True,False,False,False,1
fabd,True,False,False,False,1
fabf,True,False,False,False,1
fabg1,False,False,True,False,1
fabh,True,False,False,False,1
fabk,True,False,False,False,1
fabl,True,False,False,False,1
fabl2,True,False,False,False,1
fabv,True,False,False,False,1
faby,True,False,False,False,1
fabz,True,False,False,False,1
fact,False,False,True,False,1
fadd,True,False,False,False,1
fadd14,True,False,False,False,1
fade,True,False,False,False,1
fade24,True,False,False,False,1
fadl,True,False,False,False,1
far1,True,False,False,False,1
fara,False,False,True,False,1
farab,True,False,False,False,1
farb,True,False,True,True,3
fare,True,False,False,False,1
farr,True,False,False,False,1
fasa,True,False,False,False,1
fba,True,False,False,False,1
fbia,True,False,False,False,1
fbib,True,False,False,False,1
fbic,True,False,False,False,1
fcl_1,True,False,False,False,1
fcot,True,False,False,False,1
fdh1 cb,True,False,False,False,1
fdng,True,False,False,False,1
fdxb,True,False,False,False,1
feca,True,False,False,False,1
feci,True,False,False,False,1
fema,True,False,False,False,1
femab,True,False,False,False,1
femb,True,False,False,False,1
feoa,True,False,False,False,1
feoab,True,False,False,False,1
feoc,True,False,False,False,1
fepa,True,False,False,False,1
fepe,True,False,False,False,1
fepr,True,False,False,False,1
fetab,True,False,False,False,1
fexa,True,True,True,True,4
fexb,True,True,True,True,4
ffh,True,False,False,False,1
fgd1,True,False,False,False,1
fhab3,True,False,False,False,1
fib81,True,False,False,False,1
fief,True,False,False,False,1
fima,True,False,False,False,1
fimd,True,False,False,False,1
fimh,True,False,False,False,1
fimh64,True,False,False,False,1
fimz,True,False,False,False,1
flga,True,False,False,False,1
flgd,True,False,False,False,1
flge,True,False,False,False,1
flgj,True,False,False,False,1
flgkl,True,False,False,False,1
flhab,True,False,False,False,1
flhcd,True,False,False,False,1
flhf,True,False,False,False,1
flia,True,False,False,False,1
flic,True,False,False,False,1
flik,True,False,False,False,1
flor,True,True,True,True,4
flor2,True,True,True,True,4
florr,True,False,False,False,1
flu,True,False,False,False,1
fmro,False,True,False,False,1
fmt,True,False,False,False,1
fmta,True,False,False,False,1
fmtb,True,False,False,False,1
fnba,True,False,False,False,1
fnr,True,False,False,False,1
folb,True,False,False,False,1
folc,True,False,False,False,1
folm,True,False,False,False,1
folx,True,False,False,False,1
foma,True,True,True,True,4
fomb,False,True,True,True,3
fos,True,True,False,True,3
fos7,True,False,False,False,1
fosa,True,True,True,True,4
fosa11,True,False,False,True,2
fosa12,True,False,False,True,2
fosa13,True,False,False,True,2
fosa3_1,True,False,False,False,1
fosa7,True,True,True,True,4
fosa7_1,True,False,False,False,1
fosa8,True,False,True,True,3
fosa_3,True,False,False,False,1
fosa_4,True,False,False,False,1
fosa_5,True,False,False,False,1
fosa_6,True,False,False,False,1
fosb,True,True,True,True,4
fosc,False,True,True,True,3
fosc2,True,True,True,True,4
fosd,True,True,True,True,4
fose,False,True,False,True,2
fosf,False,True,False,True,2
fosg,False,True,True,True,3
fosi,True,True,True,True,4
fosk,True,True,True,True,4
fosl,True,True,True,True,4
fosm1,True,False,True,True,3
fosm2,True,False,True,True,3
fosm3,True,False,True,True,3
foss,False,False,False,True,1
fosu,False,False,False,True,1
fosx,True,True,True,True,4
fosxcc,True,False,True,True,3
fosy,True,True,True,True,4
fosz,False,False,False,True,1
fpr1,True,False,False,False,1
frdd,True,False,False,False,1
fre,True,False,False,False,1
frub,True,False,False,False,1
fsla,True,False,False,False,1
fsr,True,False,False,False,1
ftlc,True,False,False,False,1
ftn_1133,True,False,False,False,1
ftsh,True,False,False,False,1
ftsk,True,False,False,False,1
ftsl,True,False,False,False,1
ftsn,True,False,False,False,1
ftsw,True,False,False,False,1
ftsx,True,False,False,False,1
ftsz,True,False,False,False,1
fupa/b,True,False,False,False,1
fur,True,False,False,False,1
fur1,True,False,False,False,1
fura,True,False,False,False,1
fusb,True,True,True,True,4
fusb1,True,False,False,False,1
fusc,True,True,True,True,4
fusd,True,False,True,True,3
fusf,True,False,True,True,3
fush,True,False,True,True,3
ga-d2,True,False,False,False,1
gaca,True,False,False,False,1
gacs,True,False,False,False,1
gada,True,False,False,False,1
gadb,True,False,False,False,1
gadw,True,False,True,False,2
gadwx,True,False,False,False,1
gadx,True,False,True,False,2
gale,True,False,False,False,1
gapa,True,False,False,False,1
gapc,True,False,False,False,1
gar,True,True,False,True,3
garp,True,False,False,False,1
gatc,True,False,False,False,1
gbua,True,False,False,False,1
gdha,True,False,False,False,1
gdpd,False,False,True,False,1
gdx,True,False,False,False,1
gele,True,False,False,False,1
genr,True,False,False,False,1
gepa,True,False,False,False,1
gid,True,False,False,False,1
gidb,True,False,False,False,1
gima,False,False,True,False,1
glda,True,False,False,False,1
glf,True,False,False,False,1
glmm,True,False,False,False,1
glmr,True,False,False,False,1
glmu,True,False,False,False,1
glna,True,False,False,False,1
glna1,True,False,False,False,1
glnpq,True,False,False,False,1
gloa,True,False,False,False,1
glob,True,False,False,False,1
glpf,True,False,False,False,1
glpk,True,False,False,False,1
glpr,True,False,False,False,1
glpt,True,False,True,False,2
glti,True,False,False,False,1
gltk,True,False,False,False,1
glup,True,False,False,False,1
glxk,True,False,False,False,1
glya,True,False,False,False,1
glyu,True,False,False,False,1
glyx,True,False,False,False,1
glyy,True,False,False,False,1
gm r,True,False,False,False,1
gmhb,True,False,False,False,1
gmk,True,False,False,False,1
gnd,True,False,False,False,1
gols,True,False,True,False,2
golt,True,False,False,False,1
gor,True,False,False,False,1
gplr1,True,False,False,False,1
gpma,True,False,False,False,1
gpmi,True,False,False,False,1
gpsb,True,False,False,False,1
grab,True,False,False,False,1
graf,True,False,False,False,1
grar,True,False,False,False,1
grars,True,False,False,False,1
gras,True,False,False,False,1
grcc1,True,False,False,False,1
grda,True,True,False,True,3
grm,True,True,False,True,3
grma,False,True,False,False,1
grmb,False,True,False,False,1
grmo,False,True,False,False,1
groel,True,False,False,False,1
groes,True,False,False,False,1
grol,True,False,False,False,1
grpe,True,False,False,False,1
grxd,True,False,False,False,1
gsha,True,False,False,False,1
gshb,True,False,False,False,1
gspd,True,False,False,False,1
gst,True,False,False,False,1
gst_119,True,False,False,False,1
gst_121,True,False,False,False,1
gsta,True,False,False,False,1
gstb,True,False,False,False,1
gsti1,True,False,False,False,1
gstπ,True,False,False,False,1
guab,True,False,False,False,1
gutm,True,False,False,False,1
gutr,True,False,False,False,1
h-ns,True,False,True,False,2
had,True,False,False,False,1
hada,True,False,False,False,1
hadab,True,False,False,False,1
hadbc,True,False,False,False,1
hadc,True,False,False,False,1
hara,True,False,False,False,1
hasf,True,False,False,False,1
hcna,True,False,False,False,1
hcnb,True,False,False,False,1
hcnc,True,False,False,False,1
hcp,True,False,False,False,1
hcpc,True,False,False,False,1
hda,True,False,False,False,1
hdc,True,False,False,False,1
hdea,True,False,False,False,1
hdeb,True,False,False,False,1
hefa,True,False,False,False,1
helr,True,False,True,True,3
hely,True,False,False,False,1
hema,True,False,False,False,1
hemb,True,False,False,False,1
hemh,True,False,False,False,1
hepa,True,False,False,False,1
hept,True,False,False,False,1
hflc,True,False,False,False,1
hflkc,True,False,False,False,1
hflx,True,False,False,False,1
hflxr,True,False,False,False,1
hilc,True,False,False,False,1
hipa,True,False,False,False,1
hipa7,True,False,False,False,1
hipab,True,False,False,False,1
hisa,True,False,False,False,1
hisb,True,False,False,False,1
hisc,True,False,False,False,1
hisd,True,False,False,False,1
hisf,True,False,False,False,1
hisg,True,False,False,False,1
hldd,True,False,False,False,1
hlpa,True,False,False,False,1
hlya-alpha,True,False,False,False,1
hlyd,True,False,False,False,1
hmp,True,False,False,False,1
hmpa,True,False,False,False,1
hmrm,True,False,True,True,3
hmw1,True,False,False,False,1
hns,True,False,False,False,1
hom12,True,False,False,False,1
hp1181,False,False,True,False,1
hp1184,False,False,True,False,1
hpac,True,False,False,False,1
hpf,True,False,False,False,1
hprk/p,True,False,False,False,1
hprs,True,False,False,False,1
hrpa,True,False,False,False,1
hsdm,True,False,False,False,1
hsdr,True,False,False,False,1
hsds,True,False,False,False,1
hslj,True,False,False,False,1
hsp23,True,False,False,False,1
hsp70,True,False,False,False,1
hsp90,True,False,False,False,1
htpx,True,False,False,False,1
htra,True,False,False,False,1
huga,True,True,False,True,3
hupa,True,False,False,False,1
hyab,True,False,False,False,1
hydg,True,False,False,False,1
hyfj,True,False,False,False,1
ibag,True,False,False,False,1
ibea,True,False,False,False,1
icaa,True,False,False,False,1
icad,True,False,False,False,1
icl1,True,False,False,False,1
icmf3,True,False,False,False,1
icr-mo,True,False,True,True,3
igaa,True,False,False,False,1
ihfa,True,False,False,False,1
imih,False,True,False,False,1
imis,False,True,False,False,1
imp-2-group,True,False,False,False,1
infb,True,False,False,False,1
inia,True,False,False,False,1
inib,True,False,False,False,1
inic,True,False,False,False,1
ino1,True,False,False,False,1
int,True,False,False,False,1
int 1,True,False,False,False,1
int1,True,False,False,False,1
inta,True,False,False,False,1
intb,True,False,False,False,1
intd,True,False,False,False,1
inti 1,True,False,False,False,1
inti1,True,False,False,False,1
inti2,True,False,False,False,1
ipt1,True,False,False,False,1
irek,True,False,True,False,2
iri,True,False,True,True,3
irob,True,False,False,False,1
irocd,True,False,False,False,1
iron,True,False,False,False,1
isaa,True,False,False,False,1
iscr,True,False,False,False,1
iscs,True,False,False,False,1
ispa8,True,False,False,False,1
ispd,True,False,False,False,1
ispe,True,False,False,False,1
iss,True,False,False,False,1
istr,True,False,False,False,1
iuca,True,False,False,False,1
iuta,True,False,False,False,1
jefa,True,False,False,False,1
kamb,True,True,True,True,4
kamc,False,False,False,True,1
kasa,True,False,False,False,1
kasb,True,False,False,False,1
kata,True,False,False,False,1
kate,True,False,False,False,1
kdea,True,False,False,True,2
kdgr,True,False,False,False,1
kdpb,True,False,False,False,1
kdpc,True,False,False,False,1
kdpd,False,False,True,False,1
kdpe,True,False,True,False,2
kdtb,True,False,False,False,1
kexd,True,False,False,False,1
kgmb,False,True,False,False,1
khtu,True,False,False,False,1
klca,True,False,False,False,1
kmr,False,True,False,False,1
kmra,True,False,False,False,1
kphs_p300670,True,False,False,False,1
kphs_p300880,True,False,False,False,1
kpne,True,False,True,False,2
kpnef,True,False,False,False,1
kpnf,True,False,True,False,2
kpng,False,False,True,False,1
kpnh,False,False,True,False,1
kpse,True,False,False,False,1
ksga,True,False,False,False,1
ktra,True,False,False,False,1
ktrbd,True,False,False,False,1
ktrc,True,False,False,False,1
ktrd,True,False,False,False,1
lactb,True,False,False,False,1
lafa,True,False,False,False,1
lamb,True,False,False,False,1
lana,True,False,False,False,1
lapc,True,False,False,False,1
lasa,True,False,False,False,1
lasb,True,False,False,False,1
lasr,True,False,False,False,1
lat,True,False,False,False,1
lcp1,True,False,False,False,1
lcpa,True,False,False,False,1
ldca,True,False,False,False,1
lde,True,False,False,False,1
ldrd,True,False,False,False,1
ldt mt2,True,False,False,False,1
ldtd,True,False,False,False,1
leca,True,False,False,False,1
lepa,True,False,False,False,1
lepb,True,False,False,False,1
leu taa,True,False,False,False,1
leuo,True,False,True,False,2
leus,True,False,False,False,1
lexa,True,False,False,False,1
lfra,True,False,True,False,2
lgt,True,False,False,False,1
lhr,True,False,False,False,1
liaf,True,False,False,False,1
liah,True,False,False,False,1
liar,True,False,False,False,1
lias,True,False,False,False,1
liax,True,False,False,False,1
lieab,True,False,False,False,1
lig,True,False,False,False,1
ligb,True,False,False,False,1
ligm,True,False,False,False,1
ligv,True,False,False,False,1
lin,False,False,True,False,1
lina,True,False,False,False,1
lina/a,True,False,False,False,1
linb,True,False,False,False,1
linc01134,True,False,False,False,1
ling,False,False,True,False,1
linj.06.1010,True,False,False,False,1
linj.10.1090,True,False,False,False,1
linj.21.1450,True,False,False,False,1
linj.30.3560,True,False,False,False,1
linj.32.0050,True,False,False,False,1
linj.34.1110,True,False,False,False,1
linj.34.3220,True,False,False,False,1
linj.36.0790,True,False,False,False,1
linj.36.2510,True,False,False,False,1
lipd,True,False,False,False,1
lmo0441,True,False,False,False,1
lmo0762,True,False,False,False,1
lmo0919,True,False,False,False,1
lmr(a),False,True,False,False,1
lmra,True,False,False,False,1
lmrb,True,False,True,False,2
lmrb2,True,False,False,False,1
lmrb2/3,True,False,False,False,1
lmrc,True,False,True,True,3
lmrcd,True,False,False,False,1
lmrd,True,False,True,False,2
lmrp,True,False,True,False,2
lmrs,True,False,True,False,2
lnu ( f ) _1,True,False,False,False,1
lnu a_1,True,False,False,False,1
lnu(a),True,True,True,True,4
lnu(an2),True,False,False,True,2
lnu(b),True,True,True,True,4
lnu(c),True,True,True,True,4
lnu(d),True,True,True,True,4
lnu(e),True,True,True,True,4
lnu(f),True,True,True,True,4
lnu(g),True,True,True,True,4
lnu(h),True,False,True,True,3
lnu(i),True,False,False,True,2
lnu(p),True,True,True,True,4
lnufg,True,False,False,False,1
lolc,True,False,False,False,1
lole,True,False,False,False,1
lpca,True,False,False,False,1
lpda,True,False,False,False,1
lpea,False,False,True,False,1
lpeb,False,False,True,False,1
lpp,True,False,False,False,1
lpqz,True,False,False,False,1
lprb,True,False,False,False,1
lps b,True,False,False,False,1
lpsa,False,False,True,False,1
lpsb,False,False,True,False,1
lpt3,True,False,False,False,1
lptd,False,False,True,False,1
lrp,True,False,False,False,1
lsa(a),True,True,True,True,4
lsa(b),True,True,True,True,4
lsa(c),True,True,True,True,4
lsa(d),True,False,True,True,3
lsa(e),True,True,True,True,4
lso,True,False,False,False,1
lspa,True,False,False,False,1
ltas,True,False,False,False,1
ltasa,True,False,False,False,1
luke,True,False,False,False,1
luxs,True,False,False,False,1
lysx,True,False,False,False,1
lyta,True,False,False,False,1
lyth,True,False,False,False,1
m35,False,False,True,False,1
maa1979,True,False,False,False,1
maa2520,True,False,False,False,1
macab,True,False,True,False,2
macb,True,False,True,False,2
malk,True,False,False,False,1
malt,True,False,False,False,1
map,True,False,False,False,1
map3734c,True,False,False,False,1
map3736c,True,False,False,False,1
map3739c,True,False,False,False,1
map3740,True,False,False,False,1
map3747c,True,False,False,False,1
map3749,True,False,False,False,1
map3751,True,False,False,False,1
map3765,True,False,False,False,1
map3767c,True,False,False,False,1
map3769c,True,False,False,False,1
map3770,True,False,False,False,1
map3772c,True,False,False,False,1
map3778,True,False,False,False,1
mapa,True,False,False,False,1
mara,False,False,True,False,1
mara47 yp,True,False,False,False,1
marb,True,False,False,False,1
marc,True,False,False,False,1
marr,True,False,False,False,1
mas,True,False,False,False,1
mazf3,True,False,False,False,1
mbl,True,False,False,False,1
mbtd,True,False,False,False,1
mcbr,True,False,False,False,1
mce1r,True,False,False,False,1
mce4,True,False,False,False,1
mco,True,False,False,False,1
mcr-1,True,True,True,True,4
mcr-10,True,True,True,True,4
mcr-11,True,False,False,True,2
mcr-12,True,False,False,True,2
mcr-13,True,False,False,True,2
mcr-2,True,True,True,True,4
mcr-3,True,True,True,True,4
mcr-4,True,True,True,True,4
mcr-5,True,True,True,True,4
mcr-6,True,True,True,True,4
mcr-7,True,True,True,True,4
mcr-8,True,True,True,True,4
mcr-9,True,True,True,True,4
mcss,True,False,False,False,1
mdaa,True,False,False,False,1
mdea,True,False,True,False,2
mdf (a),True,False,False,False,1
mdf a,True,False,False,False,1
mdf(a),True,False,False,False,1
mdf(a)_1,True,False,False,False,1
mdfa,True,False,True,False,2
mdfa2,True,False,False,False,1
mdh,True,False,False,False,1
mdla,True,False,False,False,1
mdr 1,True,False,False,False,1
mdr1,True,False,False,False,1
mdr1/p-gp,True,False,False,False,1
mdr2,True,False,False,False,1
mdr3,True,False,False,False,1
mdr4,True,False,False,False,1
mdr50,True,False,False,False,1
mdr65,True,False,False,False,1
mdra,True,False,False,False,1
mdrl,True,False,False,False,1
mdrt,True,False,False,False,1
mdsa,True,False,True,True,3
mdsab,True,False,False,False,1
mdsb,True,False,True,True,3
mdsc,False,False,True,False,1
mdt,True,False,True,True,3
mdt a,True,False,False,False,1
mdt b,True,False,False,False,1
mdt c,True,False,False,False,1
mdt k,True,False,False,False,1
mdt(a),True,True,False,False,2
mdta,True,False,True,False,2
mdtab,True,False,False,False,1
mdtb,True,False,True,False,2
mdtbc,True,False,False,False,1
mdtc,True,False,True,False,2
mdtd,True,False,False,False,1
mdte,True,False,True,False,2
mdtef,True,False,False,False,1
mdtf,True,False,True,False,2
mdtg,True,False,True,False,2
mdth,True,False,True,False,2
mdtk,True,False,True,False,2
mdtl,True,False,False,False,1
mdtm,True,False,True,True,3
mdtn,True,False,True,False,2
mdto,True,False,True,False,2
mdtp,True,False,True,False,2
mdtq,True,False,True,False,2
mdtr,True,False,False,False,1
mdtrp,True,False,False,False,1
meca,True,True,True,True,4
meca m,True,False,False,False,1
meca1,True,True,False,True,3
meca2,True,True,False,True,3
mecb,True,True,True,True,4
mecc,True,True,True,True,4
mecc2,True,True,False,True,3
mecc3,True,False,False,True,2
mecca,True,False,False,False,1
mecd,True,True,True,True,4
meci,True,False,True,True,3
mecl,False,False,True,False,1
mecr1,True,False,True,True,3
mecr2,True,False,False,False,1
mecri,True,False,False,False,1
mef a/e,True,False,False,False,1
mef(a),True,True,True,True,4
mef(a/e),True,False,False,False,1
mef(b),True,True,True,True,4
mef(c),True,True,True,True,4
mef(d),True,False,True,True,3
mef(en2),True,False,True,True,3
mef(f),True,False,True,True,3
mef(h),True,False,True,True,3
mef(j),False,False,True,True,2
mefa/e,True,False,False,False,1
mefa_10,True,False,False,False,1
mefae,True,False,False,False,1
meff a,True,False,False,False,1
mel,False,False,True,False,1
menb,True,False,False,False,1
mend,True,False,False,False,1
meng,True,False,False,False,1
mepa,True,False,True,True,3
mepab,True,False,False,False,1
mepk,True,False,False,False,1
mepm,True,False,False,False,1
mepm1,True,False,False,False,1
mepr,True,False,True,False,2
mera,True,False,False,False,1
merb,True,False,False,False,1
merc,True,False,False,False,1
merc5,True,False,False,False,1
merd,True,False,False,False,1
mere,True,False,False,False,1
merg,True,False,False,False,1
merp,True,False,False,False,1
merr,True,False,False,False,1
merr1,True,False,False,False,1
mert,True,False,False,False,1
metb,True,False,False,False,1
mete,True,False,False,False,1
metf,True,False,False,False,1
metg2,True,False,False,False,1
meth,True,False,False,False,1
metk,True,False,False,False,1
mets1,True,False,False,False,1
mets2,True,False,False,False,1
mex c,True,False,False,False,1
mexa,True,False,True,True,3
mexab,True,False,False,False,1
mexb,True,False,True,False,2
mexc,True,False,True,False,2
mexd,True,False,True,False,2
mexe,True,False,True,True,3
mexf,True,False,True,False,2
mexg,True,False,True,False,2
mexh,True,False,True,False,2
mexi,True,False,True,False,2
mexj,True,False,True,False,2
mexk,True,False,True,False,2
mexl,True,False,True,False,2
mexm,False,False,True,False,1
mexn,True,False,True,False,2
mexp,False,False,True,False,1
mexq,True,False,True,False,2
mexr,True,False,False,False,1
mexs,True,False,False,False,1
mexv,True,False,True,False,2
mexvw,True,False,False,False,1
mexw,True,False,True,False,2
mexx,True,False,True,True,3
mexxy,True,False,False,False,1
mexy,True,False,True,False,2
mexyz,True,False,False,False,1
mfd,True,False,True,False,2
mfpa,True,False,True,False,2
mglb,True,False,False,False,1
mgra,True,False,True,False,2
mgrb,True,False,True,False,2
mgt,True,False,True,True,3
mgta,True,False,True,False,2
mgtc,True,False,False,False,1
mhpe,True,False,False,False,1
mhqr,True,False,False,False,1
miaa,True,False,False,False,1
micf,True,False,False,False,1
mipa,True,False,True,False,2
mipb,True,False,False,False,1
misr,True,False,False,False,1
mlaa,True,False,False,False,1
mlac,True,False,False,False,1
mlad,False,False,True,False,1
mlae,True,False,False,False,1
mlaf,True,False,True,False,2
mlebca,False,False,False,True,1
mlebcb,False,False,False,True,1
mlebrb,False,False,False,True,1
mlecbf,False,False,False,True,1
mlepba,False,False,False,True,1
mlepbb,False,False,False,True,1
mltb,True,False,False,False,1
mltc,True,False,False,False,1
mltd,True,False,False,False,1
mlte,True,False,False,False,1
mltf,True,False,False,False,1
mltf2,True,False,False,False,1
mltg,True,False,False,False,1
mmaa3,True,False,True,False,2
mmaa4,True,False,False,False,1
mmp,True,False,False,False,1
mmpl11,True,False,False,False,1
mmpl3,True,False,False,False,1
mmpl5,True,False,False,False,1
mmpl7,True,False,False,False,1
mmpl9,True,False,False,False,1
mmpr5,True,False,False,False,1
mmps5,True,False,False,False,1
mmr,True,False,False,False,1
mnma,True,False,False,False,1
mnmg,True,False,False,False,1
mnta,True,False,False,False,1
mntb,True,False,False,False,1
mntc,True,False,False,False,1
mod,True,False,False,False,1
moda,True,False,False,False,1
moew,True,False,False,False,1
moex,True,False,False,False,1
mog,True,False,False,False,1
motab,True,False,False,False,1
mph(a),True,True,True,True,4
mph(a)_2,True,False,False,False,1
mph(b),True,True,True,True,4
mph(c),True,True,True,True,4
mph(d),False,True,False,False,1
mph(e),True,True,True,True,4
mph(f),False,True,True,True,3
mph(g),True,True,True,True,4
mph(g1169),True,False,False,False,1
mph(g373),True,False,False,False,1
mph(i),False,True,False,False,1
mph2,True,False,False,False,1
mphbm,True,False,False,False,1
mphh,False,False,True,True,2
mphi,True,True,True,False,3
mphj,False,True,True,True,3
mphk,True,True,True,True,4
mphl,True,False,True,True,3
mphm,False,False,True,True,2
mphn,False,True,True,True,3
mpho,False,False,True,False,1
mphpi,True,False,False,False,1
mphr,True,False,False,False,1
mpl,True,False,False,False,1
mpr1,True,False,False,False,1
mpr2,True,False,False,False,1
mpra,True,False,False,False,1
mprf,True,False,True,False,2
mprf2,True,False,False,False,1
mpta,True,False,False,False,1
mraw,True,False,False,False,1
mray,True,False,False,False,1
mrca,True,False,False,False,1
mrcb,True,False,False,False,1
mrda,True,False,False,False,1
mrdh,True,False,False,False,1
mrea,True,True,True,False,3
mreb,True,False,False,False,1
mrk d,True,False,False,False,1
mrkd,True,False,False,False,1
mrp,True,False,False,False,1
mrp1,True,False,False,False,1
mrp2,True,False,False,False,1
mrp4,True,False,False,False,1
mrp5,True,False,False,False,1
mrp7,True,False,False,False,1
mrpa,True,False,False,False,1
mrr1,True,False,False,False,1
mrs(a),True,False,False,False,1
mrsa,True,False,False,False,1
mrx(a),True,False,True,True,3
msba,True,False,True,False,2
msha,True,False,False,False,1
mshb,True,False,False,False,1
mshd,True,False,False,False,1
msi-oxa,False,False,True,False,1
mspa,True,False,False,False,1
msr(a),True,True,True,True,4
msr(a/b),True,False,False,False,1
msr(b),True,False,True,False,2
msr(c),True,True,True,True,4
msr(d),True,True,False,True,3
msr(e),True,True,True,True,4
msr(g),False,False,True,True,2
msr(i),False,False,True,True,2
msra/b,True,False,False,False,1
msra/d,True,False,False,False,1
msra/msrb,True,False,False,False,1
msra2,True,False,False,False,1
msrab,True,False,False,False,1
msrb,True,False,False,False,1
msrf,True,False,True,True,3
msrh,True,False,True,True,3
mstx,True,False,False,False,1
mtra,True,False,True,True,3
mtrc,True,False,True,True,3
mtrcd,True,False,False,False,1
mtrd,True,False,True,False,2
mtre,True,False,True,False,2
mtrf,True,False,False,False,1
mtrr,True,False,False,False,1
mtrr1,True,False,False,False,1
mucd,True,False,False,False,1
mupa,True,True,True,True,4
mupb,True,True,True,True,4
mupp,True,False,False,False,1
mura,False,False,True,False,1
muraa,True,False,False,False,1
murab,True,False,False,False,1
murc,True,False,False,False,1
murd,True,False,False,False,1
mure,True,False,False,False,1
murf,True,False,False,False,1
muri,True,False,False,False,1
muri1,True,False,False,False,1
murj,True,False,False,False,1
murm,True,False,False,False,1
murmn,True,False,False,False,1
murn,True,False,False,False,1
muru,True,False,False,False,1
mutl,True,False,False,False,1
mutm,True,False,False,False,1
muts,True,False,False,False,1
mutt,True,False,False,False,1
muty,True,False,False,False,1
muxa,False,False,True,False,1
muxb,True,False,True,False,2
muxc,True,False,True,False,2
mvat,True,False,True,False,2
myra,True,False,True,True,3
mzra,True,False,False,False,1
nada,True,False,False,False,1
nadb,True,False,False,False,1
nadc,True,False,False,False,1
naga,True,False,False,False,1
nagz,True,False,False,False,1
nalc,True,False,False,False,1
nana,True,False,False,False,1
nane,True,False,False,False,1
nara,True,True,False,True,3
narab,True,False,False,False,1
narb,True,True,False,True,3
narg,True,False,False,False,1
narq,True,False,False,False,1
nasa,True,False,False,False,1
nat,True,False,True,False,2
nat2*5,True,False,False,False,1
nat2*5b,True,False,False,False,1
nat3,True,False,False,False,1
nata,True,False,False,False,1
nccb,True,False,False,False,1
ndh,True,False,False,False,1
ndha,True,False,False,False,1
ndvb,True,False,False,False,1
nemr,True,False,False,False,1
netb,True,False,False,False,1
neuc,True,False,False,False,1
nfar_rox,False,False,True,False,1
nfnb,True,False,False,False,1
nfra1,True,False,False,False,1
nfsa,True,False,False,False,1
nfsb,True,False,False,False,1
nfua,True,False,False,False,1
nfxb,True,False,False,False,1
nhaa,True,False,False,False,1
nhaa1,True,False,False,False,1
nhaa2,True,False,False,False,1
nict,True,False,False,False,1
nikd,True,False,False,False,1
nima,True,True,True,True,4
nimb,True,True,True,True,4
nimb-cd,False,False,True,True,2
nimc,True,True,True,True,4
nimd,True,True,True,True,4
nime,True,True,True,True,4
nimf,False,True,True,False,2
nimg,False,False,True,True,2
nimh,False,True,True,False,2
nimi,True,True,True,True,4
nimj,True,True,True,True,4
nimk,True,False,True,True,3
nirc,True,False,False,False,1
nlpd,True,False,False,False,1
nlpe,True,False,False,False,1
nlpi,True,False,False,False,1
nmca,False,False,True,False,1
nmcr,False,False,True,False,1
nms,True,False,False,True,2
noha,True,False,False,False,1
nora,True,False,True,False,2
norb,True,False,True,False,2
norb/c,True,False,False,False,1
norb1,True,False,False,False,1
norb4,True,False,False,False,1
norc,True,False,True,False,2
norm,True,False,False,True,2
norr,True,False,False,False,1
norv,True,False,False,False,1
nova,False,False,True,False,1
npma,True,True,True,True,4
npma2,True,False,False,False,1
npmb,True,False,False,True,2
npmc,False,False,False,True,1
nrdd,True,False,False,False,1
nrdf2,True,False,False,False,1
nrdr,True,False,False,False,1
nreb,True,False,False,False,1
nshr,False,False,False,True,1
nsrr,True,False,False,False,1
nth,True,False,False,False,1
nudb,True,False,False,False,1
nudc,True,False,True,False,2
nudt15,True,False,False,False,1
nuoa,True,False,False,False,1
nuoc,True,False,False,False,1
nuod,True,False,False,False,1
nuof,True,False,False,False,1
nuog,True,False,False,False,1
nuok,True,False,False,False,1
nuom,True,False,False,False,1
nuon,True,False,False,False,1
oata,True,False,False,False,1
ohr,True,False,False,False,1
ohrb,True,False,False,False,1
ole(b),True,True,True,True,4
ole(c),True,True,False,False,2
olec,True,False,True,False,2
oled,True,False,True,True,3
olei,True,False,True,True,3
omp1,False,False,True,False,1
ompa,True,False,True,False,2
ompb,True,False,False,False,1
ompc,True,False,True,False,2
ompc_378,True,False,False,False,1
ompcf,True,False,False,False,1
ompd,True,False,False,False,1
ompf,True,False,False,False,1
omph,True,False,False,False,1
ompk26,True,False,False,False,1
ompk35,True,False,True,False,2
ompk36,True,False,True,False,2
ompk36v,True,False,False,False,1
ompk37,True,False,True,False,2
ompp,True,False,False,False,1
ompp2,True,False,False,False,1
ompt,True,False,True,False,2
omptp,True,False,False,False,1
ompu,True,False,True,False,2
ompv,True,False,False,False,1
ompw,True,False,False,False,1
ompx,True,False,False,False,1
omra,True,False,False,False,1
oord,True,False,False,False,1
opc,True,False,False,False,1
opcm,True,False,True,False,2
opdp,True,False,False,False,1
opggh,True,False,False,False,1
opmb,False,False,True,False,1
opmd,True,False,True,False,2
opme,False,False,True,False,1
opmh,True,False,True,False,2
oppa,True,False,False,False,1
oppc,True,False,False,False,1
oppd,True,False,False,False,1
oppf,True,False,False,False,1
opr86,True,False,False,False,1
opra,True,False,True,False,2
oprb,True,False,False,False,1
oprc,True,False,False,False,1
oprd,True,False,False,False,1
oprd2,True,False,False,False,1
oprf,True,False,False,False,1
oprh,True,False,False,False,1
opri,True,False,False,False,1
oprj,True,False,True,False,2
oprm,True,False,True,False,2
oprn,True,False,True,False,2
opro,True,False,False,False,1
oprp,True,False,False,False,1
oprz,False,False,True,False,1
optra,True,True,True,True,4
oqxa,True,True,True,True,4
oqxab,True,False,False,False,1
oqxb,True,True,True,True,4
oqxb1,True,False,False,False,1
oqxb_1,True,False,False,False,1
oqxr,True,False,False,False,1
orfx,True,False,False,False,1
orn,True,False,False,False,1
orr214,True,False,False,False,1
orr935,True,False,False,False,1
osar,True,False,False,False,1
osmy,True,False,False,False,1
ospr,True,False,False,False,1
otr(a),True,True,True,True,4
otr(b),True,True,True,True,4
otr(c),False,True,True,False,2
oxaab (65),True,False,False,False,1
oxaab (94),True,False,False,False,1
oxca,True,False,False,False,1
oxyr,True,False,False,False,1
pabb,True,False,False,False,1
pac,True,False,False,False,1
pad1,True,False,False,False,1
pafc,True,False,False,False,1
paga,True,False,False,False,1
panc,True,False,False,False,1
pand,True,False,False,False,1
pap2,True,False,False,False,1
papc,True,False,False,False,1
papg-i,True,False,False,False,1
papg-ii,True,False,False,False,1
parem,True,False,False,False,1
parr,False,False,True,False,1
pars,False,False,True,False,1
parsr,True,False,False,False,1
pary,False,False,True,False,1
pat,True,False,False,False,1
pata,True,False,True,False,2
pata/b,True,False,False,False,1
patab,True,False,False,False,1
patb,True,False,True,False,2
pbp1a,True,False,False,False,1
pbp1b,True,False,False,False,1
pbp2,True,False,False,False,1
pbp2a,True,False,False,False,1
pbp2b,True,False,False,False,1
pbp2c,True,False,False,False,1
pbp2m,True,False,False,True,2
pbp2x,True,False,False,False,1
pbp3,True,False,False,False,1
pbp3-s,True,False,False,False,1
pbp3r,True,False,False,False,1
pbp4a,True,False,False,False,1
pbpa,True,False,False,False,1
pbpa(2b),True,False,False,False,1
pbpb,True,False,False,False,1
pbpb3,True,False,False,False,1
pbpc,True,False,False,False,1
pbpd,True,False,False,False,1
pbpg,True,False,False,False,1
pbpx,True,False,False,False,1
pc1_blaz,False,False,True,False,1
pca24n,True,False,False,False,1
pcai,True,False,False,False,1
pcaii,True,False,False,False,1
pcnb,True,False,False,False,1
pcoa,True,False,False,False,1
pcob,True,False,False,False,1
pcoc,True,False,False,False,1
pcod,True,False,False,False,1
pcoe,True,False,False,False,1
pcor,True,False,False,False,1
pcos,True,False,False,False,1
pcp,True,False,False,False,1
pdaa,True,False,False,False,1
pdac,True,False,False,False,1
pdga,True,False,False,False,1
pdxj,True,False,False,False,1
pdxy,True,False,False,False,1
pe-pgrs57,True,False,False,False,1
pe_pgrs4,True,False,False,False,1
pen_p_1,True,False,False,False,1
pena,True,True,False,False,2
pena 60.001,True,False,False,False,1
pena1,True,False,False,False,1
pena35,True,False,False,False,1
pena41,True,False,False,False,1
pena60,True,False,False,False,1
pena795,True,False,False,False,1
pena832,True,False,False,False,1
pena910,True,False,False,False,1
pena_253,True,False,False,False,1
penp,True,False,False,False,1
pepi,True,False,False,False,1
pepn,True,False,False,False,1
pepp,True,False,False,False,1
pepq,True,False,False,False,1
perr,True,False,False,False,1
pet,True,False,False,False,1
petb,True,False,False,False,1
petc,True,False,False,False,1
pexa,True,True,True,True,4
pflb,True,False,False,False,1
pgaa,True,False,False,False,1
pgab,True,False,False,False,1
pgda,True,False,False,False,1
pgk,True,False,False,False,1
pgl,True,False,False,False,1
pgm,True,False,False,False,1
pgm6,True,False,False,False,1
pgma,True,False,False,False,1
pgp a,True,False,False,False,1
pgpa,True,False,False,False,1
pgpb,True,False,True,False,2
pgte,True,False,False,False,1
phes,True,False,False,False,1
phnc,True,False,False,False,1
phnc-p,True,False,False,False,1
phne,True,False,False,False,1
phnf,True,False,False,False,1
phnp,True,False,False,False,1
phnw,True,False,False,False,1
phob,True,False,False,False,1
phoe,True,False,False,False,1
phon1,True,False,False,False,1
phor,True,False,False,False,1
phr2,True,False,False,False,1
phzb1,True,False,False,False,1
phzm,True,False,False,False,1
phzs,True,False,False,False,1
pila1,True,False,False,False,1
pila2,True,False,False,False,1
pilb,True,False,False,False,1
pild,True,False,False,False,1
pile,True,False,False,False,1
pilq,True,False,False,False,1
pilq1,True,False,False,False,1
pilq2,True,False,False,False,1
pira,True,False,False,False,1
pita,True,False,False,False,1
pita6,True,False,False,False,1
piua,True,False,False,False,1
piucd,True,False,False,False,1
pknb,True,False,False,False,1
pkne,True,False,False,False,1
pknh,True,False,False,False,1
pkni,True,False,False,False,1
pks12,True,False,False,False,1
pks13,True,False,False,False,1
pksr100,True,False,False,False,1
pla,True,False,False,False,1
plac,True,False,False,False,1
plca,True,False,False,False,1
plcb,True,False,False,False,1
pls,True,False,False,False,1
plsb,True,False,False,False,1
plsc,True,False,False,False,1
plsx,True,False,False,False,1
ply,True,False,False,False,1
pmpm,True,False,True,False,2
pmra,True,False,True,True,3
pmrd,True,False,False,False,1
pmrf,True,False,True,False,2
pmrf2,True,False,False,False,1
pmrg,True,False,False,False,1
pmtr,True,False,False,False,1
pnba,True,False,False,False,1
pnp1g,True,False,False,False,1
pntaa,True,False,False,False,1
polc,True,False,False,False,1
pora,True,False,False,False,1
porb1b,True,False,False,False,1
porb8,True,False,False,False,1
pord,True,False,False,False,1
pota,True,False,False,False,1
potd,True,False,False,False,1
poxb,True,False,False,False,1
poxta,True,True,True,True,4
poxta-ef,False,True,False,True,2
pp-flo,False,False,True,False,1
ppa,True,False,False,False,1
ppac,True,False,False,False,1
ppat,True,False,False,False,1
ppe38,True,False,False,False,1
ppe42,True,False,False,False,1
ppe54,True,False,False,False,1
ppka,True,False,False,False,1
ppsa,True,False,False,False,1
ppsa-e,True,False,False,False,1
ppsd,True,False,False,False,1
ppta,True,False,False,False,1
ppx2l,True,False,False,False,1
pqib_2,True,False,False,False,1
pqse,True,False,False,False,1
prc,True,False,False,False,1
prfa,True,False,False,False,1
prfb,True,False,False,False,1
prfh,True,False,False,False,1
prka,True,False,False,False,1
prlf,True,False,False,False,1
prmb,True,False,False,False,1
proc,True,False,False,False,1
prop,True,False,False,False,1
proq,True,False,False,False,1
prp1,True,False,False,False,1
prpe,True,False,False,False,1
prs,True,False,False,False,1
prsa,True,False,False,False,1
prtr1,True,False,False,False,1
prtv,True,False,False,False,1
prur,True,False,False,False,1
psi-gi,True,False,False,False,1
psmb5,True,False,False,False,1
psmb6,True,False,False,False,1
pspa,True,False,False,False,1
pspc,True,False,False,False,1
pstb,True,False,False,False,1
psts,True,False,False,False,1
pta,True,False,False,False,1
ptb1-1,True,False,False,False,1
pth,True,False,False,False,1
pth3,True,False,False,False,1
pth4,True,False,False,False,1
ptk,True,False,False,False,1
ptr1,True,False,False,False,1
ptsh,True,False,False,False,1
ptsi,True,False,False,False,1
ptsn,True,False,False,False,1
ptsp,True,False,False,False,1
puma,True,False,False,False,1
pura,True,False,False,False,1
purb,True,False,False,False,1
purc,True,False,False,False,1
purm,True,False,False,False,1
purr,True,False,False,False,1
pvdd,True,False,False,False,1
pvds,True,False,False,False,1
pvrr,False,False,True,False,1
pyc,True,False,False,False,1
pycc,True,False,False,False,1
pyka,True,False,False,False,1
pykf,True,False,False,False,1
pyrb,True,False,False,False,1
pyrg,True,False,False,False,1
pyrr,True,False,False,False,1
qac,True,False,False,False,1
qac eδ1,True,False,False,False,1
qac eδ1-01,True,False,False,False,1
qaca,True,False,True,False,2
qacb,False,False,True,False,1
qacc,True,False,False,False,1
qaccd,True,False,False,False,1
qace,True,False,True,False,2
qace δ 1,True,False,False,False,1
qace δ1,True,False,False,False,1
qace1,True,False,False,False,1
qace2,True,False,False,False,1
qace2b,True,False,False,False,1
qaceδ1,True,False,False,False,1
qace∆1,True,False,False,False,1
qace△1,True,False,False,False,1
qacf,True,False,False,False,1
qacg,True,False,True,False,2
qacg2,True,False,False,False,1
qach,True,False,True,False,2
qach2,True,False,False,False,1
qacj,True,False,True,False,2
qacl,True,False,True,False,2
qacr,True,False,False,False,1
qacδe1,True,False,False,False,1
qcra,True,False,False,False,1
qcrb,True,False,False,False,1
qepa,True,True,True,True,4
qnr s3,True,False,False,False,1
qnr-b38,True,False,False,False,1
qnra,True,True,True,True,4
qnra8,False,True,False,False,1
qnras,True,False,True,True,3
qnrb,True,True,True,True,4
qnrb19_1,True,False,False,False,1
qnrb51,False,True,False,False,1
qnrb66-like,True,False,False,False,1
qnrb7-like,True,False,False,False,1
qnrb76,True,True,False,False,2
qnrb92,True,False,False,False,1
qnrc,True,True,True,True,4
qnrd,True,True,True,True,4
qnre,True,True,True,True,4
qnrs,True,True,True,True,4
qnrs1_1,True,False,False,False,1
qnrs3,True,True,False,False,2
qnrvc,True,True,True,True,4
qnrvc2,True,False,False,False,1
qor,True,False,False,False,1
qoxa,True,False,False,False,1
qseb,False,False,False,True,1
qsec,False,False,False,True,1
racd,True,False,False,False,1
rada,True,False,False,False,1
radc,True,False,False,False,1
rama,False,False,True,False,1
ramap,True,False,False,False,1
rana,True,False,True,True,3
ranb,True,False,True,True,3
rara,True,False,False,False,1
rard,True,False,False,False,1
rbpa,True,False,True,False,2
rbr1,True,False,False,False,1
rbsb,True,False,False,False,1
rbsd,True,False,False,False,1
rbsr,True,False,False,False,1
rcla,True,False,False,False,1
rclr,True,False,False,False,1
rcna,True,False,False,False,1
rcsa,True,False,False,False,1
rcsb,True,False,False,False,1
rcsc,True,False,False,False,1
rdmcl,False,False,False,True,1
rdxa,True,False,False,False,1
reca,True,False,False,False,1
recb,True,False,False,False,1
recc,True,False,False,False,1
recd,True,False,False,False,1
recg,True,False,False,False,1
recgm,True,False,False,False,1
recn,True,False,False,False,1
recu,True,False,False,False,1
rela,True,False,False,False,1
relj,True,False,False,False,1
relq,True,False,False,False,1
rep,True,False,False,False,1
rfae,True,False,False,False,1
rfaf,True,False,False,False,1
rfah,True,False,False,False,1
rfai,True,False,False,False,1
rfal,True,False,False,False,1
rfbb,True,False,False,False,1
rfbe,True,False,False,False,1
rfbi,True,False,False,False,1
rfbk,True,False,False,False,1
rfbm,True,False,False,False,1
rffm,True,False,False,False,1
rgt,False,False,True,True,2
rgt1438,True,False,True,False,2
ribb,True,False,False,False,1
ribd,True,False,False,False,1
ribe,True,False,False,False,1
rida,True,False,False,False,1
rimi,True,False,False,False,1
riml,True,False,False,False,1
rimp,True,False,False,False,1
rlma(ii),False,False,True,False,1
rlmkl,True,False,False,False,1
rlml,True,False,False,False,1
rlmn,True,False,False,False,1
rlpb,True,False,False,False,1
rluc,True,False,False,False,1
rlud,True,False,False,False,1
rmla,True,False,False,False,1
rmlb,True,False,False,False,1
rmlc,True,False,False,False,1
rmta,True,True,True,True,4
rmtb,True,True,True,True,4
rmtc,True,True,True,True,4
rmtd,True,True,True,True,4
rmte,True,True,True,True,4
rmte4,True,False,False,False,1
rmtf,True,True,True,True,4
rmtg,True,True,True,True,4
rmth,True,True,True,True,4
rnc,True,False,False,False,1
rng,True,False,False,False,1
rnha,True,False,False,False,1
rnhc,True,False,False,False,1
rnr2,True,False,False,False,1
rnr4,True,False,False,False,1
rob a,True,False,False,False,1
roba,True,False,True,False,2
roda,True,False,False,False,1
ros a,True,False,False,False,1
rosa,True,False,True,False,2
rosb,True,False,True,False,2
rox,True,False,True,True,3
rpfc,True,False,False,False,1
rpfg,True,False,False,False,1
rph,True,False,True,True,3
rpha,True,False,True,False,2
rphb,False,False,True,False,1
rphc,True,False,False,True,2
rphd,False,False,False,True,1
rpla,True,False,False,False,1
rple,True,False,False,False,1
rplf,True,False,False,False,1
rpli,True,False,False,False,1
rplk,True,False,False,False,1
rpll,True,False,False,False,1
rplq,True,False,False,False,1
rpls,True,False,False,False,1
rplx,True,False,False,False,1
rply,True,False,False,False,1
rpmb,True,False,False,False,1
rpme,True,False,False,False,1
rpmf,True,False,False,False,1
rpmg,True,False,False,False,1
rpob2,False,False,True,False,1
rpobc,True,False,False,False,1
rpoec,True,False,False,False,1
rpoz,True,False,False,False,1
rpsa,True,False,False,False,1
rpsb,True,False,False,False,1
rpsc,True,False,False,False,1
rpsd,True,False,False,False,1
rpsf,True,False,False,False,1
rpsp,True,False,False,False,1
rpsr,True,False,False,False,1
rpst,True,False,False,False,1
rraa,True,False,False,False,1
rrf,True,False,False,False,1
rrl,True,False,False,False,1
rrlb,True,False,False,False,1
rrs,True,False,False,False,1
rrs 1402c > t,True,False,False,False,1
rrs1,True,False,False,False,1
rrs:a1401g,True,False,False,False,1
rrs_513,True,False,False,False,1
rrs_905,True,False,False,False,1
rrsd,True,False,False,False,1
rrsh,True,False,False,False,1
rsbu,True,False,False,False,1
rsfs,True,False,False,False,1
rsha,True,False,False,False,1
rsma,True,False,True,False,2
rsmg,True,False,False,False,1
rspa,True,False,False,False,1
rsua,True,False,False,False,1
rtcb,True,False,False,False,1
rtcb2,True,False,False,False,1
ruma,True,False,False,False,1
rumb,True,False,False,False,1
ruva,True,False,False,False,1
ruvb,True,False,False,False,1
rv0044c,True,False,False,False,1
rv0094c,True,False,False,False,1
rv0191,True,False,False,False,1
rv0194,True,False,False,False,1
rv0200,True,False,False,False,1
rv0526,True,False,False,False,1
rv0565c,True,False,True,False,2
rv0579,True,False,False,False,1
rv0678,True,False,False,False,1
rv0678c,True,False,False,False,1
rv0687,True,False,False,False,1
rv0954,True,False,False,False,1
rv0986,True,False,False,False,1
rv1002c,True,False,False,False,1
rv1096,True,False,False,False,1
rv1152,True,False,False,False,1
rv1218c,True,False,False,False,1
rv1219c,True,False,False,False,1
rv1250,True,False,False,False,1
rv1258c,True,False,False,False,1
rv1273c,True,False,False,False,1
rv1288,True,False,False,False,1
rv1339,True,False,False,False,1
rv1410c,True,False,False,False,1
rv1453,True,False,False,False,1
rv1466,True,False,False,False,1
rv1473,True,False,False,False,1
rv1543,True,False,False,False,1
rv1597,True,False,False,False,1
rv1634,True,False,False,False,1
rv1634c,True,False,False,False,1
rv1667,False,False,True,False,1
rv1685c,True,False,False,False,1
rv1686c/87c,True,False,False,False,1
rv1730c,True,False,False,False,1
rv1747,True,False,False,False,1
rv1830,True,False,False,False,1
rv1877,True,False,True,False,2
rv1979c,True,False,False,False,1
rv2090,True,False,False,False,1
rv2170,True,False,False,False,1
rv2172c,True,False,False,False,1
rv2454c,True,False,False,False,1
rv2455c,True,False,False,False,1
rv2459,True,False,False,False,1
rv2477c,True,False,False,False,1
rv2560,True,False,False,False,1
rv2686c,True,False,False,False,1
rv2687c,True,False,False,False,1
rv2688c,True,False,False,False,1
rv2752c,True,False,False,False,1
rv2856,False,False,True,False,1
rv2983,True,False,False,False,1
rv2994,True,False,False,False,1
rv3007c,True,False,False,False,1
rv3041c,True,False,False,False,1
rv3094c,True,False,False,False,1
rv3129,True,False,False,False,1
rv3131,True,False,False,False,1
rv3230c,True,False,False,False,1
rv3239c,True,False,False,False,1
rv3406,True,False,False,False,1
rv3471c,True,False,False,False,1
rv3551,True,False,False,False,1
rv3848,True,False,False,False,1
sahh,True,False,False,False,1
sak,True,False,False,False,1
sal(a),True,True,True,True,4
sal(b),True,False,True,True,3
sal(c),True,False,True,True,3
sal(d),True,False,True,True,3
sal(e),True,False,True,True,3
sana,True,False,False,False,1
saouhsc_00969,True,False,False,False,1
saouhsc_01025,True,False,False,False,1
saouhsc_01050,True,False,False,False,1
saouhsc_02149,True,False,False,False,1
sap1,True,False,False,False,1
sap2,True,False,False,False,1
sap3,True,False,False,False,1
sap6,True,False,False,False,1
sapa,True,False,False,False,1
sapb,True,False,False,False,1
sapd,True,False,False,False,1
sat,True,False,False,False,1
sat 1,True,False,False,False,1
sat 2a,True,False,False,False,1
sat1,True,False,False,False,1
sat2,True,False,True,True,3
sat2a,True,False,False,False,1
sat3,True,False,True,True,3
sat4,True,False,True,True,3
sat4a,True,False,False,False,1
sata,True,False,True,True,3
satab,True,False,False,False,1
sav1866,False,False,True,False,1
sbma,True,False,False,False,1
sbmc,True,False,False,False,1
sbnd,True,False,False,False,1
sced,True,False,False,False,1
scn,True,False,False,False,1
sco2532,True,False,False,False,1
sco4121,True,False,False,False,1
sco4439,True,False,False,False,1
sdeab,True,False,False,False,1
sdeb,True,False,False,True,2
sdexy,True,False,False,False,1
sdey,True,False,False,True,2
sdha,True,False,False,False,1
sdhb,True,False,False,False,1
sdhc,True,False,False,False,1
sdia,True,False,True,False,2
sdrm,True,False,True,False,2
sec1,True,False,False,False,1
seca,True,False,False,False,1
secb,True,False,False,False,1
secd,True,False,False,False,1
sed,False,False,True,False,1
sepa,True,False,True,False,2
sera,True,False,False,False,1
sers2,True,False,False,False,1
sgm,True,True,True,True,4
sgtb,True,False,False,False,1
shp2,True,False,False,False,1
siac,True,False,False,False,1
siad,True,False,False,False,1
siga,True,False,False,False,1
sigb,True,False,False,False,1
sigh,True,False,False,False,1
sigr,True,False,False,False,1
sila,True,False,False,False,1
silb,True,False,False,False,1
silc,True,False,False,False,1
sile,True,False,False,False,1
siles,True,False,False,False,1
silp,True,False,False,False,1
silr,True,False,False,False,1
silrs,True,False,False,False,1
sils,True,False,False,False,1
sinh,True,False,False,False,1
sipa,True,False,False,False,1
skp,True,False,False,False,1
slp,True,False,False,False,1
slp4,True,False,False,False,1
slpal,True,False,False,False,1
slt,True,False,False,False,1
sltb1,True,False,False,False,1
smdab,True,False,False,False,1
smea,False,False,True,False,1
smeab,True,False,False,False,1
smeb,True,False,True,False,2
smec,True,False,True,False,2
smed,True,False,True,False,2
smee,True,False,True,False,2
smef,True,False,True,True,3
smer,False,False,True,False,1
smes,False,False,True,False,1
smet,True,False,False,False,1
smez,True,False,False,False,1
smfy,True,False,False,True,2
smqnr,True,False,False,False,1
smqnrb,True,False,False,False,1
smr,True,False,False,False,1
smra,True,False,False,False,1
smva,True,False,False,False,1
sod2343,True,False,False,False,1
soda,True,False,False,False,1
sodb,True,False,False,False,1
sodc1,True,False,False,False,1
sodci,True,False,False,False,1
soxr,False,False,True,False,1
spd,True,False,True,True,3
spdak,True,False,False,False,1
speb,True,False,False,False,1
specr,True,False,False,False,1
speg,True,False,False,False,1
sph,True,False,False,False,1
spot,True,False,False,False,1
spou,True,False,False,False,1
spovg,True,False,False,False,1
sppa,True,False,False,False,1
spr,True,False,False,False,1
spr0189,True,False,False,False,1
spr0443,True,False,False,False,1
spr0812/0813,True,False,False,False,1
spr0813,True,False,False,False,1
spr1120,True,False,False,False,1
spr1121,True,False,False,False,1
spr1885,True,False,False,False,1
spr1887,True,False,False,False,1
spsb,True,False,False,False,1
spvb,True,False,False,False,1
spw,True,False,False,True,2
spx,True,False,False,False,1
spxa2,True,False,False,False,1
spy,True,False,False,False,1
spy49_0414c,True,False,False,False,1
srl,True,False,False,False,1
srm(b),True,True,True,True,4
ssa,False,False,True,False,1
ssb,True,False,False,False,1
ssei,True,False,False,False,1
ssp4,True,False,False,False,1
sspa,True,False,False,False,1
sspb,True,False,False,False,1
ssra,True,False,False,False,1
sta,True,False,True,True,3
stk1,True,False,False,False,1
stm0343,True,False,False,False,1
stm0716,True,False,False,False,1
stm0959,True,False,False,False,1
stm1292,True,False,False,False,1
stm1485,True,False,False,False,1
stm1530,True,False,False,False,1
stm1731,True,False,False,False,1
stm1795,True,False,False,False,1
stm1808,True,False,False,False,1
stm3175,True,False,False,False,1
stm3472,True,False,False,False,1
stm3997,True,False,False,False,1
stm4242,True,False,False,False,1
stp1,True,False,False,False,1
str,True,True,False,True,3
suca,True,False,False,False,1
succ,True,False,False,False,1
sucd,True,False,False,False,1
sug-e,True,False,False,False,1
suge,True,False,False,False,1
suge(c),True,False,False,False,1
suge(p),True,False,False,False,1
suge-a,True,False,False,False,1
suge-b,True,False,False,False,1
suge1,True,False,False,False,1
suge2,True,False,False,False,1
sul 1_1,True,False,False,False,1
sul 2_2,True,False,False,False,1
sul1,True,True,True,True,4
sul1 (2×),True,False,False,False,1
sul1 (×3),True,False,False,False,1
sul11,True,False,False,False,1
sul123,True,False,False,False,1
sul1_5,True,False,False,False,1
sul2,True,True,True,True,4
sul2_1,True,False,False,False,1
sul2_2,True,False,False,False,1
sul2_3,True,False,False,False,1
sul3,True,True,True,True,4
sul3_2,True,False,False,False,1
sul4,True,True,True,True,4
sul4_1,True,False,False,False,1
sul918,True,False,False,False,1
sula,True,False,False,False,1
sulr,True,False,False,True,2
sulx,True,False,False,True,2
suni,True,False,False,False,1
suns,True,False,False,False,1
sura,True,False,False,False,1
sxtp,True,False,False,False,1
sxtr,True,False,False,False,1
tada,True,False,False,False,1
taea,True,False,True,True,3
tala,True,False,False,False,1
talb,True,False,False,False,1
tap,True,False,True,False,2
tatc,True,False,False,False,1
tbta,False,False,False,True,1
tbtb,False,False,False,True,1
tbtm,False,False,False,True,1
tcaa,True,False,False,False,1
tcaab,True,False,False,False,1
tcab,True,False,False,False,1
tcab2,True,False,False,False,1
tcac,True,False,False,False,1
tcar,True,False,False,False,1
tcda,True,False,False,False,1
tcma,True,False,True,True,3
tcpa,True,False,False,False,1
tcr3,True,True,True,True,4
tdca,True,False,False,False,1
tdk,True,False,False,False,1
tdr,True,False,False,False,1
teha,True,False,False,False,1
tehab,True,False,False,False,1
tehb,True,False,False,False,1
tela,True,False,False,False,1
tenpin,True,False,False,False,1
tera,True,False,False,False,1
terb,True,False,False,False,1
terc,True,False,False,False,1
terd,True,False,False,False,1
tere,True,False,False,False,1
terf,True,False,False,False,1
terw,True,False,False,False,1
terz,True,False,False,False,1
tet,False,False,True,False,1
tet (34),True,False,False,False,1
tet -ab,True,False,False,False,1
tet 34,True,False,False,False,1
tet a (a),True,False,False,False,1
tet a(b),True,False,False,False,1
tet b−01,True,False,False,False,1
tet b−02,True,False,False,False,1
tet c−01,True,False,False,False,1
tet c−02,True,False,False,False,1
tet m_1,True,False,False,False,1
tet m_3,True,False,False,False,1
tet r,True,False,False,False,1
tet(30),True,True,True,True,4
tet(31),True,True,True,True,4
tet(32),True,True,True,True,4
tet(33),True,True,True,True,4
tet(34),True,True,True,False,3
tet(35),True,True,True,True,4
tet(36),True,True,True,True,4
tet(37),True,True,True,True,4
tet(38),True,False,True,True,3
tet(39),True,True,True,True,4
tet(40),True,True,True,True,4
tet(41),True,True,True,True,4
tet(42),True,True,True,True,4
tet(43),True,True,True,False,3
tet(44),True,True,True,True,4
tet(44)_1,True,False,False,False,1
tet(45),True,True,True,True,4
tet(47),False,True,True,True,3
tet(48),False,True,True,True,3
tet(49),True,True,True,True,4
tet(50),True,True,True,True,4
tet(51),True,True,True,True,4
tet(52),True,True,True,True,4
tet(53),False,True,True,True,3
tet(54),False,True,True,True,3
tet(55),True,True,True,True,4
tet(56),True,False,True,True,3
tet(57),True,True,True,True,4
tet(58),True,False,False,False,1
tet(59),True,True,True,True,4
tet(61),False,False,True,False,1
tet(62),False,False,True,True,2
tet(63),True,False,True,True,3
tet(64),False,False,True,True,2
tet(65),True,False,True,True,3
tet(a),True,True,True,True,4
tet(a/b),True,False,False,False,1
tet(b),True,True,True,True,4
tet(c),True,True,True,True,4
tet(d),True,True,True,True,4
tet(e),True,True,True,True,4
tet(g),True,True,True,True,4
tet(g)_2,True,False,False,False,1
tet(h),True,True,True,True,4
tet(j),True,True,True,True,4
tet(k),True,True,True,True,4
tet(l),True,True,True,True,4
tet(m),True,True,True,True,4
tet(o),True,True,True,True,4
tet(o)_1,True,False,False,False,1
tet(o/32/o),True,True,True,True,4
tet(o/m/o),False,False,True,True,2
tet(o/w),False,True,True,True,3
tet(o/w/32/o),False,True,True,True,3
tet(o/w/32/o/w/o),False,True,False,False,1
tet(o/w/o),False,True,True,True,3
tet(ow),True,False,False,False,1
tet(owo)-1,True,False,False,False,1
tet(owo)-2,True,False,False,False,1
tet(q),True,True,True,True,4
tet(q)_1,True,False,False,False,1
tet(r),True,False,False,False,1
tet(s),True,True,True,True,4
tet(s/m),True,True,False,False,2
tet(t),True,True,True,True,4
tet(v),True,True,True,True,4
tet(w),True,True,True,True,4
tet(w)_1,True,False,False,False,1
tet(w/32/o),True,True,True,True,4
tet(w/n/w),False,True,True,True,3
tet(x1),True,True,True,True,4
tet(x12),True,False,False,False,1
tet(x13.2),True,False,False,False,1
tet(x14),True,False,False,False,1
tet(x15),True,False,False,False,1
tet(x2),True,True,True,True,4
tet(x3),True,True,True,True,4
tet(x3.7),True,False,False,False,1
tet(x3.9),True,False,False,False,1
tet(x4),True,True,True,True,4
tet(x45),True,False,False,False,1
tet(x46),True,False,False,False,1
tet(x47),True,False,False,False,1
tet(x5),True,True,True,True,4
tet(x5.2),True,False,False,False,1
tet(x5.3),True,False,False,False,1
tet(x6),True,True,True,False,3
tet(x7),True,False,False,False,1
tet(x7.2),True,False,False,False,1
tet(y),True,True,True,True,4
tet(z),True,True,True,True,4
tet1,True,False,False,False,1
tet2,True,False,False,False,1
tet34,True,False,False,False,1
tet347,True,False,False,False,1
tet46(b),True,False,False,False,1
tet60(a),True,False,False,False,1
tet_a1,True,False,False,False,1
tet_a3,True,False,False,False,1
teta,True,False,True,True,3
teta (48),True,False,False,False,1
teta (a),True,False,False,False,1
teta (b),True,False,False,False,1
teta (c),True,False,False,False,1
teta (d),True,False,False,False,1
teta(33),True,False,False,False,1
teta(39),True,False,False,False,1
teta(41),True,False,False,False,1
teta(42),True,False,False,False,1
teta(46),True,True,True,True,4
teta(48 ),True,False,False,False,1
teta(48),True,False,False,False,1
teta(58),True,False,True,True,3
teta(60),True,True,True,True,4
teta(64),True,False,False,False,1
teta(a),True,False,False,False,1
teta(b),True,False,False,False,1
teta(c),True,False,False,False,1
teta(e),True,False,False,False,1
teta(g),True,False,False,False,1
teta(h),True,False,False,False,1
teta(k),True,False,False,False,1
teta(l),True,False,False,False,1
teta(m),True,False,False,False,1
teta(p),True,True,True,True,4
teta(r),True,False,False,False,1
teta1,True,False,False,False,1
teta3,True,False,False,False,1
teta[b],True,False,False,False,1
teta_1,True,False,False,False,1
teta_3,True,False,False,False,1
tetab,True,False,False,False,1
tetaj,True,False,False,False,1
tetar,True,False,False,False,1
tetb,True,False,False,True,2
tetb(46),True,True,True,True,4
tetb(58),True,False,True,True,3
tetb(60),True,True,True,True,4
tetb(p),True,True,True,True,4
tetk/l,True,False,False,False,1
tetk/m,True,False,False,False,1
tetl2,True,False,False,False,1
teto2,True,False,False,False,1
tetq1,True,False,False,False,1
tetq2,True,False,False,False,1
tetr,True,False,False,False,1
tetr(a),True,False,False,False,1
tetr(b),True,False,False,False,1
tetr(c),True,False,False,False,1
tetr(e),True,False,False,False,1
tetr(g),True,False,True,False,2
tetr-03,True,False,False,False,1
tetra,True,False,False,False,1
tetra(33),True,False,False,False,1
tetw/n/w,True,False,False,False,1
tetwnw,True,False,False,False,1
thft,True,False,True,True,3
thre,True,False,False,False,1
thya,True,False,False,False,1
thyx,True,False,False,False,1
tig,True,False,False,False,1
tisb,True,False,False,False,1
tktb,True,False,False,False,1
tla2,True,False,True,True,3
tlmb,True,False,False,True,2
tlr(c),False,True,True,True,3
tlrb,False,False,True,False,1
tlya,True,False,True,False,2
tmca,True,False,False,False,1
tmexc,True,True,False,True,3
tmexd,True,True,False,True,3
tmexd4,True,False,False,False,1
tmk,True,False,False,False,1
tmrb,True,False,True,False,2
tnpa,True,False,False,False,1
tol c,True,False,False,False,1
tola,True,False,False,False,1
tolb,True,False,False,False,1
tolc,True,False,True,False,2
tolc1,True,False,False,False,1
tolq,True,False,False,False,1
tolr,True,False,False,False,1
tonb,True,False,False,False,1
topa,True,False,False,False,1
toprj,True,True,False,True,3
toprj3,False,True,False,False,1
toprj4,False,True,False,False,1
tpm,True,False,False,False,1
tpx,True,False,False,False,1
traa,True,False,False,False,1
trab,True,False,False,False,1
trac,True,False,False,False,1
trat,True,False,False,False,1
trey,True,False,False,False,1
trfa,True,False,False,False,1
tri1,True,False,False,False,1
tria,False,False,True,False,1
trib,True,False,True,False,2
tric,True,False,True,False,2
trka,True,False,False,False,1
trkh,True,False,False,False,1
trkha,True,False,False,False,1
trmd,True,False,False,False,1
trmj,True,False,False,False,1
trmo,True,False,False,False,1
trmu,True,False,False,False,1
trpc,True,False,False,False,1
trpe,True,False,False,False,1
trpr,True,False,False,False,1
trps,True,False,False,False,1
trxa1,True,False,False,False,1
trxa2,True,False,False,False,1
trxb,True,False,False,False,1
trxlhr,True,False,False,False,1
tsf,True,False,False,False,1
tsga,True,False,False,False,1
tsiv3,True,False,False,False,1
tsnr,False,False,True,True,2
tsp,True,False,False,False,1
tsr,True,False,False,False,1
ttca,True,False,False,False,1
ttgb,True,False,False,False,1
ttk,True,False,False,False,1
tuf1,True,False,False,False,1
tuf3,True,False,False,False,1
tva(a),True,True,True,True,4
tva(b),False,False,False,True,1
tvic,True,False,False,False,1
txr,False,False,True,False,1
tyra,True,False,False,False,1
tyrs,True,False,False,False,1
ubia,True,False,False,False,1
ubid,True,False,False,False,1
ubie,True,False,False,False,1
ubif,True,False,False,False,1
ubig,True,False,False,False,1
ubih,True,False,False,False,1
ubim,True,False,False,False,1
ubix,True,False,False,False,1
ucpa,True,False,False,False,1
udg,True,False,False,False,1
ugd,False,False,True,False,1
ugpq,True,False,False,False,1
ugtl,True,False,False,False,1
uhpa,True,False,False,False,1
uhpb,True,False,False,False,1
uhpc,True,False,False,False,1
uhpt,True,False,False,False,1
uida,True,False,False,False,1
umuc,True,False,False,False,1
upp,True,False,False,False,1
uppp,True,False,False,False,1
uppp1,True,False,False,False,1
uppp2,True,False,False,False,1
upps,True,False,False,False,1
uspa,True,False,False,False,1
uup,True,False,False,False,1
uvra,True,False,False,False,1
uvrc,True,False,False,False,1
uvrd,True,False,False,False,1
vacj,True,False,False,False,1
van hax,True,False,False,False,1
van tc−02,True,False,False,False,1
vana,True,False,True,True,3
vana-ao2,True,False,False,True,2
vana-pa,False,False,False,True,1
vana-pt,False,False,False,True,1
vana-pt2,False,False,False,True,1
vana-sc,False,False,False,True,1
vanb,True,False,True,True,3
vanb1,True,False,False,False,1
vanb2,True,False,False,False,1
vanb3,True,False,False,False,1
vanc,True,False,True,True,3
vanc1,True,False,True,True,3
vanc1xy,True,False,False,False,1
vanc2,True,False,False,False,1
vanc2-3,True,False,False,False,1
vanc2/3,True,False,False,False,1
vanca,True,False,False,False,1
vancb,True,False,False,False,1
vand,True,False,True,True,3
vand1,True,False,False,False,1
vand4,True,False,False,False,1
vane,True,True,True,True,4
vanexy,False,True,False,False,1
vanf,True,False,True,True,3
vang,True,False,True,True,3
vang2xy,False,True,False,False,1
vangxy,False,True,False,False,1
vanh,True,False,False,True,2
vanh-a,True,False,True,True,3
vanh-ac1,False,False,False,True,1
vanh-ao1,False,False,False,True,1
vanh-ao2,False,False,False,True,1
vanh-b,True,False,True,True,3
vanh-d,False,False,True,True,2
vanh-f,False,False,True,True,2
vanh-m,True,False,True,True,3
vanh-o,True,False,True,True,3
vanh-p,False,False,True,True,2
vanh-pt,False,False,False,True,1
vanh-pt2,False,False,False,True,1
vanh-sc,False,False,False,True,1
vanhax,True,True,False,False,2
vanhbx,True,True,False,False,2
vanhdx,False,True,False,False,1
vanhmx,False,True,False,False,1
vanhox,False,True,False,False,1
vani,True,False,True,True,3
vanj,True,False,True,True,3
vank-i,True,False,True,True,3
vank-l,False,False,True,False,1
vank-sc,False,False,False,True,1
vanl,True,False,True,True,3
vanlxy,False,True,False,False,1
vanm,True,False,True,True,3
vann,True,False,True,True,3
vannxy,False,True,False,False,1
vano,True,False,True,True,3
vanp,True,False,True,True,3
vanr-a,True,False,True,True,3
vanr-b,True,False,True,True,3
vanr-c,True,False,True,True,3
vanr-cd,False,False,False,True,1
vanr-d,True,False,True,True,3
vanr-e,False,False,True,True,2
vanr-f,True,False,True,True,3
vanr-g,True,False,True,True,3
vanr-i,True,False,True,True,3
vanr-l,True,False,True,True,3
vanr-m,True,False,True,True,3
vanr-n,True,False,True,True,3
vanr-o,True,False,True,True,3
vanr-p,False,False,True,True,2
vanr-sc,False,False,False,True,1
vanr1,True,False,False,False,1
vanr_c,False,False,True,False,1
vanrfs,True,False,False,False,1
vanrg2,True,False,False,False,1
vans-a,True,False,True,True,3
vans-b,True,False,True,True,3
vans-c,True,False,True,True,3
vans-cd,False,False,False,True,1
vans-d,True,False,True,True,3
vans-e,False,False,True,True,2
vans-f,False,False,True,True,2
vans-g,True,False,True,True,3
vans-i,False,False,False,True,1
vans-l,False,False,True,True,2
vans-m,True,False,True,True,3
vans-n,False,False,True,True,2
vans-o,True,False,True,True,3
vans-p,False,False,True,True,2
vans-pt,True,False,False,True,2
vans-pt2,False,False,False,True,1
vans-sc,False,False,False,True,1
vans_c,False,False,True,False,1
vant-c,False,False,True,True,2
vant-cd,False,False,False,True,1
vant-e,True,False,True,True,3
vant-g,True,False,True,True,3
vant-n,True,False,True,True,3
vantc,True,False,False,True,2
vantm,False,False,True,True,2
vantr,True,False,True,True,3
vantrl,True,False,False,False,1
vanu-g,True,False,True,True,3
vanv-b,False,False,True,False,1
vanw-b,True,False,True,True,3
vanw-g,False,False,True,True,2
vanw-i,False,False,True,True,2
vanw-l,False,False,True,False,1
vanw-pt,False,False,False,True,1
vanx-a,True,False,True,True,3
vanx-ac1,False,False,False,True,1
vanx-ao1,False,False,False,True,1
vanx-ao2,False,False,False,True,1
vanx-b,False,False,True,True,2
vanx-d,False,False,True,True,2
vanx-f,False,False,True,True,2
vanx-i,False,False,True,True,2
vanx-l,False,False,True,False,1
vanx-m,False,False,True,True,2
vanx-o,False,False,True,True,2
vanx-p,False,False,True,True,2
vanx-pt,False,False,False,True,1
vanx-sc,True,False,False,True,2
vanxy,True,False,True,True,3
vanxy-c,True,False,True,True,3
vanxy-e,True,False,True,True,3
vanxy-g,False,False,True,False,1
vanxy-l,True,False,True,True,3
vanxy-n,False,False,True,True,2
vanxyg,True,False,False,False,1
vany-a,True,False,True,True,3
vany-b,True,False,True,True,3
vany-d,False,False,True,True,2
vany-f,False,False,True,True,2
vany-g,False,False,True,True,2
vany-g1,False,False,True,True,2
vany-m,False,False,True,True,2
vany-n,True,False,False,True,2
vany-pt,False,False,False,True,1
vanz-a,True,False,True,True,3
vanz-f,False,False,True,True,2
vanz-pt,False,False,False,True,1
vanz1,True,False,False,True,2
vapb20,True,False,False,False,1
vapc3,True,False,False,False,1
varg,True,False,True,True,3
vat(a),True,True,True,True,4
vat(b),True,True,True,True,4
vat(c),True,True,True,True,4
vat(d),True,True,True,True,4
vat(e),True,True,True,True,4
vat(f),True,True,True,True,4
vat(h),True,True,True,True,4
vat(i),True,False,True,True,3
vcam,True,False,False,False,1
vex2,True,False,False,False,1
vex3,True,False,False,False,1
vexb,True,False,False,False,1
vexc,True,False,False,False,1
vexd,True,False,False,False,1
vexk,True,False,False,False,1
vga(a),True,True,True,True,4
vga(a)v,True,False,False,False,1
vga(b),True,True,True,True,4
vga(c),True,True,True,True,4
vga(d),True,True,True,True,4
vga(e),True,True,True,True,4
vga(f),False,False,False,True,1
vga(g),False,False,True,True,2
vgaalc,False,False,True,False,1
vgaav,True,False,False,False,1
vgb(a),True,True,True,True,4
vgb(b),True,True,True,True,4
vgbc,True,False,True,True,3
vgrg3,True,False,False,False,1
vioa,True,False,False,False,1
viob,True,False,False,False,1
viod,True,False,False,False,1
vioe,True,False,False,False,1
virab,True,False,False,False,1
virb,True,False,False,False,1
virr,True,False,False,False,1
vmeab,True,False,False,False,1
vmecd,True,False,False,False,1
vmeef,True,False,False,False,1
vmejk,True,False,False,False,1
vmepq,True,False,False,False,1
vmeyz,True,False,False,False,1
vmh,True,False,False,False,1
vmlr,True,False,True,True,3
vmlr2,True,False,False,False,1
vncs,True,False,False,False,1
vops,True,False,False,False,1
vph,False,False,True,True,2
vqsm,True,False,False,False,1
vrade,True,False,False,False,1
vraf,True,False,False,False,1
vrag,True,False,False,False,1
vrars,True,False,False,False,1
vras,True,False,False,False,1
vrasr,True,False,False,False,1
vrat,True,False,False,False,1
vsr1,True,False,False,False,1
waaa,True,False,False,False,1
waac,True,False,False,False,1
waaf,True,False,False,False,1
waag,True,False,False,False,1
waai,True,False,False,False,1
waaj,True,False,False,False,1
waao,True,False,False,False,1
waaq,True,False,False,False,1
waau,True,False,False,False,1
waay,True,False,False,False,1
waaz,True,False,False,False,1
walh,True,False,False,False,1
wali,True,False,False,False,1
walk,True,False,False,False,1
walkr,True,False,False,False,1
walr,True,False,False,False,1
wara,True,False,False,True,2
wbbi,True,False,False,False,1
wbbl,True,False,False,False,1
wbpd,True,False,False,False,1
wbpg,True,False,False,False,1
wbph,True,False,False,False,1
wbpi,True,False,False,False,1
wbpj,True,False,False,False,1
wbpl,True,False,False,False,1
wbpm,True,False,False,False,1
wbpw,True,False,False,False,1
wbpy,True,False,False,False,1
wbpz,True,False,False,False,1
wcaj,True,False,False,False,1
weca,True,False,False,False,1
wecb,True,False,False,False,1
wech,True,False,False,False,1
whib4,True,False,False,False,1
whib6,True,False,False,False,1
whib7,True,False,True,False,2
wspf,True,False,False,False,1
wza,True,False,False,False,1
wzc,True,False,False,False,1
wzm,True,False,False,False,1
wzt,True,False,False,False,1
wzx,True,False,False,False,1
wzy,True,False,False,False,1
wzz,True,False,False,False,1
xsea,True,False,False,False,1
xseb,True,False,False,False,1
y56,False,False,True,False,1
yadn,True,False,False,False,1
yaeb,True,False,False,False,1
yafb,True,False,False,False,1
yajc,True,False,True,False,2
ybaj,True,False,False,False,1
ybas,True,False,False,False,1
ybhf,True,False,False,False,1
ybhr,True,False,False,False,1
ybjx,True,False,False,False,1
ybjyz,True,False,False,False,1
ybtpq,True,False,False,False,1
ybxi,True,False,False,False,1
ycam,True,False,False,False,1
ycbb,True,False,False,False,1
ycbz,True,False,False,False,1
ycca,True,False,False,False,1
yccb,True,False,False,False,1
ycee,True,False,False,False,1
yceh,True,False,False,False,1
ycel,True,False,False,False,1
ycfa,True,False,False,False,1
ycfb,True,False,False,False,1
ycfs,True,False,False,False,1
ydcl,True,False,False,False,1
ydde,True,False,False,False,1
yddg,True,False,False,False,1
yddw,True,False,False,False,1
ydei,True,False,False,False,1
ydfi,True,False,False,False,1
ydge,True,False,False,False,1
ydgf,True,False,False,False,1
ydgfe,True,False,False,False,1
ydgh,True,False,False,False,1
ydhc,True,False,False,False,1
ydhe,True,False,False,False,1
yean,True,False,False,False,1
yebv,True,False,False,False,1
yecs,True,False,False,False,1
yedq,True,False,False,False,1
yego,True,False,False,False,1
yeir,True,False,False,False,1
yeiu,True,False,False,False,1
yeje,True,False,False,False,1
yfdi,True,False,False,False,1
yfdy,True,False,False,False,1
yfes,True,False,False,False,1
ygau,True,False,False,False,1
ygav,True,False,False,False,1
ygba,True,False,False,False,1
ygfb,True,False,False,False,1
ygfz,True,False,False,False,1
yggx,True,False,False,False,1
ygil,True,False,False,False,1
ygiw,True,False,False,False,1
yhak,True,False,False,False,1
yhdg,True,False,False,False,1
yhdh,True,False,False,False,1
yhdj,True,False,False,False,1
yhge,True,False,False,False,1
yhiuv,True,False,False,False,1
yhje,True,False,False,False,1
yhjx,True,False,False,False,1
yiad,True,False,False,False,1
yidc2,True,False,False,False,1
yidy,True,False,False,False,1
yjio,True,False,False,False,1
ykcb,True,False,False,False,1
ykkc,True,False,True,False,2
ykkcd,True,False,False,False,1
ykkd,True,False,True,False,2
ynegh,True,False,False,False,1
ynjc,True,False,False,False,1
yoae,True,False,False,False,1
yoba,True,False,False,False,1
yohf,True,False,False,False,1
yoji,True,False,True,False,2
ypms1,True,False,False,False,1
ypms3,True,False,False,False,1
yqha,True,False,False,False,1
yqjh,True,False,False,False,1
yqjl,True,False,False,False,1
yrbk,True,False,False,False,1
yrff,True,False,False,False,1
ysab,True,False,False,False,1
ysac,True,False,False,False,1
yumc,True,False,False,False,1
yvlb,True,False,False,False,1
yybt,True,False,False,False,1
yycfg,True,False,False,False,1
yych,True,False,False,False,1
yyci,True,False,False,False,1
zapa,True,False,False,False,1
zapb,True,False,False,False,1
zbma,False,False,False,True,1
zint,True,False,False,False,1
zipa,True,False,False,False,1
zit b,True,False,False,False,1
zitb,True,False,False,False,1
zmpa,True,False,False,False,1
znt a,True,False,False,False,1
znta,True,False,False,False,1
zntb,True,False,False,False,1
znua,True,False,False,False,1
znub,True,False,False,False,1
znuc,True,False,False,False,1
zrap,True,False,False,False,1
zrar,True,False,False,False,1
