allele,gene_family,product_name,scope,type,subtype,class,subclass,genbank_protein_accession,genbank_nucleotide_accession,pubmed_reference,synonyms,hierarchy_node
adeL_G27R,adeL,multidrug efflux transcriptional repressor AdeL,core,AMR,POINT,TETRACYCLINE,TIGECYCLINE,UMO35973.1,CP091335.1,35704614,,
adeR_D20N,adeR,efflux system response regulator transcription factor AdeR,core,AMR,POINT,EFFLUX,EFFLUX,,JNOT01000030.1,20921306,,
adeR_P56S,adeR,efflux system response regulator transcription factor AdeR,core,AMR,POINT,EFFLUX,EFFLUX,,JNOT01000030.1,23587960,,
adeR_A91V,adeR,efflux system response regulator transcription factor AdeR,core,AMR,POINT,EFFLUX,EFFLUX,,JNOT01000030.1,27247231,,
adeR_P116L,adeR,efflux system response regulator transcription factor AdeR,core,AMR,POINT,EFFLUX,EFFLUX,,JNOT01000030.1,15328088,,
adeR_L192R,adeR,efflux system response regulator transcription factor AdeR,core,AMR,POINT,EFFLUX,EFFLUX,,JNOT01000030.1,23587960,,
adeR_E219A,adeR,efflux system response regulator transcription factor AdeR,core,AMR,POINT,EFFLUX,EFFLUX,,JNOT01000030.1,23587960,,
adeS_F12S,adeS,two-component sensor histidine kinase AdeS,core,AMR,POINT,TETRACYCLINE,TIGECYCLINE,,JNOT01000030.1,35704614,,
adeS_N125K,adeS,two-component sensor histidine kinase AdeS,core,AMR,POINT,EFFLUX,EFFLUX,,JNOT01000030.1,23587960,,
adeS_R152K,adeS,two-component sensor histidine kinase AdeS,core,AMR,POINT,EFFLUX,EFFLUX,,JNOT01000030.1,23587960,,
adeS_T153M,adeS,two-component sensor histidine kinase AdeS,core,AMR,POINT,EFFLUX,EFFLUX,,JNOT01000030.1,15328088,,
adeS_Q163Ter,adeS,two-component sensor histidine kinase AdeS,core,AMR,POINT,EFFLUX,EFFLUX,,JNOT01000030.1,23587960,,
adeS_H189Y,adeS,two-component sensor histidine kinase AdeS,core,AMR,POINT,EFFLUX,EFFLUX,,JNOT01000030.1,23587960,,
adeS_I252S,adeS,two-component sensor histidine kinase AdeS,core,AMR,POINT,EFFLUX,EFFLUX,,JNOT01000030.1,23587960,,
adeS_G336S,adeS,two-component sensor histidine kinase AdeS,core,AMR,POINT,EFFLUX,EFFLUX,,JNOT01000030.1,23587960,,
baeR_S104N,baeR,envelope stress response regulator BaeR,core,AMR,POINT,BETA-LACTAM,CEFIDEROCOL,QNT80661.1,CP059041.1,37345941,,
baeS_D89V,baeS,two-component system sensor histidine kinase BaeS,core,AMR,POINT,BETA-LACTAM,CEFIDEROCOL,QNT80662.1,CP059041.1,37345941,,
blaOXA-143_G-42A,blaOXA-143,blaOXA-143 promoter region,core,AMR,POINT,BETA-LACTAM,CARBAPENEM,,CP049806.1,32582088,,
blaOXA-143_A-14G,blaOXA-143,blaOXA-143 promoter region,core,AMR,POINT,BETA-LACTAM,CARBAPENEM,,CP049806.1,32582088,,
ftsI_A515V,ftsI,penicillin-binding protein PBP3 FtsI,core,AMR,POINT,BETA-LACTAM,CARBAPENEM/SULBACTAM-DURLOBACTAM,AEK25668.1,JF745999.1,"29547094,31988095,35127562,35618210",,
ftsI_T526S,ftsI,penicillin-binding protein PBP3 FtsI,core,AMR,POINT,BETA-LACTAM,SULBACTAM-DURLOBACTAM,AEK25668.1,JF745999.1,"31988095,35127562,35618210",,
gyrA_G79C,gyrA,DNA gyrase subunit A GyrA,core,AMR,POINT,QUINOLONE,QUINOLONE,AJF82744.1,CP010781.1,15282231,,
gyrA_S81L,gyrA,DNA gyrase subunit A GyrA,core,AMR,POINT,QUINOLONE,QUINOLONE,AJF82744.1,CP010781.1,15282231,,
lpxA_G68D,lpxA,acyl-ACP--UDP-N-acetylglucosamine O-acyltransferase LpxA,core,AMR,POINT,COLISTIN,COLISTIN,AJF82049.1,CP010781.1,20855724,,
lpxA_Q72K,lpxA,acyl-ACP--UDP-N-acetylglucosamine O-acyltransferase LpxA,core,AMR,POINT,COLISTIN,COLISTIN,AJF82049.1,CP010781.1,20855724,,
lpxA_H159D,lpxA,acyl-ACP--UDP-N-acetylglucosamine O-acyltransferase LpxA,core,AMR,POINT,COLISTIN,COLISTIN,AJF82049.1,CP010781.1,20855724,,
lpxA_D233Ter,lpxA,acyl-ACP--UDP-N-acetylglucosamine O-acyltransferase LpxA,core,AMR,POINT,COLISTIN,COLISTIN,AJF82049.1,CP010781.1,20855724,,
lpxC_P30L,lpxC,UDP-3-O-acyl-N-acetylglucosamine deacetylase LpxC,core,AMR,POINT,COLISTIN,COLISTIN,AJF83452.1,CP010781.1,20855724,,
parC_S84F,parC,DNA topoisomerase IV subunit A ParC,core,AMR,POINT,QUINOLONE,QUINOLONE,AHB92967.1,CP006768.1,24159468,,
parC_S84L,parC,DNA topoisomerase IV subunit A ParC,core,AMR,POINT,QUINOLONE,QUINOLONE,AHB92967.1,CP006768.1,27175500,,
parC_S84W,parC,DNA topoisomerase IV subunit A ParC,core,AMR,POINT,QUINOLONE,QUINOLONE,AHB92967.1,CP006768.1,24159468,,
parC_E88K,parC,DNA topoisomerase IV subunit A ParC,core,AMR,POINT,QUINOLONE,QUINOLONE,AHB92967.1,CP006768.1,24159468,,
pmrA_E8D,pmrA,two-component system response regulator PmrA,core,AMR,POINT,COLISTIN,COLISTIN,ABO13164.2,CP000521.1,23812239,,
pmrA_M12I,pmrA,two-component system response regulator PmrA,core,AMR,POINT,COLISTIN,COLISTIN,ABO13164.2,CP000521.1,21646482,,
pmrB_S17R,pmrB,two-component system sensor histidine kinase PmrB,core,AMR,POINT,COLISTIN,COLISTIN,ADK46845.1,HM134922.1,23812239,,
pmrB_I164F,pmrB,two-component system sensor histidine kinase PmrB,core,AMR,POINT,COLISTIN,COLISTIN,ADK46845.1,HM134922.1,21497062,,
pmrB_L168K,pmrB,two-component system sensor histidine kinase PmrB,core,AMR,POINT,COLISTIN,COLISTIN,ADK46845.1,HM134922.1,32058026,,
pmrB_P170L,pmrB,two-component system sensor histidine kinase PmrB,core,AMR,POINT,COLISTIN,COLISTIN,ADK46845.1,HM134922.1,24247145,,
pmrB_A226T,pmrB,two-component system sensor histidine kinase PmrB,core,AMR,POINT,COLISTIN,COLISTIN,ADK46845.1,HM134922.1,"21497062,346095",,
pmrB_A227V,pmrB,two-component system sensor histidine kinase PmrB,core,AMR,POINT,COLISTIN,COLISTIN,ADK46845.1,HM134922.1,"19528270,21497062,24809861",,
pmrB_R231L,pmrB,two-component system sensor histidine kinase PmrB,core,AMR,POINT,COLISTIN,COLISTIN,ADK46845.1,HM134922.1,21646482,,
pmrB_T232I,pmrB,two-component system sensor histidine kinase PmrB,core,AMR,POINT,COLISTIN,COLISTIN,ADK46845.1,HM134922.1,23812239,,
pmrB_P233S,pmrB,two-component system sensor histidine kinase PmrB,core,AMR,POINT,COLISTIN,COLISTIN,ADK46845.1,HM134922.1,"21497062,2480986",,
pmrB_P233T,pmrB,two-component system sensor histidine kinase PmrB,core,AMR,POINT,COLISTIN,COLISTIN,ADK46845.1,HM134922.1,"19528270,3205803",,
pmrB_T235I,pmrB,two-component system sensor histidine kinase PmrB,core,AMR,POINT,COLISTIN,COLISTIN,ADK46845.1,HM134922.1,"21497062,2164648",,
pmrB_R263L,pmrB,two-component system sensor histidine kinase PmrB,core,AMR,POINT,COLISTIN,COLISTIN,ADK46845.1,HM134922.1,23812239,,
pmrB_Q270P,pmrB,two-component system sensor histidine kinase PmrB,core,AMR,POINT,COLISTIN,COLISTIN,ADK46845.1,HM134922.1,21497062,,
pmrB_E301G,pmrB,two-component system sensor histidine kinase PmrB,core,AMR,POINT,COLISTIN,COLISTIN,ADK46845.1,HM134922.1,32058026,,
pmrB_G315D,pmrB,two-component system sensor histidine kinase PmrB,core,AMR,POINT,COLISTIN,COLISTIN,ADK46845.1,HM134922.1,21646482,,
pmrC_R125P,pmrC,phosphoethanolamine--lipid A transferase PmrC,core,AMR,POINT,COLISTIN,COLISTIN,AVF06215.1,CP026761.1,34609499,,
rpoB_S583L,rpoB,DNA-directed RNA polymerase subunit beta RpoB,core,AMR,POINT,RIFAMYCIN,RIFAMPIN,OUJ96477.1,MTQI01000102.1,29127051,,
rpsJ_V57I,rpsJ,30S ribosomal protein S10,core,AMR,POINT,TETRACYCLINE,TIGECYCLINE,ABO13478.1,CP000521.1,"26124155,2648873",,
rpsJ_V57L,rpsJ,30S ribosomal protein S10,core,AMR,POINT,TETRACYCLINE,TIGECYCLINE,ABO13478.1,CP000521.1,26488727,,
23S_A2047G,23S,23S ribosomal RNA,core,AMR,POINT,MACROLIDE,AZITHROMYCIN/CLARITHROMYCIN/ERYTHROMYCIN,,CP002695.1,"12624047,3089808",,
ampD_A18E,ampD,"1,6-anhydro-N-acetylmuramyl-L-alanine amidase AmpD",core,AMR,POINT,BETA-LACTAM,CEPHALOSPORIN,CAR53753.1,AM747720.1,26416862,,
ampD_L37F,ampD,"1,6-anhydro-N-acetylmuramyl-L-alanine amidase AmpD",core,AMR,POINT,BETA-LACTAM,CEPHALOSPORIN,CAR53753.1,AM747720.1,26416862,,
ampD_V39A,ampD,"1,6-anhydro-N-acetylmuramyl-L-alanine amidase AmpD",core,AMR,POINT,BETA-LACTAM,CEPHALOSPORIN,CAR53753.1,AM747720.1,26416862,,
ampD_S44G,ampD,"1,6-anhydro-N-acetylmuramyl-L-alanine amidase AmpD",core,AMR,POINT,BETA-LACTAM,CEPHALOSPORIN,CAR53753.1,AM747720.1,26416862,,
ampD_P46T,ampD,"1,6-anhydro-N-acetylmuramyl-L-alanine amidase AmpD",core,AMR,POINT,BETA-LACTAM,CEPHALOSPORIN,CAR53753.1,AM747720.1,26416862,,
ampD_L63P,ampD,"1,6-anhydro-N-acetylmuramyl-L-alanine amidase AmpD",core,AMR,POINT,BETA-LACTAM,CEPHALOSPORIN,CAR53753.1,AM747720.1,26416862,,
ampD_H68Y,ampD,"1,6-anhydro-N-acetylmuramyl-L-alanine amidase AmpD",core,AMR,POINT,BETA-LACTAM,CEPHALOSPORIN,CAR53753.1,AM747720.1,26416862,,
ampD_H74P,ampD,"1,6-anhydro-N-acetylmuramyl-L-alanine amidase AmpD",core,AMR,POINT,BETA-LACTAM,CEPHALOSPORIN,CAR53753.1,AM747720.1,26416862,,
ampD_L75P,ampD,"1,6-anhydro-N-acetylmuramyl-L-alanine amidase AmpD",core,AMR,POINT,BETA-LACTAM,CEPHALOSPORIN,CAR53753.1,AM747720.1,26416862,,
ampD_R79G,ampD,"1,6-anhydro-N-acetylmuramyl-L-alanine amidase AmpD",core,AMR,POINT,BETA-LACTAM,CEPHALOSPORIN,CAR53753.1,AM747720.1,26416862,,
ampD_S81P,ampD,"1,6-anhydro-N-acetylmuramyl-L-alanine amidase AmpD",core,AMR,POINT,BETA-LACTAM,CEPHALOSPORIN,CAR53753.1,AM747720.1,26416862,,
ampD_S120L,ampD,"1,6-anhydro-N-acetylmuramyl-L-alanine amidase AmpD",core,AMR,POINT,BETA-LACTAM,CEPHALOSPORIN,CAR53753.1,AM747720.1,26416862,,
ampD_I121S,ampD,"1,6-anhydro-N-acetylmuramyl-L-alanine amidase AmpD",core,AMR,POINT,BETA-LACTAM,CEPHALOSPORIN,CAR53753.1,AM747720.1,26416862,,
ampD_R167S,ampD,"1,6-anhydro-N-acetylmuramyl-L-alanine amidase AmpD",core,AMR,POINT,BETA-LACTAM,CEPHALOSPORIN,CAR53753.1,AM747720.1,26416862,,
ampD_F191C,ampD,"1,6-anhydro-N-acetylmuramyl-L-alanine amidase AmpD",core,AMR,POINT,BETA-LACTAM,CEPHALOSPORIN,CAR53753.1,AM747720.1,26416862,,
amrR_L142P,amrR,TetR family transcriptional regulator AmrR,core,AMR,POINT,AMINOGLYCOSIDE,AMIKACIN/GENTAMICIN/KANAMYCIN/TOBRAMYCIN,ONZ00720.1,MUVJ01000093.1,24393536,,
amrR_S174P,amrR,TetR family transcriptional regulator AmrR,core,AMR,POINT,BETA-LACTAM/PHENICOL/QUINOLONE,CHLORAMPHENICOL/MEROPENEM/QUINOLONE,ONZ00720.1,MUVJ01000093.1,25153194,,
gyrA_G81D,gyrA,DNA gyrase subunit A GyrA,core,AMR,POINT,QUINOLONE,QUINOLONE,AJY14066.1,CP009795.1,25153194,,
gyrA_T83I,gyrA,DNA gyrase subunit A GyrA,core,AMR,POINT,QUINOLONE,QUINOLONE,AJY14066.1,CP009795.1,25153194,,
gyrA_D87H,gyrA,DNA gyrase subunit A GyrA,core,AMR,POINT,QUINOLONE,QUINOLONE,AJY14066.1,CP009795.1,25153194,,
penR_V151E,penR,beta-lactamase transcriptional regulator PenR,core,AMR,POINT,BETA-LACTAM,CARBAPENEM,ACA94484.1,CP000959.1,37662974,,
amrR_E21D,amrR,TetR family transcriptional regulator AmrR,core,AMR,POINT,BETA-LACTAM,CARBAPENEM,CAH35804.1,BX571965.1,29394337,,
amrR_G30D,amrR,TetR family transcriptional regulator AmrR,core,AMR,POINT,BETA-LACTAM,CARBAPENEM,CAH35804.1,BX571965.1,29394337,,
amrR_A47T,amrR,TetR family transcriptional regulator AmrR,core,AMR,POINT,BETA-LACTAM,CARBAPENEM,CAH35804.1,BX571965.1,33285499,,
amrR_VAVC60del,amrR,TetR family transcriptional regulator AmrR,core,AMR,POINT,BETA-LACTAM,CARBAPENEM,CAH35804.1,BX571965.1,29394337,,
amrR_L132P,amrR,TetR family transcriptional regulator AmrR,core,AMR,POINT,BETA-LACTAM,CARBAPENEM,CAH35804.1,BX571965.1,29394337,,
amrR_ASLD153del,amrR,TetR family transcriptional regulator AmrR,core,AMR,POINT,BETA-LACTAM,CARBAPENEM,CAH35804.1,BX571965.1,29394337,,
amrR_S166P,amrR,TetR family transcriptional regulator AmrR,core,AMR,POINT,BETA-LACTAM,CARBAPENEM,CAH35804.1,BX571965.1,29394337,,
amrR_E190Ter,amrR,TetR family transcriptional regulator AmrR,core,AMR,POINT,BETA-LACTAM,MEROPENEM,CAH35804.1,BX571965.1,29394337,,
bpeR_D176A,bpeR,TetR family transcriptional regulator BpeR,core,AMR,POINT,BETA-LACTAM,CARBAPENEM,CAH34804.1,BX571965.1,29394337,,
bpeT_T314AfsTer16,bpeT,efflux pump transcriptional regulator BpeT,core,AMR,POINT,TRIMETHOPRIM-SULFAMETHOXAZOLE,TRIMETHOPRIM-SULFAMETHOXAZOLE,CAH37738.1,BX571966.1,30256166,,
dut_G91A,dut,dUTP diphosphatase Dut,core,AMR,POINT,TRIMETHOPRIM-SULFAMETHOXAZOLE,TRIMETHOPRIM-SULFAMETHOXAZOLE,CAH34897.1,BX571965.1,29394337,,
gyrA_Y77S,gyrA,DNA gyrase subunit A GyrA,core,AMR,POINT,QUINOLONE,QUINOLONE,CAH36528.1,BX571965.1,28400528,,
gyrA_G81C,gyrA,DNA gyrase subunit A GyrA,core,AMR,POINT,QUINOLONE,QUINOLONE,CAH36528.1,BX571965.1,19121669,,
gyrA_T83I,gyrA,DNA gyrase subunit A GyrA,core,AMR,POINT,QUINOLONE,QUINOLONE,CAH36528.1,BX571965.1,19121669,,
gyrA_D87Y,gyrA,DNA gyrase subunit A GyrA,core,AMR,POINT,QUINOLONE,QUINOLONE,CAH36528.1,BX571965.1,19121669,,
yciV_DALAALG107del,yciV,PHP domain-containing protein YciV,core,AMR,POINT,TRIMETHOPRIM-SULFAMETHOXAZOLE,TRIMETHOPRIM-SULFAMETHOXAZOLE,AAU47794.1,CP000010.1,29394337,,
23S_A2074C,23S,23S ribosomal RNA,core,AMR,POINT,MACROLIDE,MACROLIDE,,AL111168.1,,,
23S_A2074C,23S,23S ribosomal RNA,core,AMR,POINT,MACROLIDE,MACROLIDE,,CP004066.1,,,
23S_A2074G,23S,23S ribosomal RNA,core,AMR,POINT,MACROLIDE,MACROLIDE,,AL111168.1,,,
23S_A2074G,23S,23S ribosomal RNA,core,AMR,POINT,MACROLIDE,MACROLIDE,,CP004066.1,,,
23S_A2074T,23S,23S ribosomal RNA,core,AMR,POINT,MACROLIDE,MACROLIDE,,AL111168.1,,,
23S_A2074T,23S,23S ribosomal RNA,core,AMR,POINT,MACROLIDE,MACROLIDE,,CP004066.1,,,
23S_A2075G,23S,23S ribosomal RNA,core,AMR,POINT,MACROLIDE,MACROLIDE,,AL111168.1,,,
23S_A2075G,23S,23S ribosomal RNA,core,AMR,POINT,MACROLIDE,MACROLIDE,,CP004066.1,,,
23S_C2627A,23S,23S ribosomal RNA,core,AMR,POINT,MACROLIDE,MACROLIDE,,AL111168.1,,,
23S_C2627A,23S,23S ribosomal RNA,core,AMR,POINT,MACROLIDE,MACROLIDE,,CP004066.1,,,
blaOXA-61_G-57T,blaOXA-61,blaOXA-61 promoter region,core,AMR,POINT,BETA-LACTAM,BETA-LACTAM,,CP022079.1,"24408987,3735841",,
cmeR_G86A,cmeR,multidrug efflux system transcriptional regulator CmeR,core,AMR,POINT,MACROLIDE,MACROLIDE,EAH9016342.1,AABKSW010000043.1,,,
gyrA_A70T,gyrA,DNA gyrase subunit A GyrA,core,AMR,POINT,QUINOLONE,QUINOLONE,CAL35145.1,AL111168.1,8384814,,
gyrA_D85Y,gyrA,DNA gyrase subunit A GyrA,core,AMR,POINT,QUINOLONE,QUINOLONE,CAL35145.1,AL111168.1,18031331,,
gyrA_T86A,gyrA,DNA gyrase subunit A GyrA,core,AMR,POINT,QUINOLONE,QUINOLONE,AJW58405.1,CP011015.1,,,
gyrA_T86A,gyrA,DNA gyrase subunit A GyrA,core,AMR,POINT,QUINOLONE,QUINOLONE,CAL35145.1,AL111168.1,,,
gyrA_T86I,gyrA,DNA gyrase subunit A GyrA,core,AMR,POINT,QUINOLONE,QUINOLONE,AJW58405.1,CP011015.1,"8384814,12121947,12493783,15078520,16553723,39296292",,
gyrA_T86I,gyrA,DNA gyrase subunit A GyrA,core,AMR,POINT,QUINOLONE,QUINOLONE,CAL35145.1,AL111168.1,"8384814,12121947,12493783,15078520,16553723,39296292",,
gyrA_T86K,gyrA,DNA gyrase subunit A GyrA,core,AMR,POINT,QUINOLONE,QUINOLONE,AJW58405.1,CP011015.1,,,
gyrA_T86K,gyrA,DNA gyrase subunit A GyrA,core,AMR,POINT,QUINOLONE,QUINOLONE,CAL35145.1,AL111168.1,,,
gyrA_T86V,gyrA,DNA gyrase subunit A GyrA,core,AMR,POINT,QUINOLONE,QUINOLONE,AJW58405.1,CP011015.1,,,
gyrA_T86V,gyrA,DNA gyrase subunit A GyrA,core,AMR,POINT,QUINOLONE,QUINOLONE,CAL35145.1,AL111168.1,,,
gyrA_D90A,gyrA,DNA gyrase subunit A GyrA,core,AMR,POINT,QUINOLONE,QUINOLONE,CAL35145.1,AL111168.1,8384814,,
gyrA_D90N,gyrA,DNA gyrase subunit A GyrA,core,AMR,POINT,QUINOLONE,QUINOLONE,CAL35145.1,AL111168.1,,,
gyrA_D90T,gyrA,DNA gyrase subunit A GyrA,core,AMR,POINT,QUINOLONE,QUINOLONE,CAL35145.1,AL111168.1,8384814,,
gyrA_D90Y,gyrA,DNA gyrase subunit A GyrA,core,AMR,POINT,QUINOLONE,QUINOLONE,AJW58405.1,CP011015.1,,,
gyrA_D90Y,gyrA,DNA gyrase subunit A GyrA,core,AMR,POINT,QUINOLONE,QUINOLONE,CAL35145.1,AL111168.1,,,
gyrA_P104S,gyrA,DNA gyrase subunit A GyrA,core,AMR,POINT,QUINOLONE,QUINOLONE,AJW58405.1,CP011015.1,"12121947,12493783,15078520,16553723",,
gyrA_P104S,gyrA,DNA gyrase subunit A GyrA,core,AMR,POINT,QUINOLONE,QUINOLONE,CAL35145.1,AL111168.1,"12121947,12493783,15078520,16553723",,
porA_G56D,porA,group 2 major outer membrane porin protein PorA,core,AMR,POINT,BETA-LACTAM,CARBAPENEM,EDP3189702.1,AANKQG010000011.1,37358443,,
porA_N138ND,porA,group 2 major outer membrane porin protein PorA,core,AMR,POINT,BETA-LACTAM,CARBAPENEM,EDP3189702.1,AANKQG010000011.1,37358443,,
rplD_G74D,rplD,50S ribosomal protein L4,core,AMR,POINT,MACROLIDE,ERYTHROMYCIN/TYLOSIN,ACJ72980.1,FJ464806.1,"8779354,1694007",,
rplV_A84D,rplV,50S ribosomal protein L22,core,AMR,POINT,MACROLIDE,MACROLIDE,AJW59082.1,CP011015.1,,,
rplV_A84D,rplV,50S ribosomal protein L22,core,AMR,POINT,MACROLIDE,MACROLIDE,CAL35796.1,AL111168.1,,,
rplV_R85RARAR,rplV,50S ribosomal protein L22,core,AMR,POINT,MACROLIDE,ERYTHROMYCIN/TYLOSIN,AJW59082.1,CP011015.1,16940070,,
rplV_R85RARAR,rplV,50S ribosomal protein L22,core,AMR,POINT,MACROLIDE,ERYTHROMYCIN/TYLOSIN,CAL35796.1,AL111168.1,16940070,,
rplV_G86E,rplV,50S ribosomal protein L22,core,AMR,POINT,MACROLIDE,MACROLIDE,AJW59082.1,CP011015.1,,,
rplV_G86E,rplV,50S ribosomal protein L22,core,AMR,POINT,MACROLIDE,MACROLIDE,CAL35796.1,AL111168.1,,,
rplV_G86V,rplV,50S ribosomal protein L22,core,AMR,POINT,MACROLIDE,MACROLIDE,AJW59082.1,CP011015.1,,,
rplV_G86V,rplV,50S ribosomal protein L22,core,AMR,POINT,MACROLIDE,MACROLIDE,CAL35796.1,AL111168.1,,,
rplV_A88E,rplV,50S ribosomal protein L22,core,AMR,POINT,MACROLIDE,MACROLIDE,AJW59082.1,CP011015.1,,,
rplV_A88E,rplV,50S ribosomal protein L22,core,AMR,POINT,MACROLIDE,MACROLIDE,CAL35796.1,AL111168.1,,,
rplV_H97HTSH,rplV,50S ribosomal protein L22,core,AMR,POINT,MACROLIDE,ERYTHROMYCIN/TYLOSIN,AJW59082.1,CP011015.1,16940070,,
rplV_H97HTSH,rplV,50S ribosomal protein L22,core,AMR,POINT,MACROLIDE,ERYTHROMYCIN/TYLOSIN,CAL35796.1,AL111168.1,16940070,,
rplV_A103C,rplV,50S ribosomal protein L22,core,AMR,POINT,MACROLIDE,ERYTHROMYCIN,CAL35796.1,AL111168.1,,,
rplV_A103V,rplV,50S ribosomal protein L22,core,AMR,POINT,MACROLIDE,MACROLIDE,AJW59082.1,CP011015.1,,,
rplV_A103V,rplV,50S ribosomal protein L22,core,AMR,POINT,MACROLIDE,MACROLIDE,CAL35796.1,AL111168.1,,,
rpsL_K43R,rpsL,30S ribosomal protein S12,core,AMR,POINT,AMINOGLYCOSIDE,STREPTOMYCIN,EAI0845362.1,AABMHE010000010.1,,,
rpsL_K88E,rpsL,30S ribosomal protein S12,core,AMR,POINT,AMINOGLYCOSIDE,STREPTOMYCIN,EAI0845362.1,AABMHE010000010.1,,,
rpsL_K88Q,rpsL,30S ribosomal protein S12,core,AMR,POINT,AMINOGLYCOSIDE,STREPTOMYCIN,EAI0845362.1,AABMHE010000010.1,,,
rpsL_K88R,rpsL,30S ribosomal protein S12,core,AMR,POINT,AMINOGLYCOSIDE,STREPTOMYCIN,EAI0845362.1,AABMHE010000010.1,,,
gyrA_T83I,gyrA,DNA gyrase subunit A GyrA,core,AMR,POINT,QUINOLONE,QUINOLONE,QIH69907.1,CP049015.1,9756773,,
gyrA_D87G,gyrA,DNA gyrase subunit A GyrA,core,AMR,POINT,QUINOLONE,QUINOLONE,QIH69907.1,CP049015.1,9756773,,
PnimB_G,nimB,nimB promoter region,core,AMR,POINT,NITROIMIDAZOLE,METRONIDAZOLE,,CP037853.1,38598696,,
23S_C658T,23S,23S ribosomal RNA,core,AMR,POINT,LINCOSAMIDE/MACROLIDE,CLINDAMYCIN/ERYTHROMYCIN,,CP019870.1,17509804,,
dacS_V183A,dacS,two-component sensor histidine kinase DacS,core,AMR,POINT,GLYCOPEPTIDE,VANCOMYCIN,CBE07524.1,FN545816.1,38598696,,
dacS_E238D,dacS,two-component sensor histidine kinase DacS,core,AMR,POINT,GLYCOPEPTIDE,VANCOMYCIN,CBE07524.1,FN545816.1,38598696,,
gyrA_D71G,gyrA,DNA gyrase subunit A GyrA,core,AMR,POINT,QUINOLONE,QUINOLONE,CAJ66820.1,AM180355.1,22508299,,
gyrA_D71V,gyrA,DNA gyrase subunit A GyrA,core,AMR,POINT,QUINOLONE,QUINOLONE,CAJ66820.1,AM180355.1,22508299,,
gyrA_D81N,gyrA,DNA gyrase subunit A GyrA,core,AMR,POINT,QUINOLONE,QUINOLONE,CAJ66820.1,AM180355.1,22508299,,
gyrA_T82A,gyrA,DNA gyrase subunit A GyrA,core,AMR,POINT,QUINOLONE,QUINOLONE,CAJ66820.1,AM180355.1,22508299,,
gyrA_T82I,gyrA,DNA gyrase subunit A GyrA,core,AMR,POINT,QUINOLONE,QUINOLONE,CAJ66820.1,AM180355.1,"12384345,1981886",,
gyrA_T82V,gyrA,DNA gyrase subunit A GyrA,core,AMR,POINT,QUINOLONE,QUINOLONE,CAJ66820.1,AM180355.1,11451695,,
gyrA_A118S,gyrA,DNA gyrase subunit A GyrA,core,AMR,POINT,QUINOLONE,QUINOLONE,CAJ66820.1,AM180355.1,19364867,,
gyrA_A118T,gyrA,DNA gyrase subunit A GyrA,core,AMR,POINT,QUINOLONE,QUINOLONE,CAJ66820.1,AM180355.1,"12384345,1981886",,
gyrA_A384D,gyrA,DNA gyrase subunit A GyrA,core,AMR,POINT,QUINOLONE,QUINOLONE,CAJ66820.1,AM180355.1,27842877,,
gyrB_V130I,gyrB,DNA topoisomerase (ATP-hydrolyzing) subunit B GyrB,core,AMR,POINT,QUINOLONE,QUINOLONE,CAJ66819.1,AM180355.1,27842877,,
gyrB_I139R,gyrB,DNA topoisomerase (ATP-hydrolyzing) subunit B GyrB,core,AMR,POINT,QUINOLONE,QUINOLONE,CAJ66819.1,AM180355.1,27842877,,
gyrB_S366A,gyrB,DNA topoisomerase (ATP-hydrolyzing) subunit B GyrB,core,AMR,POINT,QUINOLONE,QUINOLONE,CAJ66819.1,AM180355.1,27842877,,
gyrB_S366V,gyrB,DNA topoisomerase (ATP-hydrolyzing) subunit B GyrB,core,AMR,POINT,QUINOLONE,QUINOLONE,CAJ66819.1,AM180355.1,27842877,,
gyrB_R377G,gyrB,DNA topoisomerase (ATP-hydrolyzing) subunit B GyrB,core,AMR,POINT,QUINOLONE,QUINOLONE,CAJ66819.1,AM180355.1,22508299,,
gyrB_S416A,gyrB,DNA topoisomerase (ATP-hydrolyzing) subunit B GyrB,core,AMR,POINT,QUINOLONE,QUINOLONE,CAJ66819.1,AM180355.1,"18480338,225083",,
gyrB_D426N,gyrB,DNA topoisomerase (ATP-hydrolyzing) subunit B GyrB,core,AMR,POINT,QUINOLONE,QUINOLONE,CAJ66819.1,AM180355.1,"12384345,1981886",,
gyrB_D426V,gyrB,DNA topoisomerase (ATP-hydrolyzing) subunit B GyrB,core,AMR,POINT,QUINOLONE,QUINOLONE,CAJ66819.1,AM180355.1,18480338,,
gyrB_R447K,gyrB,DNA topoisomerase (ATP-hydrolyzing) subunit B GyrB,core,AMR,POINT,QUINOLONE,QUINOLONE,CAJ66819.1,AM180355.1,"18480338,1981887",,
gyrB_R447L,gyrB,DNA topoisomerase (ATP-hydrolyzing) subunit B GyrB,core,AMR,POINT,QUINOLONE,QUINOLONE,CAJ66819.1,AM180355.1,"12384345,1981886",,
gyrB_E466K,gyrB,DNA topoisomerase (ATP-hydrolyzing) subunit B GyrB,core,AMR,POINT,QUINOLONE,QUINOLONE,CAJ66819.1,AM180355.1,19818865,,
gyrB_E466V,gyrB,DNA topoisomerase (ATP-hydrolyzing) subunit B GyrB,core,AMR,POINT,QUINOLONE,QUINOLONE,CAJ66819.1,AM180355.1,20226332,,
mreE_M496V,mreE,penicillin-binding protein MreE,core,AMR,POINT,BETA-LACTAM,CEPHALOSPORIN,QOX87941.1,CP049958.1,37961251,,
mreE_V497L,mreE,penicillin-binding protein MreE,core,AMR,POINT,BETA-LACTAM,CEPHALOSPORIN,QOX87941.1,CP049958.1,37961251,,
mreE_A694T,mreE,penicillin-binding protein MreE,core,AMR,POINT,BETA-LACTAM,CEPHALOSPORIN,QOX87941.1,CP049958.1,37961251,,
mreE_A694V,mreE,penicillin-binding protein MreE,core,AMR,POINT,BETA-LACTAM,CEPHALOSPORIN,QOX87941.1,CP049958.1,37961251,,
mreE_Y721C,mreE,penicillin-binding protein MreE,core,AMR,POINT,BETA-LACTAM,CEPHALOSPORIN,QOX87941.1,CP049958.1,37961251,,
mreE_Y721S,mreE,penicillin-binding protein MreE,core,AMR,POINT,BETA-LACTAM,CEPHALOSPORIN,QOX87941.1,CP049958.1,37961251,,
mreE_A778V,mreE,penicillin-binding protein MreE,core,AMR,POINT,BETA-LACTAM,CEPHALOSPORIN,QOX87941.1,CP049958.1,37961251,,
mreE_A795L,mreE,penicillin-binding protein MreE,core,AMR,POINT,BETA-LACTAM,CEPHALOSPORIN,QOX87941.1,CP049958.1,37961251,,
mreE_A795V,mreE,penicillin-binding protein MreE,core,AMR,POINT,BETA-LACTAM,CEPHALOSPORIN,QOX87941.1,CP049958.1,37961251,,
murG_P107L,murG,undecaprenyldiphospho-muramoylpentapeptide beta-N-acetylglucosaminyltransferase MurG,core,AMR,POINT,GLYCOPEPTIDE,VANCOMYCIN,CAJ69537.1,AM180355.1,23887866,,
rpoB_S488P,rpoB,DNA-directed RNA polymerase subunit beta RpoB,core,AMR,POINT,RIFAMYCIN,RIFAMYCIN,CAJ66881.1,AM180355.1,21998414,,
rpoB_S488Y,rpoB,DNA-directed RNA polymerase subunit beta RpoB,core,AMR,POINT,RIFAMYCIN,RIFAXIMIN,CAJ66881.1,AM180355.1,27381389,,
rpoB_Q489L,rpoB,DNA-directed RNA polymerase subunit beta RpoB,core,AMR,POINT,RIFAMYCIN,RIFAXIMIN,CAJ66881.1,AM180355.1,27381389,,
rpoB_D492N,rpoB,DNA-directed RNA polymerase subunit beta RpoB,core,AMR,POINT,RIFAMYCIN,RIFAXIMIN,CAJ66881.1,AM180355.1,22361457,,
rpoB_D492V,rpoB,DNA-directed RNA polymerase subunit beta RpoB,core,AMR,POINT,RIFAMYCIN,RIFAXIMIN,CAJ66881.1,AM180355.1,22361457,,
rpoB_D492Y,rpoB,DNA-directed RNA polymerase subunit beta RpoB,core,AMR,POINT,RIFAMYCIN,RIFAXIMIN,CAJ66881.1,AM180355.1,27381389,,
rpoB_P496S,rpoB,DNA-directed RNA polymerase subunit beta RpoB,core,AMR,POINT,RIFAMYCIN,RIFAMYCIN,CAJ66881.1,AM180355.1,22908175,,
rpoB_H502L,rpoB,DNA-directed RNA polymerase subunit beta RpoB,core,AMR,POINT,RIFAMYCIN,RIFAXIMIN,CAJ66881.1,AM180355.1,22361457,,
rpoB_H502N,rpoB,DNA-directed RNA polymerase subunit beta RpoB,core,AMR,POINT,RIFAMYCIN,RIFAMPIN,CAJ66881.1,AM180355.1,19140738,,
rpoB_H502R,rpoB,DNA-directed RNA polymerase subunit beta RpoB,core,AMR,POINT,RIFAMYCIN,RIFAXIMIN,CAJ66881.1,AM180355.1,27381389,,
rpoB_H502Y,rpoB,DNA-directed RNA polymerase subunit beta RpoB,core,AMR,POINT,RIFAMYCIN,RIFAXIMIN,CAJ66881.1,AM180355.1,22361457,,
rpoB_R505K,rpoB,DNA-directed RNA polymerase subunit beta RpoB,core,AMR,POINT,RIFAMYCIN,RIFAMPIN,CAJ66881.1,AM180355.1,19140738,,
rpoB_R505L,rpoB,DNA-directed RNA polymerase subunit beta RpoB,core,AMR,POINT,RIFAMYCIN,RIFAXIMIN,CAJ66881.1,AM180355.1,27381389,,
rpoB_S507L,rpoB,DNA-directed RNA polymerase subunit beta RpoB,core,AMR,POINT,RIFAMYCIN,RIFAXIMIN,CAJ66881.1,AM180355.1,27381389,,
rpoB_G510R,rpoB,DNA-directed RNA polymerase subunit beta RpoB,core,AMR,POINT,RIFAMYCIN,RIFAXIMIN,CAJ66881.1,AM180355.1,27381389,,
rpoB_S550F,rpoB,DNA-directed RNA polymerase subunit beta RpoB,core,AMR,POINT,RIFAMYCIN,RIFAXIMIN,CAJ66881.1,AM180355.1,22361457,,
rpoB_S550Y,rpoB,DNA-directed RNA polymerase subunit beta RpoB,core,AMR,POINT,RIFAMYCIN,RIFAXIMIN,CAJ66881.1,AM180355.1,22361457,,
rpoB_L584F,rpoB,DNA-directed RNA polymerase subunit beta RpoB,core,AMR,POINT,RIFAMYCIN,RIFAXIMIN,CAJ66881.1,AM180355.1,27381389,,
rpoB_Q1074K,rpoB,DNA-directed RNA polymerase subunit beta RpoB,core,AMR,POINT,MACROLIDE,FIDAXOMICIN,CAJ66881.1,AM180355.1,"29253242,385987",,
rpoB_Q1074R,rpoB,DNA-directed RNA polymerase subunit beta RpoB,core,AMR,POINT,MACROLIDE,FIDAXOMICIN,CAJ66881.1,AM180355.1,"23887866,385987",,
rpoB_V1143D,rpoB,DNA-directed RNA polymerase subunit beta RpoB,core,AMR,POINT,MACROLIDE,FIDAXOMICIN,CAJ66881.1,AM180355.1,30247587,,
rpoB_V1143F,rpoB,DNA-directed RNA polymerase subunit beta RpoB,core,AMR,POINT,MACROLIDE,FIDAXOMICIN,CAJ66881.1,AM180355.1,"29253242,385987",,
rpoB_V1143G,rpoB,DNA-directed RNA polymerase subunit beta RpoB,core,AMR,POINT,MACROLIDE,FIDAXOMICIN,CAJ66881.1,AM180355.1,37352110,,
rpoB_V1143L,rpoB,DNA-directed RNA polymerase subunit beta RpoB,core,AMR,POINT,MACROLIDE,FIDAXOMICIN,CAJ66881.1,AM180355.1,31527041,,
rpoC_R89G,rpoC,DNA-directed RNA polymerase subunit beta RpoC,core,AMR,POINT,MACROLIDE,FIDAXOMICIN,CAJ66882.1,AM180355.1,26834162,,
rpoC_D237Y,rpoC,DNA-directed RNA polymerase subunit beta RpoC,core,AMR,POINT,MACROLIDE,FIDAXOMICIN,CAJ66882.1,AM180355.1,26834162,,
rpoC_D245Y,rpoC,DNA-directed RNA polymerase subunit beta RpoC,core,AMR,POINT,GLYCOPEPTIDE,VANCOMYCIN,CAJ66882.1,AM180355.1,23887866,,
rpoC_Q781R,rpoC,DNA-directed RNA polymerase subunit beta RpoC,core,AMR,POINT,MACROLIDE,FIDAXOMICIN,CAJ66882.1,AM180355.1,21349983,,
rpoC_D1127E,rpoC,DNA-directed RNA polymerase subunit beta RpoC,core,AMR,POINT,MACROLIDE,FIDAXOMICIN,CAJ66882.1,AM180355.1,21349983,,
vanR-Cd_T115A,vanR-Cd,vancomycin resistance response regulator transcription factor VanR-Cd,core,AMR,POINT,GLYCOPEPTIDE,VANCOMYCIN,AXB64454.1,CP011847.1,"31873741,3712592",,
vanS-Cd_S333F,vanS-Cd,VanG-Cd-type vancomycin resistance histidine kinase VanS,core,AMR,POINT,GLYCOPEPTIDE,VANCOMYCIN,AXB64455.1,CP011847.1,31873741,,
vanS-Cd_R334H,vanS-Cd,VanG-Cd-type vancomycin resistance histidine kinase VanS,core,AMR,POINT,GLYCOPEPTIDE,VANCOMYCIN,AXB64455.1,CP011847.1,38598696,,
vanS-Cd_R334L,vanS-Cd,VanG-Cd-type vancomycin resistance histidine kinase VanS,core,AMR,POINT,GLYCOPEPTIDE,VANCOMYCIN,AXB64455.1,CP011847.1,31873741,,
vanS-Cd_G339D,vanS-Cd,VanG-Cd-type vancomycin resistance histidine kinase VanS,core,AMR,POINT,GLYCOPEPTIDE,VANCOMYCIN,AXB64455.1,CP011847.1,"31873741,385987",,
vanS-Cd_T369I,vanS-Cd,VanG-Cd-type vancomycin resistance histidine kinase VanS,core,AMR,POINT,GLYCOPEPTIDE,VANCOMYCIN,AXB64455.1,CP011847.1,"31873741,385987",,
gyrA_S89F,gyrA,DNA gyrase subunit A GyrA,core,AMR,POINT,QUINOLONE,QUINOLONE,AEX43076.1,CP003207.1,"31736013,3324649",,
gyrA_S89V,gyrA,DNA gyrase subunit A GyrA,core,AMR,POINT,QUINOLONE,QUINOLONE,AEX43076.1,CP003207.1,"31736013,3324649",,
gyrA_D93A,gyrA,DNA gyrase subunit A GyrA,core,AMR,POINT,QUINOLONE,QUINOLONE,AEX43076.1,CP003207.1,"31736013,3324649",,
gyrA_D93Y,gyrA,DNA gyrase subunit A GyrA,core,AMR,POINT,QUINOLONE,QUINOLONE,AEX43076.1,CP003207.1,"31736013,3324649",,
rpoB_S442F,rpoB,DNA-directed RNA polymerase subunit beta RpoB,core,AMR,POINT,RIFAMYCIN,RIFAMYCIN,EIK56750.1,AJVH01000008.1,32668585,,
rpoB_S442N,rpoB,DNA-directed RNA polymerase subunit beta RpoB,core,AMR,POINT,RIFAMYCIN,RIFAMYCIN,EIK56750.1,AJVH01000008.1,32668585,,
rpoB_S442Y,rpoB,DNA-directed RNA polymerase subunit beta RpoB,core,AMR,POINT,RIFAMYCIN,RIFAMYCIN,EIK56750.1,AJVH01000008.1,,,
baeS_T175P,baeS,two-component system sensor histidine kinase BaeS,core,AMR,POINT,BETA-LACTAM,AZTREONAM/TEMOCILLIN/TICARCILLIN,AHW93633.1,CP007546.1,37195180,,
acrB_E672L,acrB,multidrug efflux RND transporter permease subunit AcrB,core,AMR,POINT,BETA-LACTAM,CEFTIBUTEN-AVIBACTAM,QWZ89770.1,CP077211.1,39665271,,
ampD_I113S,ampD,"1,6-anhydro-N-acetylmuramyl-L-alanine amidase AmpD",core,AMR,POINT,BETA-LACTAM,AZTREONAM-AVIBACTAM,RLS17491.1,NRQN01000005.1,34568905,,
baeS_T175P,baeS,two-component system sensor histidine kinase BaeS,core,AMR,POINT,BETA-LACTAM,AZTREONAM/TEMOCILLIN/TICARCILLIN,ADF62939.1,CP001918.1,37195180,,
cpxA_G130A,cpxA,envelope stress sensor histidine kinase CpxA,core,AMR,POINT,BETA-LACTAM,CEFTIBUTEN-AVIBACTAM,UDG00827.1,CP085080.1,39665271,,
cpxA_P131L,cpxA,envelope stress sensor histidine kinase CpxA,core,AMR,POINT,BETA-LACTAM,CEFTIBUTEN-AVIBACTAM,UDG00827.1,CP085080.1,39665271,,
gyrA_S83F,gyrA,DNA gyrase subunit A GyrA,core,AMR,POINT,QUINOLONE,QUINOLONE,ADF63057.1,CP001918.1,9756773,,
gyrA_S83I,gyrA,DNA gyrase subunit A GyrA,core,AMR,POINT,QUINOLONE,QUINOLONE,ADF63057.1,CP001918.1,9756773,,
gyrA_S83Y,gyrA,DNA gyrase subunit A GyrA,core,AMR,POINT,QUINOLONE,QUINOLONE,ADF63057.1,CP001918.1,9756773,,
gyrA_D87G,gyrA,DNA gyrase subunit A GyrA,core,AMR,POINT,QUINOLONE,QUINOLONE,ADF63057.1,CP001918.1,10428935,,
gyrA_D87H,gyrA,DNA gyrase subunit A GyrA,core,AMR,POINT,QUINOLONE,QUINOLONE,ADF63057.1,CP001918.1,10428935,,
gyrA_D87N,gyrA,DNA gyrase subunit A GyrA,core,AMR,POINT,QUINOLONE,QUINOLONE,ADF63057.1,CP001918.1,9756773,,
parC_S80I,parC,DNA topoisomerase IV subunit A ParC,core,AMR,POINT,QUINOLONE,QUINOLONE,ADF63870.1,CP001918.1,10428935,,
23S_G2505A,23S,23S ribosomal RNA,core,AMR,POINT,OXAZOLIDINONE,LINEZOLID,,CP041738.1,30863844,,
23S_G2576T,23S,23S ribosomal RNA,core,AMR,POINT,OXAZOLIDINONE,LINEZOLID,,CP041738.1,30863844,,
cls_NFQ77del,cls,cardiolipin synthase Cls,core,AMR,POINT,LIPOPEPTIDE,DAPTOMYCIN,AEA93051.1,CP002621.1,23959318,,
cls_H215R,cls,cardiolipin synthase Cls,core,AMR,POINT,LIPOPEPTIDE,DAPTOMYCIN,AEA93051.1,CP002621.1,,,
cls_R218Q,cls,cardiolipin synthase Cls,core,AMR,POINT,LIPOPEPTIDE,DAPTOMYCIN,AEA93051.1,CP002621.1,23959318,,
cls_R267H,cls,cardiolipin synthase Cls,core,AMR,POINT,LIPOPEPTIDE,DAPTOMYCIN,AEA93051.1,CP002621.1,,,
gshF_E554K,gshF,bifunctional glutamate--cysteine ligase/glutathione synthetase GshF,core,AMR,POINT,LIPOPEPTIDE,DAPTOMYCIN,AMR95642.1,CP014949.1,,,
gyrA_S83I,gyrA,DNA gyrase subunit A GyrA,core,AMR,POINT,QUINOLONE,QUINOLONE,ETU44550.1,JAHX01000001.1,,,
gyrA_S83L,gyrA,DNA gyrase subunit A GyrA,core,AMR,POINT,QUINOLONE,QUINOLONE,ETU44550.1,JAHX01000001.1,,,
gyrA_S83N,gyrA,DNA gyrase subunit A GyrA,core,AMR,POINT,QUINOLONE,QUINOLONE,ETU44550.1,JAHX01000001.1,,,
gyrA_S83R,gyrA,DNA gyrase subunit A GyrA,core,AMR,POINT,QUINOLONE,QUINOLONE,ETU44550.1,JAHX01000001.1,,,
gyrA_S83Y,gyrA,DNA gyrase subunit A GyrA,core,AMR,POINT,QUINOLONE,QUINOLONE,ETU44550.1,JAHX01000001.1,,,
gyrA_E87G,gyrA,DNA gyrase subunit A GyrA,core,AMR,POINT,QUINOLONE,QUINOLONE,ETU44550.1,JAHX01000001.1,,,
gyrA_E87K,gyrA,DNA gyrase subunit A GyrA,core,AMR,POINT,QUINOLONE,QUINOLONE,ETU44550.1,JAHX01000001.1,,,
gyrA_E87L,gyrA,DNA gyrase subunit A GyrA,core,AMR,POINT,QUINOLONE,QUINOLONE,ETU44550.1,JAHX01000001.1,,,
gyrA_E87Y,gyrA,DNA gyrase subunit A GyrA,core,AMR,POINT,QUINOLONE,QUINOLONE,ETU44550.1,JAHX01000001.1,,,
liaF_I171del,liaF,three-component signaling pathway regulator LiaF,core,AMR,POINT,LIPOPEPTIDE,DAPTOMYCIN,AAO82601.1,AE016830.1,"21899450,2350728",,
liaF_T194I,liaF,three-component signaling pathway regulator LiaF,core,AMR,POINT,LIPOPEPTIDE,DAPTOMYCIN,AAO82601.1,AE016830.1,23959318,,
liaR_D191N,liaR,response regulator transcription factor LiaR,core,AMR,POINT,LIPOPEPTIDE,DAPTOMYCIN,AAO82599.1,AE016830.1,23959318,,
liaS_A180T,liaS,sensor histidine kinase LiaS,core,AMR,POINT,LIPOPEPTIDE,DAPTOMYCIN,AAO82600.1,AE016830.1,,,
parC_S80I,parC,DNA topoisomerase IV subunit A ParC,core,AMR,POINT,QUINOLONE,QUINOLONE,EEU74392.1,GG692706.1,,,
parC_S80R,parC,DNA topoisomerase IV subunit A ParC,core,AMR,POINT,QUINOLONE,QUINOLONE,EEU74392.1,GG692706.1,,,
parC_E84A,parC,DNA topoisomerase IV subunit A ParC,core,AMR,POINT,QUINOLONE,QUINOLONE,EEU74392.1,GG692706.1,,,
parC_E84K,parC,DNA topoisomerase IV subunit A ParC,core,AMR,POINT,QUINOLONE,QUINOLONE,EEU74392.1,GG692706.1,,,
rpsJ_RATHK53Q,rpsJ,30S ribosomal protein S10,core,AMR,POINT,TETRACYCLINE,TIGECYCLINE,AAO80074.1,AE016830.1,"26060280,2612415",,
yybT_I440S,yybT,cyclic dinucleotide phosphodiesterase YybT,core,AMR,POINT,LIPOPEPTIDE,DAPTOMYCIN,AAO79895.1,AE016830.1,,,
23S_G2505A,23S,23S ribosomal RNA,core,AMR,POINT,OXAZOLIDINONE,LINEZOLID,,CP041261.3,30863844,,
23S_G2576T,23S,23S ribosomal RNA,core,AMR,POINT,OXAZOLIDINONE,LINEZOLID,,CP041261.3,30863844,,
cls_N13I,cls,cardiolipin synthase Cls,core,AMR,POINT,LIPOPEPTIDE,DAPTOMYCIN,ALL09868.1,CP013009.1,"21899450,3057639",,
cls_N13S,cls,cardiolipin synthase Cls,core,AMR,POINT,LIPOPEPTIDE,DAPTOMYCIN,ALL09868.1,CP013009.1,30576392,,
cls_N13T,cls,cardiolipin synthase Cls,core,AMR,POINT,LIPOPEPTIDE,DAPTOMYCIN,ALL09868.1,CP013009.1,30576392,,
cls_A20D,cls,cardiolipin synthase Cls,core,AMR,POINT,LIPOPEPTIDE,DAPTOMYCIN,ALL09868.1,CP013009.1,"26454536,3057639",,
cls_D27N,cls,cardiolipin synthase Cls,core,AMR,POINT,LIPOPEPTIDE,DAPTOMYCIN,ALL09868.1,CP013009.1,26454536,,
cls_K59T,cls,cardiolipin synthase Cls,core,AMR,POINT,LIPOPEPTIDE,DAPTOMYCIN,ALL09868.1,CP013009.1,,,
cls_R211Q,cls,cardiolipin synthase Cls,core,AMR,POINT,LIPOPEPTIDE,DAPTOMYCIN,ALL09868.1,CP013009.1,29195768,,
cls_H215R,cls,cardiolipin synthase Cls,core,AMR,POINT,LIPOPEPTIDE,DAPTOMYCIN,ALL09868.1,CP013009.1,"21899450,23114777,26200029,30576392",,
cls_R218Q,cls,cardiolipin synthase Cls,core,AMR,POINT,LIPOPEPTIDE,DAPTOMYCIN,ALL09868.1,CP013009.1,"21899450,23114757,23114777,24957825,26200029,26454536,30576392",,
cls_R267H,cls,cardiolipin synthase Cls,core,AMR,POINT,LIPOPEPTIDE,DAPTOMYCIN,ALL09868.1,CP013009.1,"24957825,2645454",,
dltC_S63C,dltC,D-alanine--poly(phosphoribitol) ligase subunit DltC,core,AMR,POINT,LIPOPEPTIDE,DAPTOMYCIN,UEC10579.1,CP085906.1,34745054,,
eat(A)_T450I,eat(A),ABC-F type ribosomal protection protein Eat(A),core,AMR,POINT,PLEUROMUTILIN,PLEUROMUTILIN,AFC62715.1,CP003351.1,23836170,,
gyrA_S83I,gyrA,DNA gyrase subunit A GyrA,core,AMR,POINT,QUINOLONE,QUINOLONE,TKN35901.1,QPUG01000013.1,,,
gyrA_S83L,gyrA,DNA gyrase subunit A GyrA,core,AMR,POINT,QUINOLONE,QUINOLONE,TKN35901.1,QPUG01000013.1,,,
gyrA_S83N,gyrA,DNA gyrase subunit A GyrA,core,AMR,POINT,QUINOLONE,QUINOLONE,TKN35901.1,QPUG01000013.1,,,
gyrA_S83R,gyrA,DNA gyrase subunit A GyrA,core,AMR,POINT,QUINOLONE,QUINOLONE,TKN35901.1,QPUG01000013.1,,,
gyrA_S83Y,gyrA,DNA gyrase subunit A GyrA,core,AMR,POINT,QUINOLONE,QUINOLONE,TKN35901.1,QPUG01000013.1,,,
gyrA_E87G,gyrA,DNA gyrase subunit A GyrA,core,AMR,POINT,QUINOLONE,QUINOLONE,TKN35901.1,QPUG01000013.1,,,
gyrA_E87K,gyrA,DNA gyrase subunit A GyrA,core,AMR,POINT,QUINOLONE,QUINOLONE,TKN35901.1,QPUG01000013.1,,,
gyrA_E87L,gyrA,DNA gyrase subunit A GyrA,core,AMR,POINT,QUINOLONE,QUINOLONE,TKN35901.1,QPUG01000013.1,,,
gyrA_S97N,gyrA,DNA gyrase subunit A GyrA,core,AMR,POINT,QUINOLONE,QUINOLONE,TKN35901.1,QPUG01000013.1,,,
liaF_G135A,liaF,three-component signaling pathway regulator LiaF,core,AMR,POINT,LIPOPEPTIDE,DAPTOMYCIN,CUX99269.1,LN999844.1,29195768,,
liaF_I144T,liaF,three-component signaling pathway regulator LiaF,core,AMR,POINT,LIPOPEPTIDE,DAPTOMYCIN,CUX99269.1,LN999844.1,,,
liaF_E239G,liaF,three-component signaling pathway regulator LiaF,core,AMR,POINT,LIPOPEPTIDE,DAPTOMYCIN,CUX99269.1,LN999844.1,29195768,,
liaR_S19F,liaR,response regulator transcription factor LiaR,core,AMR,POINT,LIPOPEPTIDE,DAPTOMYCIN,AFK58562.1,CP003583.1,"26200029,3474505",,
liaR_W73C,liaR,response regulator transcription factor LiaR,core,AMR,POINT,LIPOPEPTIDE,DAPTOMYCIN,AFK58562.1,CP003583.1,"22664970,3474505",,
liaR_E75K,liaR,response regulator transcription factor LiaR,core,AMR,POINT,LIPOPEPTIDE,DAPTOMYCIN,AFK58562.1,CP003583.1,38219758,,
liaS_G92D,liaS,sensor histidine kinase LiaS,core,AMR,POINT,LIPOPEPTIDE,DAPTOMYCIN,AFK58561.1,CP003583.1,27353469,,
liaS_T120A,liaS,sensor histidine kinase LiaS,core,AMR,POINT,LIPOPEPTIDE,DAPTOMYCIN,AFK58561.1,CP003583.1,"22664970,3474505",,
liaS_A180T,liaS,sensor histidine kinase LiaS,core,AMR,POINT,LIPOPEPTIDE,DAPTOMYCIN,AFK58561.1,CP003583.1,,,
liaS_E192G,liaS,sensor histidine kinase LiaS,core,AMR,POINT,LIPOPEPTIDE,DAPTOMYCIN,AFK58561.1,CP003583.1,,,
liaS_H264Q,liaS,sensor histidine kinase LiaS,core,AMR,POINT,LIPOPEPTIDE,DAPTOMYCIN,AFK58561.1,CP003583.1,,,
parC_S80I,parC,DNA topoisomerase IV subunit A ParC,core,AMR,POINT,QUINOLONE,QUINOLONE,STD68199.1,UFYR01000002.1,,,
parC_S80R,parC,DNA topoisomerase IV subunit A ParC,core,AMR,POINT,QUINOLONE,QUINOLONE,STD68199.1,UFYR01000002.1,,,
parC_E84A,parC,DNA topoisomerase IV subunit A ParC,core,AMR,POINT,QUINOLONE,QUINOLONE,STD68199.1,UFYR01000002.1,,,
parC_E84K,parC,DNA topoisomerase IV subunit A ParC,core,AMR,POINT,QUINOLONE,QUINOLONE,STD68199.1,UFYR01000002.1,,,
parC_E84T,parC,DNA topoisomerase IV subunit A ParC,core,AMR,POINT,QUINOLONE,QUINOLONE,STD68199.1,UFYR01000002.1,,,
pbp5_D325E,pbp5,penicillin-binding protein 5,core,AMR,POINT,BETA-LACTAM,BETA-LACTAM,AIG13035.1,KJ742831.1,23233485,,
pbp5_A401S,pbp5,penicillin-binding protein 5,core,AMR,POINT,BETA-LACTAM,BETA-LACTAM,AIG13035.1,KJ742831.1,23233485,,
pbp5_M426I,pbp5,penicillin-binding protein 5,core,AMR,POINT,BETA-LACTAM,BETA-LACTAM,AIG13035.1,KJ742831.1,"8834879,38219758",,
pbp5_D434A,pbp5,penicillin-binding protein 5,core,AMR,POINT,BETA-LACTAM,BETA-LACTAM,AIG13035.1,KJ742831.1,31010813,,
pbp5_S466SS,pbp5,penicillin-binding protein 5,core,AMR,POINT,BETA-LACTAM,BETA-LACTAM,AIG13035.1,KJ742831.1,29617860,,
pbp5_D467DD,pbp5,penicillin-binding protein 5,core,AMR,POINT,BETA-LACTAM,BETA-LACTAM,AIG13035.1,KJ742831.1,29617860,,
pbp5_M485A,pbp5,penicillin-binding protein 5,core,AMR,POINT,BETA-LACTAM,BETA-LACTAM,AIG13035.1,KJ742831.1,34694881,,
pbp5_M485T,pbp5,penicillin-binding protein 5,core,AMR,POINT,BETA-LACTAM,BETA-LACTAM,AIG13035.1,KJ742831.1,34694881,,
pbp5_N496K,pbp5,penicillin-binding protein 5,core,AMR,POINT,BETA-LACTAM,BETA-LACTAM,AIG13035.1,KJ742831.1,12791845,,
pbp5_A499T,pbp5,penicillin-binding protein 5,core,AMR,POINT,BETA-LACTAM,BETA-LACTAM,AIG13035.1,KJ742831.1,"8759860,12791845",,
pbp5_V586L,pbp5,penicillin-binding protein 5,core,AMR,POINT,BETA-LACTAM,BETA-LACTAM,AIG13035.1,KJ742831.1,"8834879,38219758",,
pbp5_L610I,pbp5,penicillin-binding protein 5,core,AMR,POINT,BETA-LACTAM,BETA-LACTAM,AIG13035.1,KJ742831.1,23233485,,
pbp5_E629V,pbp5,penicillin-binding protein 5,core,AMR,POINT,BETA-LACTAM,BETA-LACTAM,AIG13035.1,KJ742831.1,38219758,,
rplC_K95T,rplC,50S ribosomal protein L3,core,AMR,POINT,OXAZOLIDINONE,LINEZOLID,URT58397.1,CP058891.1,"28483950,2987821",,
rplD_G71GG,rplD,50S ribosomal protein L4,core,AMR,POINT,OXAZOLIDINONE,LINEZOLID,URT58398.1,CP058891.1,27893790,,
rplD_N130K,rplD,50S ribosomal protein L4,core,AMR,POINT,OXAZOLIDINONE,LINEZOLID,URT58398.1,CP058891.1,"33238406,350181",,
rplV_S77T,rplV,50S ribosomal protein L22,core,AMR,POINT,OXAZOLIDINONE,LINEZOLID,URT58402.1,CP058891.1,35018102,,
rpoB_G482D,rpoB,DNA-directed RNA polymerase subunit beta RpoB,core,AMR,POINT,LIPOPEPTIDE/RIFAMYCIN,DAPTOMYCIN/RIFAXIMIN,UEC09877.1,CP085906.1,,,
rpoB_H486Y,rpoB,DNA-directed RNA polymerase subunit beta RpoB,core,AMR,POINT,LIPOPEPTIDE/RIFAMYCIN,DAPTOMYCIN/RIFAXIMIN,UEC09877.1,CP085906.1,,,
rpoC_T641K,rpoC,DNA-directed RNA polymerase subunit beta RpoC,core,AMR,POINT,LIPOPEPTIDE,DAPTOMYCIN,UEC09876.1,CP085906.1,34745054,,
rpsJ_IRATH52del,rpsJ,30S ribosomal protein S10,core,AMR,POINT,LIPOPEPTIDE,DAPTOMYCIN,AFC62180.1,CP003351.2,26364847,,
rpsJ_RATHK53Q,rpsJ,30S ribosomal protein S10,core,AMR,POINT,TETRACYCLINE,TIGECYCLINE,AFC62180.1,CP003351.2,26124155,,
rpsJ_AT54EA,rpsJ,30S ribosomal protein S10,core,AMR,POINT,TETRACYCLINE,TIGECYCLINE,AFC62180.1,CP003351.2,26124155,,
rpsJ_ATH54ETR,rpsJ,30S ribosomal protein S10,core,AMR,POINT,LIPOPEPTIDE,DAPTOMYCIN,AFC62180.1,CP003351.2,26364847,,
rpsJ_HK56RN,rpsJ,30S ribosomal protein S10,core,AMR,POINT,TETRACYCLINE,TIGECYCLINE,AFC62180.1,CP003351.2,26124155,,
rpsJ_K57E,rpsJ,30S ribosomal protein S10,core,AMR,POINT,TETRACYCLINE,TIGECYCLINE,AFC62180.1,CP003351.2,"25348531,26124155,33122095",,
rpsJ_K57R,rpsJ,30S ribosomal protein S10,core,AMR,POINT,TETRACYCLINE,TIGECYCLINE,AFC62180.1,CP003351.2,"26124155,331221",,
rpsJ_KY57RD,rpsJ,30S ribosomal protein S10,core,AMR,POINT,TETRACYCLINE,TIGECYCLINE,AFC62180.1,CP003351.2,26124155,,
rpsJ_Y58D,rpsJ,30S ribosomal protein S10,core,AMR,POINT,TETRACYCLINE,TIGECYCLINE,AFC62180.1,CP003351.2,"26124155,4033484",,
rpsJ_Y58S,rpsJ,30S ribosomal protein S10,core,AMR,POINT,TETRACYCLINE,TIGECYCLINE,AFC62180.1,CP003351.2,26124155,,
rpsJ_D60Y,rpsJ,30S ribosomal protein S10,core,AMR,POINT,TETRACYCLINE,TIGECYCLINE,AFC62180.1,CP003351.2,"25348531,26124155,33122095",,
16S_A523C,16S,16S ribosomal RNA,core,AMR,POINT,AMINOGLYCOSIDE,STREPTOMYCIN,,U00096.3,3054810,,
16S_G527T,16S,16S ribosomal RNA,core,AMR,POINT,AMINOGLYCOSIDE,STREPTOMYCIN,,U00096.3,16269538,,
16S_C528T,16S,16S ribosomal RNA,core,AMR,POINT,AMINOGLYCOSIDE,STREPTOMYCIN,,U00096.3,16269538,,
16S_A794G,16S,16S ribosomal RNA,core,AMR,POINT,AMINOGLYCOSIDE,KASUGAMYCIN,,U00096.3,10512710,,
16S_A794T,16S,16S ribosomal RNA,core,AMR,POINT,AMINOGLYCOSIDE,KASUGAMYCIN,,U00096.3,10512710,,
16S_G926A,16S,16S ribosomal RNA,core,AMR,POINT,AMINOGLYCOSIDE,KASUGAMYCIN,,U00096.3,10512710,,
16S_G926C,16S,16S ribosomal RNA,core,AMR,POINT,AMINOGLYCOSIDE,KASUGAMYCIN,,U00096.3,10512710,,
16S_G926T,16S,16S ribosomal RNA,core,AMR,POINT,AMINOGLYCOSIDE,KASUGAMYCIN,,U00096.3,10512710,,
16S_A964G,16S,16S ribosomal RNA,core,AMR,POINT,TETRACYCLINE,TETRACYCLINE,,U00096.3,16269538,,
16S_G1053A,16S,16S ribosomal RNA,core,AMR,POINT,TETRACYCLINE,TETRACYCLINE,,U00096.3,16269538,,
16S_C1054T,16S,16S ribosomal RNA,core,AMR,POINT,TETRACYCLINE,TETRACYCLINE,,U00096.3,16269538,,
16S_A1055G,16S,16S ribosomal RNA,core,AMR,POINT,TETRACYCLINE,TETRACYCLINE,,U00096.3,16269538,,
16S_G1058C,16S,16S ribosomal RNA,core,AMR,POINT,TETRACYCLINE,TETRACYCLINE,,U00096.3,9661007,,
16S_G1064A,16S,16S ribosomal RNA,core,AMR,POINT,AMINOGLYCOSIDE,SPECTINOMYCIN,,U00096.3,8127669,,
16S_G1064C,16S,16S ribosomal RNA,core,AMR,POINT,AMINOGLYCOSIDE,SPECTINOMYCIN,,U00096.3,8127669,,
16S_G1064T,16S,16S ribosomal RNA,core,AMR,POINT,AMINOGLYCOSIDE,SPECTINOMYCIN,,U00096.3,8127669,,
16S_C1066T,16S,16S ribosomal RNA,core,AMR,POINT,AMINOGLYCOSIDE,SPECTINOMYCIN,,U00096.3,8127669,,
16S_G1068A,16S,16S ribosomal RNA,core,AMR,POINT,AMINOGLYCOSIDE,SPECTINOMYCIN,,U00096.3,16269538,,
16S_C1192A,16S,16S ribosomal RNA,core,AMR,POINT,AMINOGLYCOSIDE,SPECTINOMYCIN,,U00096.3,,,
16S_C1192G,16S,16S ribosomal RNA,core,AMR,POINT,AMINOGLYCOSIDE,SPECTINOMYCIN,,U00096.3,,,
16S_C1192T,16S,16S ribosomal RNA,core,AMR,POINT,AMINOGLYCOSIDE,SPECTINOMYCIN,,U00096.3,6330677,,
16S_T1406A,16S,16S ribosomal RNA,core,AMR,POINT,AMINOGLYCOSIDE,G418/TOBRAMYCIN,,U00096.3,,,
16S_A1408G,16S,16S ribosomal RNA,core,AMR,POINT,AMINOGLYCOSIDE,GENTAMICIN C/NEOMYCIN/PAROMOMYCIN,,U00096.3,11502507,,
16S_A1499G,16S,16S ribosomal RNA,core,AMR,POINT,EDEINE,EDEINE,,U00096.3,16269538,,
16S_A1519C,16S,16S ribosomal RNA,core,AMR,POINT,AMINOGLYCOSIDE,KASUGAMYCIN,,U00096.3,10512710,,
16S_A1519G,16S,16S ribosomal RNA,core,AMR,POINT,AMINOGLYCOSIDE,KASUGAMYCIN,,U00096.3,10512710,,
16S_A1519T,16S,16S ribosomal RNA,core,AMR,POINT,AMINOGLYCOSIDE,KASUGAMYCIN,,U00096.3,10512710,,
23S_T754A,23S,23S ribosomal RNA,core,AMR,POINT,MACROLIDE,ERYTHROMYCIN/TELITHROMYCIN,,AE014075.1,10027979,,
23S_G2032A,23S,23S ribosomal RNA,core,AMR,POINT,LINCOSAMIDE/OXAZOLIDINONE,CLINDAMYCIN/LINEZOLID,,AE014075.1,,,
23S_G2032C,23S,23S ribosomal RNA,core,AMR,POINT,OXAZOLIDINONE,LINEZOLID,,AE014075.1,10986233,,
23S_G2032T,23S,23S ribosomal RNA,core,AMR,POINT,MACROLIDE/OXAZOLIDINONE,CLARITHROMYCIN/LINEZOLID,,AE014075.1,,,
23S_G2057A,23S,23S ribosomal RNA,core,AMR,POINT,MULTIDRUG,CHLORAMPHENICOL/ERYTHROMYCIN/TELITHROMYCIN,,AE014075.1,3886627,,
23S_A2058G,23S,23S ribosomal RNA,core,AMR,POINT,MACROLIDE,AZITHROMYCIN/ERYTHROMYCIN/TELITHROMYCIN,,AE014075.1,,,
23S_A2058T,23S,23S ribosomal RNA,core,AMR,POINT,MACROLIDE,AZITHROMYCIN/ERYTHROMYCIN/TELITHROMYCIN,,AE014075.1,,,
23S_G2447T,23S,23S ribosomal RNA,core,AMR,POINT,OXAZOLIDINONE,LINEZOLID,,AE014075.1,10986233,,
23S_T2609C,23S,23S ribosomal RNA,core,AMR,POINT,MACROLIDE,TELITHROMYCIN,,AE014075.1,,,
23S_C2611T,23S,23S ribosomal RNA,core,AMR,POINT,MACROLIDE,ERYTHROMYCIN/TELITHROMYCIN,,AE014075.1,1569089,,
acrB_R620C,acrB,multidrug efflux RND transporter permease subunit AcrB,core,AMR,POINT,TETRACYCLINE,TIGECYCLINE,OTD55746.1,NENT01000005.1,30519062,,
acrB_R717L,acrB,multidrug efflux RND transporter permease subunit AcrB,core,AMR,POINT,MACROLIDE,AZITHROMYCIN/CLARITHROMYCIN/ERYTHROMYCIN,OTD55746.1,NENT01000005.1,35311521,,
acrB_R717Q,acrB,multidrug efflux RND transporter permease subunit AcrB,core,AMR,POINT,MACROLIDE,AZITHROMYCIN/CLARITHROMYCIN/ERYTHROMYCIN,OTD55746.1,NENT01000005.1,35311521,,
acrR_T5N,acrR,transcriptional regulator AcrR,core,AMR,POINT,MULTIDRUG,AMPICILLIN/CHLORAMPHENICOL/FLUOROQUINOLONE/RIFAMPIN/TETRACYCLINE,AAC73566.1,U00096.3,11302820,,
acrR_G28R,acrR,transcriptional regulator AcrR,core,AMR,POINT,MULTIDRUG,AMPICILLIN/CHLORAMPHENICOL/FLUOROQUINOLONE/RIFAMPIN/TETRACYCLINE,AAC73566.1,U00096.3,11302820,,
acrR_R45C,acrR,transcriptional regulator AcrR,core,AMR,POINT,MULTIDRUG,AMPICILLIN/CHLORAMPHENICOL/FLUOROQUINOLONE/RIFAMPIN/TETRACYCLINE,AAC73566.1,U00096.3,31839709,,
ampC_C-42A,ampC,ampC/blaEC promoter region,core,AMR,POINT,BETA-LACTAM,CEPHALOSPORIN,,CP041538.1,"7010184,21653764",,
ampC_C-42G,ampC,ampC/blaEC promoter region,core,AMR,POINT,BETA-LACTAM,CEPHALOSPORIN,,CP041538.1,"7010184,21653764",,
ampC_C-42T,ampC,ampC/blaEC promoter region,core,AMR,POINT,BETA-LACTAM,CEPHALOSPORIN,,CP041538.1,"7010184,21653764",,
ampC_T-32A,ampC,ampC/blaEC promoter region,core,AMR,POINT,BETA-LACTAM,CEPHALOSPORIN,,CP041538.1,"7010184,21653764",,
ampC_T-32C,ampC,ampC/blaEC promoter region,core,AMR,POINT,BETA-LACTAM,CEPHALOSPORIN,,CP041538.1,"7010184,21653764",,
ampC_T-32G,ampC,ampC/blaEC promoter region,core,AMR,POINT,BETA-LACTAM,CEPHALOSPORIN,,CP041538.1,"7010184,21653764",,
ampC_G-15GG,ampC,ampC/blaEC promoter region,core,AMR,POINT,BETA-LACTAM,CEPHALOSPORIN,,CP041538.1,,,
ampC_T-14TGT,ampC,ampC/blaEC promoter region,core,AMR,POINT,BETA-LACTAM,CEPHALOSPORIN,,CP041538.1,,,
ampC_C-11T,ampC,ampC/blaEC promoter region,core,AMR,POINT,BETA-LACTAM,CEPHALOSPORIN,,CP041538.1,12234856,,
baeR_G23E,baeR,envelope stress response regulator BaeR,core,AMR,POINT,BETA-LACTAM,AZTREONAM-AVIBACTAM,QPA15864.1,CP032679.1,34568905,,
baeS_Y42H,baeS,two-component system sensor histidine kinase BaeS,core,AMR,POINT,BETA-LACTAM,AZTREONAM-AVIBACTAM,WIA76134.1,CP122319.1,34568905,,
baeS_R153P,baeS,two-component system sensor histidine kinase BaeS,core,AMR,POINT,BETA-LACTAM,TEMOCILLIN,WIA76134.1,CP122319.1,38501355,,
baeS_F159L,baeS,two-component system sensor histidine kinase BaeS,core,AMR,POINT,BETA-LACTAM,AZTREONAM-AVIBACTAM,WIA76134.1,CP122319.1,34568905,,
baeS_Q163E,baeS,two-component system sensor histidine kinase BaeS,core,AMR,POINT,BETA-LACTAM,TEMOCILLIN,WIA76134.1,CP122319.1,38305703,,
baeS_Q163H,baeS,two-component system sensor histidine kinase BaeS,core,AMR,POINT,BETA-LACTAM,AZTREONAM-AVIBACTAM,WIA76134.1,CP122319.1,34568905,,
baeS_Q163L,baeS,two-component system sensor histidine kinase BaeS,core,AMR,POINT,BETA-LACTAM,CEFTIBUTEN/CEFTIBUTEN-AVIBACTAM,WIA76134.1,CP122319.1,39665271,,
baeS_T175P,baeS,two-component system sensor histidine kinase BaeS,core,AMR,POINT,BETA-LACTAM,TEMOCILLIN,WIA76134.1,CP122319.1,38501355,,
basR_G15R,basR,two-component system response regulator BasR,core,AMR,POINT,COLISTIN,COLISTIN,OZX69954.1,NQIR01000016.1,30863849,,
basR_S39I,basR,two-component system response regulator BasR,core,AMR,POINT,COLISTIN,COLISTIN,OZX69954.1,NQIR01000016.1,30863849,,
basR_G53A,basR,two-component system response regulator BasR,core,AMR,POINT,COLISTIN,COLISTIN,OZX69954.1,NQIR01000016.1,30863849,,
basR_G53C,basR,two-component system response regulator BasR,core,AMR,POINT,COLISTIN,COLISTIN,OZX69954.1,NQIR01000016.1,30863849,,
basR_G53E,basR,two-component system response regulator BasR,core,AMR,POINT,COLISTIN,COLISTIN,OZX69954.1,NQIR01000016.1,30863849,,
basR_G53R,basR,two-component system response regulator BasR,core,AMR,POINT,COLISTIN,COLISTIN,OZX69954.1,NQIR01000016.1,30863849,,
basR_G53S,basR,two-component system response regulator BasR,core,AMR,POINT,COLISTIN,COLISTIN,OZX69954.1,NQIR01000016.1,30863849,,
basR_G53V,basR,two-component system response regulator BasR,core,AMR,POINT,COLISTIN,COLISTIN,OZX69954.1,NQIR01000016.1,30863849,,
basR_G53W,basR,two-component system response regulator BasR,core,AMR,POINT,COLISTIN,COLISTIN,OZX69954.1,NQIR01000016.1,30863849,,
basR_A80V,basR,two-component system response regulator BasR,core,AMR,POINT,COLISTIN,COLISTIN,OZX69954.1,NQIR01000016.1,32764996,,
basR_R81L,basR,two-component system response regulator BasR,core,AMR,POINT,COLISTIN,COLISTIN,OZX69954.1,NQIR01000016.1,30863849,,
basR_R81S,basR,two-component system response regulator BasR,core,AMR,POINT,COLISTIN,COLISTIN,OZX69954.1,NQIR01000016.1,30863849,,
basR_L105P,basR,two-component system response regulator BasR,core,AMR,POINT,COLISTIN,COLISTIN,OZX69954.1,NQIR01000016.1,29914952,,
blaTEMp_C32T,blaTEM,blaTEM promoter region,core,AMR,POINT,BETA-LACTAM,AMOXICILLIN-CLAVULANIC ACID/PIPERACILLIN-TAZOBACTAM/TICARCILLIN-CLAVULANIC ACID,,CP095603.1,"12435720,3104084",,
blaTEMp_C141G,blaTEM,blaTEM promoter region,core,AMR,POINT,BETA-LACTAM,AMOXICILLIN-CLAVULANIC ACID/PIPERACILLIN-TAZOBACTAM/TICARCILLIN-CLAVULANIC ACID,,CP095603.1,12435720,,
blaTEMp_G162T,blaTEM,blaTEM promoter region,core,AMR,POINT,BETA-LACTAM,AMOXICILLIN-CLAVULANIC ACID/PIPERACILLIN-TAZOBACTAM/TICARCILLIN-CLAVULANIC ACID,,CP095603.1,12435720,,
cirA_Q42Ter,cirA,catecholate siderophore receptor CirA,core,AMR,POINT,BETA-LACTAM,CEFIDEROCOL,MDA7121563.1,JAQJWZ010000062.1,38289725,,
cirA_R86S,cirA,catecholate siderophore receptor CirA,core,AMR,POINT,BETA-LACTAM,CEFIDEROCOL,MDA7121563.1,JAQJWZ010000062.1,36864015,,
cirA_S90YfsTer15,cirA,catecholate siderophore receptor CirA,core,AMR,POINT,BETA-LACTAM,CEFIDEROCOL,MDA7121563.1,JAQJWZ010000062.1,40780590,,
cirA_E388Ter,cirA,catecholate siderophore receptor CirA,core,AMR,POINT,BETA-LACTAM,CEFIDEROCOL,MDA7121563.1,JAQJWZ010000062.1,35481835,,
cyaA_S352T,cyaA,adenylate cyclase CyaA,core,AMR,POINT,FOSMIDOMYCIN,FOSMIDOMYCIN,CDJ73082.1,HG738867.1,,,
emrR_L64R,emrR,multidrug efflux transporter EmrAB transcriptional repressor EmrR,core,AMR,POINT,QUINOLONE,NITROXOLINE,ERB14300.1,AWBL01000027.1,31633764,,
emrR_L113P,emrR,multidrug efflux transporter EmrAB transcriptional repressor EmrR,core,AMR,POINT,QUINOLONE,NITROXOLINE,ERB14300.1,AWBL01000027.1,31633764,,
fabG_Y151V,fabG,beta-ketoacyl-ACP reductase FabG,core,AMR,POINT,TRICLOSAN,TRICLOSAN,EMW23334.1,AQDR01000067.1,,,
fabI_G93A,fabI,enoyl-[acyl-carrier-protein] reductase FabI,core,AMR,POINT,ISONIAZID/TRICLOSAN,ISONIAZID/TRICLOSAN,AAC74370.1,U00096.3,27577999,,
fabI_G93S,fabI,enoyl-[acyl-carrier-protein] reductase FabI,core,AMR,POINT,ISONIAZID/TRICLOSAN,ISONIAZID/TRICLOSAN,AAC74370.1,U00096.3,27577999,,
fabI_G93V,fabI,enoyl-[acyl-carrier-protein] reductase FabI,core,AMR,POINT,ISONIAZID/TRICLOSAN,ISONIAZID/TRICLOSAN,AAC74370.1,U00096.3,27577999,,
fabI_M159T,fabI,enoyl-[acyl-carrier-protein] reductase FabI,core,AMR,POINT,TRICLOSAN,TRICLOSAN,AAC74370.1,U00096.3,"12693936,3394545",,
fabI_F203A,fabI,enoyl-[acyl-carrier-protein] reductase FabI,core,AMR,POINT,ISONIAZID/TRICLOSAN,ISONIAZID/TRICLOSAN,AAC74370.1,U00096.3,27577999,,
fabI_F203C,fabI,enoyl-[acyl-carrier-protein] reductase FabI,core,AMR,POINT,ISONIAZID/TRICLOSAN,ISONIAZID/TRICLOSAN,AAC74370.1,U00096.3,27577999,,
fabI_F203L,fabI,enoyl-[acyl-carrier-protein] reductase FabI,core,AMR,POINT,ISONIAZID/TRICLOSAN,ISONIAZID/TRICLOSAN,AAC74370.1,U00096.3,27577999,,
fabI_F203V,fabI,enoyl-[acyl-carrier-protein] reductase FabI,core,AMR,POINT,TRICLOSAN,TRICLOSAN,AAC74370.1,U00096.3,33945454,,
folP_F28I,folP,dihydropteroate synthase FolP,core,AMR,POINT,SULFONAMIDE,SULFONAMIDE,GDV24718.1,BGJU01000040.1,,,
folP_F28L,folP,dihydropteroate synthase FolP,core,AMR,POINT,SULFONAMIDE,SULFONAMIDE,GDV24718.1,BGJU01000040.1,,,
folP_P64A,folP,dihydropteroate synthase FolP,core,AMR,POINT,SULFONAMIDE,SULFONAMIDE,GDV24718.1,BGJU01000040.1,,,
folP_P64H,folP,dihydropteroate synthase FolP,core,AMR,POINT,SULFONAMIDE,SULFONAMIDE,GDV24718.1,BGJU01000040.1,,,
folP_P64L,folP,dihydropteroate synthase FolP,core,AMR,POINT,SULFONAMIDE,SULFONAMIDE,GDV24718.1,BGJU01000040.1,,,
folP_P64R,folP,dihydropteroate synthase FolP,core,AMR,POINT,SULFONAMIDE,SULFONAMIDE,GDV24718.1,BGJU01000040.1,,,
folP_P64S,folP,dihydropteroate synthase FolP,core,AMR,POINT,SULFONAMIDE,SULFONAMIDE,GDV24718.1,BGJU01000040.1,,,
ftsI_R335RVPYR,ftsI,penicillin-binding protein PBP3 FtsI,core,AMR,POINT,BETA-LACTAM,CEPHALOSPORIN,AAA24300.1,K00137.1,38305674,,
ftsI_I336IKYRI,ftsI,penicillin-binding protein PBP3 FtsI,core,AMR,POINT,BETA-LACTAM,AZTREONAM/CEFIDEROCOL/CEPHALOSPORIN,AAA24300.1,K00137.1,"25634992,29061754,32988825,38661186",,
ftsI_I336IPYRI,ftsI,penicillin-binding protein PBP3 FtsI,core,AMR,POINT,BETA-LACTAM,AZTREONAM,AAA24300.1,K00137.1,32988825,,
ftsI_N337NYRIN,ftsI,penicillin-binding protein PBP3 FtsI,core,AMR,POINT,BETA-LACTAM,AZTREONAM/CEFIDEROCOL/CEPHALOSPORIN,AAA24300.1,K00137.1,"25634992,32988825,37610183,38661186",,
ftsI_L350F,ftsI,penicillin-binding protein PBP3 FtsI,core,AMR,POINT,BETA-LACTAM,CEFTIBUTEN/CEFTIBUTEN-AVIBACTAM,AAA24300.1,K00137.1,39665271,,
ftsI_G363S,ftsI,penicillin-binding protein PBP3 FtsI,core,AMR,POINT,BETA-LACTAM,CEFTIBUTEN/CEFTIBUTEN-AVIBACTAM,AAA24300.1,K00137.1,39665271,,
ftsI_G363V,ftsI,penicillin-binding protein PBP3 FtsI,core,AMR,POINT,BETA-LACTAM,CEFTIBUTEN/CEFTIBUTEN-AVIBACTAM,AAA24300.1,K00137.1,39665271,,
ftsI_S365Y,ftsI,penicillin-binding protein PBP3 FtsI,core,AMR,POINT,BETA-LACTAM,CEFTIBUTEN/CEFTIBUTEN-AVIBACTAM,AAA24300.1,K00137.1,39665271,,
ftsI_A498T,ftsI,penicillin-binding protein PBP3 FtsI,core,AMR,POINT,BETA-LACTAM,CEPHALOSPORIN,AAA24300.1,K00137.1,34568905,,
gyrA_A51V,gyrA,DNA gyrase subunit A GyrA,core,AMR,POINT,QUINOLONE,QUINOLONE,AXO84158.1,CP031609.1,11451702,,
gyrA_N57K,gyrA,DNA gyrase subunit A GyrA,core,AMR,POINT,QUINOLONE,QUINOLONE,AXO84158.1,CP031609.1,,,
gyrA_A67S,gyrA,DNA gyrase subunit A GyrA,core,AMR,POINT,QUINOLONE,QUINOLONE,AXO84158.1,CP031609.1,2168148,,
gyrA_H80P,gyrA,DNA gyrase subunit A GyrA,core,AMR,POINT,QUINOLONE,QUINOLONE,AXO84158.1,CP031609.1,,,
gyrA_G81C,gyrA,DNA gyrase subunit A GyrA,core,AMR,POINT,QUINOLONE,QUINOLONE,AXO84158.1,CP031609.1,2168148,,
gyrA_G81D,gyrA,DNA gyrase subunit A GyrA,core,AMR,POINT,QUINOLONE,QUINOLONE,AXO84158.1,CP031609.1,8392306,,
gyrA_D82G,gyrA,DNA gyrase subunit A GyrA,core,AMR,POINT,QUINOLONE,QUINOLONE,AXO84158.1,CP031609.1,8980760,,
gyrA_S83A,gyrA,DNA gyrase subunit A GyrA,core,AMR,POINT,QUINOLONE,QUINOLONE,AXO84158.1,CP031609.1,"10590273,11699598,12654733",,
gyrA_S83F,gyrA,DNA gyrase subunit A GyrA,core,AMR,POINT,QUINOLONE/TRICLOSAN,QUINOLONE/TRICLOSAN,AXO84158.1,CP031609.1,,,
gyrA_S83I,gyrA,DNA gyrase subunit A GyrA,core,AMR,POINT,QUINOLONE,QUINOLONE,AXO84158.1,CP031609.1,,,
gyrA_S83L,gyrA,DNA gyrase subunit A GyrA,core,AMR,POINT,QUINOLONE,QUINOLONE,AXO84158.1,CP031609.1,"8849244,8891148,11699598,14506034",,
gyrA_S83V,gyrA,DNA gyrase subunit A GyrA,core,AMR,POINT,QUINOLONE,QUINOLONE,AXO84158.1,CP031609.1,"10590273,1265473",,
gyrA_S83W,gyrA,DNA gyrase subunit A GyrA,core,AMR,POINT,QUINOLONE,QUINOLONE,AXO84158.1,CP031609.1,"2168148,2548439,8849244",,
gyrA_A84P,gyrA,DNA gyrase subunit A GyrA,core,AMR,POINT,QUINOLONE,QUINOLONE,AXO84158.1,CP031609.1,2168148,,
gyrA_A84V,gyrA,DNA gyrase subunit A GyrA,core,AMR,POINT,QUINOLONE,QUINOLONE,AXO84158.1,CP031609.1,7840592,,
gyrA_D87G,gyrA,DNA gyrase subunit A GyrA,core,AMR,POINT,QUINOLONE/TRICLOSAN,QUINOLONE/TRICLOSAN,AXO84158.1,CP031609.1,"8849244,8891148,9756773,9988045,14506034,29091182",,
gyrA_D87H,gyrA,DNA gyrase subunit A GyrA,core,AMR,POINT,QUINOLONE/TRICLOSAN,QUINOLONE/TRICLOSAN,AXO84158.1,CP031609.1,"8891148,11310803,12654733,14506034,29091182",,
gyrA_D87N,gyrA,DNA gyrase subunit A GyrA,core,AMR,POINT,QUINOLONE,QUINOLONE,AXO84158.1,CP031609.1,"7840592,8891148,11699598,14506034",,
gyrA_D87V,gyrA,DNA gyrase subunit A GyrA,core,AMR,POINT,QUINOLONE,QUINOLONE,AXO84158.1,CP031609.1,1850972,,
gyrA_D87Y,gyrA,DNA gyrase subunit A GyrA,core,AMR,POINT,QUINOLONE,QUINOLONE,AXO84158.1,CP031609.1,"7840592,8849244,8891148,11310803,14506034",,
gyrA_Q106H,gyrA,DNA gyrase subunit A GyrA,core,AMR,POINT,QUINOLONE,QUINOLONE,AXO84158.1,CP031609.1,2168148,,
gyrA_Q106R,gyrA,DNA gyrase subunit A GyrA,core,AMR,POINT,QUINOLONE,QUINOLONE,AXO84158.1,CP031609.1,1850970,,
gyrA_A196E,gyrA,DNA gyrase subunit A GyrA,core,AMR,POINT,QUINOLONE,QUINOLONE,AXO84158.1,CP031609.1,14506034,,
gyrB_R136C,gyrB,DNA topoisomerase (ATP-hydrolyzing) subunit B GyrB,core,AMR,POINT,AMINOCOUMARIN,AMINOCOUMARIN,BAE77595.1,AP009048.1,,,
gyrB_R136E,gyrB,DNA topoisomerase (ATP-hydrolyzing) subunit B GyrB,core,AMR,POINT,AMINOCOUMARIN,AMINOCOUMARIN,BAE77595.1,AP009048.1,,,
gyrB_R136G,gyrB,DNA topoisomerase (ATP-hydrolyzing) subunit B GyrB,core,AMR,POINT,AMINOCOUMARIN,AMINOCOUMARIN,BAE77595.1,AP009048.1,,,
gyrB_R136H,gyrB,DNA topoisomerase (ATP-hydrolyzing) subunit B GyrB,core,AMR,POINT,AMINOCOUMARIN,AMINOCOUMARIN,BAE77595.1,AP009048.1,,,
gyrB_R136I,gyrB,DNA topoisomerase (ATP-hydrolyzing) subunit B GyrB,core,AMR,POINT,AMINOCOUMARIN,AMINOCOUMARIN,BAE77595.1,AP009048.1,,,
gyrB_R136L,gyrB,DNA topoisomerase (ATP-hydrolyzing) subunit B GyrB,core,AMR,POINT,AMINOCOUMARIN,AMINOCOUMARIN,BAE77595.1,AP009048.1,,,
gyrB_R136S,gyrB,DNA topoisomerase (ATP-hydrolyzing) subunit B GyrB,core,AMR,POINT,AMINOCOUMARIN,AMINOCOUMARIN,BAE77595.1,AP009048.1,,,
gyrB_D426N,gyrB,DNA topoisomerase (ATP-hydrolyzing) subunit B GyrB,core,AMR,POINT,QUINOLONE,QUINOLONE,BAE77595.1,AP009048.1,1656869,,
gyrB_K447E,gyrB,DNA topoisomerase (ATP-hydrolyzing) subunit B GyrB,core,AMR,POINT,QUINOLONE,NALIDIXIC ACID,BAE77595.1,AP009048.1,"1656869,7840592",,
lon_P403L,lon,Lon protease,core,AMR,POINT,TETRACYCLINE,TIGECYCLINE,EQY31068.1,AWCM01000009.1,30519062,,
marR_S3N,marR,transcriptional regulator MarR,core,AMR,POINT,MULTIDRUG,AMPICILLIN/CHLORAMPHENICOL/QUINOLONE/RIFAMPIN/TETRACYCLINE,AAC74603.2,U00096.3,,,
marR_E31Ter,marR,transcriptional regulator MarR,core,AMR,POINT,MULTIDRUG,AMPICILLIN/CHLORAMPHENICOL/QUINOLONE/RIFAMPIN/TETRACYCLINE,AAC74603.2,U00096.3,,,
marR_V45E,marR,transcriptional regulator MarR,core,AMR,POINT,MULTIDRUG,AMPICILLIN/CHLORAMPHENICOL/QUINOLONE/RIFAMPIN/TETRACYCLINE,AAC74603.2,U00096.3,,,
marR_I49S,marR,transcriptional regulator MarR,core,AMR,POINT,MULTIDRUG,AMPICILLIN/CHLORAMPHENICOL/QUINOLONE/RIFAMPIN/TETRACYCLINE,AAC74603.2,U00096.3,,,
marR_A70T,marR,transcriptional regulator MarR,core,AMR,POINT,MULTIDRUG,AMPICILLIN/CHLORAMPHENICOL/QUINOLONE/RIFAMPIN/TETRACYCLINE,AAC74603.2,U00096.3,,,
marR_R73C,marR,transcriptional regulator MarR,core,AMR,POINT,MULTIDRUG,AMPICILLIN/CHLORAMPHENICOL/QUINOLONE/RIFAMPIN/TETRACYCLINE,AAC74603.2,U00096.3,,,
marR_R73S,marR,transcriptional regulator MarR,core,AMR,POINT,MULTIDRUG,AMPICILLIN/CHLORAMPHENICOL/QUINOLONE/RIFAMPIN/TETRACYCLINE,AAC74603.2,U00096.3,,,
marR_R77C,marR,transcriptional regulator MarR,core,AMR,POINT,MULTIDRUG,AMPICILLIN/CHLORAMPHENICOL/QUINOLONE/RIFAMPIN/TETRACYCLINE,AAC74603.2,U00096.3,,,
marR_R77L,marR,transcriptional regulator MarR,core,AMR,POINT,MULTIDRUG,AMPICILLIN/CHLORAMPHENICOL/QUINOLONE/RIFAMPIN/TETRACYCLINE,AAC74603.2,U00096.3,8383113,,
marR_L78M,marR,transcriptional regulator MarR,core,AMR,POINT,MULTIDRUG,AMPICILLIN/CHLORAMPHENICOL/QUINOLONE/RIFAMPIN/TETRACYCLINE,AAC74603.2,U00096.3,,,
marR_R94H,marR,transcriptional regulator MarR,core,AMR,POINT,MULTIDRUG,AMPICILLIN/CHLORAMPHENICOL/QUINOLONE/RIFAMPIN/TETRACYCLINE,AAC74603.2,U00096.3,,,
marR_R94S,marR,transcriptional regulator MarR,core,AMR,POINT,MULTIDRUG,AMPICILLIN/CHLORAMPHENICOL/QUINOLONE/RIFAMPIN/TETRACYCLINE,AAC74603.2,U00096.3,,,
marR_V96E,marR,transcriptional regulator MarR,core,AMR,POINT,MULTIDRUG,AMPICILLIN/CHLORAMPHENICOL/QUINOLONE/RIFAMPIN/TETRACYCLINE,AAC74603.2,U00096.3,,,
murA_C115D,murA,UDP-N-acetylglucosamine 1-carboxyvinyltransferase MurA,core,AMR,POINT,FOSFOMYCIN,FOSFOMYCIN,AIL15701.1,CP009072.1,,,
murA_C115E,murA,UDP-N-acetylglucosamine 1-carboxyvinyltransferase MurA,core,AMR,POINT,FOSFOMYCIN,FOSFOMYCIN,AIL15701.1,CP009072.1,,,
murA_C115S,murA,UDP-N-acetylglucosamine 1-carboxyvinyltransferase MurA,core,AMR,POINT,FOSFOMYCIN,FOSFOMYCIN,AIL15701.1,CP009072.1,,,
murA_L370I,murA,UDP-N-acetylglucosamine 1-carboxyvinyltransferase MurA,core,AMR,POINT,FOSFOMYCIN,FOSFOMYCIN,AIL15701.1,CP009072.1,,,
murA_D396N,murA,UDP-N-acetylglucosamine 1-carboxyvinyltransferase MurA,core,AMR,POINT,FOSFOMYCIN,FOSFOMYCIN,AIL15701.1,CP009072.1,,,
nfsA_H11Y,nfsA,nitroreductase NfsA,core,AMR,POINT,NITROFURAN,NITROFURANTOIN,OYN67948.1,NMWW01000421.1,34860151,,
nfsA_R15C,nfsA,nitroreductase NfsA,core,AMR,POINT,NITROFURAN,NITROFURANTOIN,OYN67948.1,NMWW01000421.1,18544599,,
nfsA_S33R,nfsA,nitroreductase NfsA,core,AMR,POINT,NITROFURAN,NITROFURANTOIN,OYN67948.1,NMWW01000421.1,18544599,,
nfsA_Q44Ter,nfsA,nitroreductase NfsA,core,AMR,POINT,NITROFURAN,NITROFURANTOIN,OYN67948.1,NMWW01000421.1,26552976,,
nfsA_Q67Ter,nfsA,nitroreductase NfsA,core,AMR,POINT,NITROFURAN,NITROFURANTOIN,OYN67948.1,NMWW01000421.1,34860151,,
nfsA_E75Ter,nfsA,nitroreductase NfsA,core,AMR,POINT,NITROFURAN,NITROFURANTOIN,OYN67948.1,NMWW01000421.1,34860151,,
nfsA_Q113Ter,nfsA,nitroreductase NfsA,core,AMR,POINT,NITROFURAN,NITROFURANTOIN,OYN67948.1,NMWW01000421.1,34860151,,
nfsA_G126R,nfsA,nitroreductase NfsA,core,AMR,POINT,NITROFURAN,NITROFURANTOIN,OYN67948.1,NMWW01000421.1,34860151,,
nfsA_G131D,nfsA,nitroreductase NfsA,core,AMR,POINT,NITROFURAN,NITROFURANTOIN,OYN67948.1,NMWW01000421.1,34860151,,
nfsA_R133S,nfsA,nitroreductase NfsA,core,AMR,POINT,NITROFURAN,NITROFURANTOIN,OYN67948.1,NMWW01000421.1,26552976,,
nfsA_K141Ter,nfsA,nitroreductase NfsA,core,AMR,POINT,NITROFURAN,NITROFURANTOIN,OYN67948.1,NMWW01000421.1,26552976,,
nfsA_G154E,nfsA,nitroreductase NfsA,core,AMR,POINT,NITROFURAN,NITROFURANTOIN,OYN67948.1,NMWW01000421.1,34860151,,
nfsA_W159Ter,nfsA,nitroreductase NfsA,core,AMR,POINT,NITROFURAN,NITROFURANTOIN,OYN67948.1,NMWW01000421.1,34860151,,
nfsA_R203C,nfsA,nitroreductase NfsA,core,AMR,POINT,NITROFURAN,NITROFURANTOIN,OYN67948.1,NMWW01000421.1,18544599,,
nfsA_R203L,nfsA,nitroreductase NfsA,core,AMR,POINT,NITROFURAN,NITROFURANTOIN,OYN67948.1,NMWW01000421.1,18544599,,
nfsA_E223Ter,nfsA,nitroreductase NfsA,core,AMR,POINT,NITROFURAN,NITROFURANTOIN,OYN67948.1,NMWW01000421.1,26552976,,
nfsB_F84S,nfsB,oxygen-insensitive NAD(P)H nitroreductase NfsB,core,AMR,POINT,NITROFURAN,NITROFURANTOIN,AAN79139.1,AE014075.1,34860151,,
nfsB_W94Ter,nfsB,oxygen-insensitive NAD(P)H nitroreductase NfsB,core,AMR,POINT,NITROFURAN,NITROFURANTOIN,AAN79139.1,AE014075.1,"31627025,3486015",,
nfsB_G192D,nfsB,oxygen-insensitive NAD(P)H nitroreductase NfsB,core,AMR,POINT,NITROFURAN,NITROFURANTOIN,AAN79139.1,AE014075.1,34860151,,
nfsB_G192S,nfsB,oxygen-insensitive NAD(P)H nitroreductase NfsB,core,AMR,POINT,NITROFURAN,NITROFURANTOIN,AAN79139.1,AE014075.1,34860151,,
nfsB_E197Ter,nfsB,oxygen-insensitive NAD(P)H nitroreductase NfsB,core,AMR,POINT,NITROFURAN,NITROFURANTOIN,AAN79139.1,AE014075.1,31627025,,
ompC_Q82Ter,ompC,outer membrane porin C OmpC,core,AMR,POINT,BETA-LACTAM,CARBAPENEM,AAC75275.1,U00096.3,36036505,,
ompC_Q171Ter,ompC,outer membrane porin C OmpC,core,AMR,POINT,BETA-LACTAM,CARBAPENEM,AAC75275.1,U00096.3,36036505,,
ompC_R195L,ompC,outer membrane porin C OmpC,core,AMR,POINT,BETA-LACTAM,CARBAPENEM,AAC75275.1,U00096.3,31955713,,
ompF_L15Ter,ompF,outer membrane protein F OmpF,core,AMR,POINT,BETA-LACTAM,CARBAPENEM,AAC74015.1,U00096.3,36036505,,
ompF_Q88Ter,ompF,outer membrane protein F OmpF,core,AMR,POINT,BETA-LACTAM,CARBAPENEM,AAC74015.1,U00096.3,36036505,,
ompF_G141D,ompF,outer membrane protein F OmpF,core,AMR,POINT,BETA-LACTAM,CEPHALOSPORIN,AAC74015.1,U00096.3,"10639355,2807242",,
ompF_G141E,ompF,outer membrane protein F OmpF,core,AMR,POINT,BETA-LACTAM,CEPHALOSPORIN,AAC74015.1,U00096.3,10639355,,
ompR_G63S,ompR,two-component system response regulator OmpR,core,AMR,POINT,BETA-LACTAM,BETA-LACTAM,AAA16241.1,J01656.1,34460299,,
ompR_G63V,ompR,two-component system response regulator OmpR,core,AMR,POINT,BETA-LACTAM,BETA-LACTAM,AAA16241.1,J01656.1,28264855,,
parC_A56T,parC,DNA topoisomerase IV subunit A ParC,core,AMR,POINT,QUINOLONE,QUINOLONE,AAC76055.1,U00096.3,12654733,,
parC_S57T,parC,DNA topoisomerase IV subunit A ParC,core,AMR,POINT,QUINOLONE,QUINOLONE,AAC76055.1,U00096.3,"12654733,1451064",,
parC_F60I,parC,DNA topoisomerase IV subunit A ParC,core,AMR,POINT,QUINOLONE,QUINOLONE,AAC76055.1,U00096.3,18500921,,
parC_F60L,parC,DNA topoisomerase IV subunit A ParC,core,AMR,POINT,QUINOLONE,QUINOLONE,AAC76055.1,U00096.3,18500921,,
parC_G78C,parC,DNA topoisomerase IV subunit A ParC,core,AMR,POINT,QUINOLONE,QUINOLONE,AAC76055.1,U00096.3,,,
parC_G78D,parC,DNA topoisomerase IV subunit A ParC,core,AMR,POINT,QUINOLONE,QUINOLONE,AAC76055.1,U00096.3,"8849244,8851598",,
parC_G78K,parC,DNA topoisomerase IV subunit A ParC,core,AMR,POINT,QUINOLONE,QUINOLONE,AAC76055.1,U00096.3,14510643,,
parC_S80F,parC,DNA topoisomerase IV subunit A ParC,core,AMR,POINT,QUINOLONE,QUINOLONE,AAC76055.1,U00096.3,,,
parC_S80I,parC,DNA topoisomerase IV subunit A ParC,core,AMR,POINT,QUINOLONE,QUINOLONE,AAC76055.1,U00096.3,"8849244,8891148,11699598,14506034,14706091",,
parC_S80L,parC,DNA topoisomerase IV subunit A ParC,core,AMR,POINT,QUINOLONE,QUINOLONE,AAC76055.1,U00096.3,8524852,,
parC_S80R,parC,DNA topoisomerase IV subunit A ParC,core,AMR,POINT,QUINOLONE,QUINOLONE,AAC76055.1,U00096.3,"8849244,8851598,8891148,12654733,14506034",,
parC_S80W,parC,DNA topoisomerase IV subunit A ParC,core,AMR,POINT,QUINOLONE,QUINOLONE,AAC76055.1,U00096.3,,,
parC_S80Y,parC,DNA topoisomerase IV subunit A ParC,core,AMR,POINT,QUINOLONE,QUINOLONE,AAC76055.1,U00096.3,,,
parC_E84A,parC,DNA topoisomerase IV subunit A ParC,core,AMR,POINT,QUINOLONE,QUINOLONE,AAC76055.1,U00096.3,"12654733,2063861",,
parC_E84G,parC,DNA topoisomerase IV subunit A ParC,core,AMR,POINT,QUINOLONE,QUINOLONE,AAC76055.1,U00096.3,"8849244,11310803,11699598,12654733,14506034,14706091",,
parC_E84K,parC,DNA topoisomerase IV subunit A ParC,core,AMR,POINT,QUINOLONE,QUINOLONE,AAC76055.1,U00096.3,"8849244,8851598,11310803,12654733,14706091",,
parC_E84R,parC,DNA topoisomerase IV subunit A ParC,core,AMR,POINT,QUINOLONE,QUINOLONE,AAC76055.1,U00096.3,,,
parC_E84V,parC,DNA topoisomerase IV subunit A ParC,core,AMR,POINT,QUINOLONE,QUINOLONE,AAC76055.1,U00096.3,"8834907,12654733,14706091",,
parC_A85T,parC,DNA topoisomerase IV subunit A ParC,core,AMR,POINT,QUINOLONE,QUINOLONE,AAC76055.1,U00096.3,27620866,,
parC_A108T,parC,DNA topoisomerase IV subunit A ParC,core,AMR,POINT,QUINOLONE,QUINOLONE,AAC76055.1,U00096.3,"12523629,1850092",,
parC_A108V,parC,DNA topoisomerase IV subunit A ParC,core,AMR,POINT,QUINOLONE,QUINOLONE,AAC76055.1,U00096.3,11302820,,
parC_D111H,parC,DNA topoisomerase IV subunit A ParC,core,AMR,POINT,QUINOLONE,QUINOLONE,AAC76055.1,U00096.3,27620866,,
parC_S129P,parC,DNA topoisomerase IV subunit A ParC,core,AMR,POINT,QUINOLONE,QUINOLONE,AAC76055.1,U00096.3,27620866,,
parE_I355T,parE,DNA topoisomerase IV subunit B ParE,core,AMR,POINT,QUINOLONE,QUINOLONE,RRN00056.1,RRWN01000005.1,,,
parE_L416F,parE,DNA topoisomerase IV subunit B ParE,core,AMR,POINT,QUINOLONE,QUINOLONE,RRN00056.1,RRWN01000005.1,14510643,,
parE_G423R,parE,DNA topoisomerase IV subunit B ParE,core,AMR,POINT,QUINOLONE,QUINOLONE,RRN00056.1,RRWN01000005.1,,,
parE_P439S,parE,DNA topoisomerase IV subunit B ParE,core,AMR,POINT,QUINOLONE,QUINOLONE,RRN00056.1,RRWN01000005.1,,,
parE_I444F,parE,DNA topoisomerase IV subunit B ParE,core,AMR,POINT,QUINOLONE,QUINOLONE,RRN00056.1,RRWN01000005.1,14506034,,
parE_L445H,parE,DNA topoisomerase IV subunit B ParE,core,AMR,POINT,QUINOLONE,QUINOLONE,RRN00056.1,RRWN01000005.1,8980775,,
parE_S458A,parE,DNA topoisomerase IV subunit B ParE,core,AMR,POINT,QUINOLONE,QUINOLONE,RRN00056.1,RRWN01000005.1,,,
parE_S458L,parE,DNA topoisomerase IV subunit B ParE,core,AMR,POINT,QUINOLONE,QUINOLONE,RRN00056.1,RRWN01000005.1,38193668,,
parE_S458T,parE,DNA topoisomerase IV subunit B ParE,core,AMR,POINT,QUINOLONE,QUINOLONE,RRN00056.1,RRWN01000005.1,14506034,,
parE_E460D,parE,DNA topoisomerase IV subunit B ParE,core,AMR,POINT,QUINOLONE,QUINOLONE,RRN00056.1,RRWN01000005.1,14510643,,
parE_E460K,parE,DNA topoisomerase IV subunit B ParE,core,AMR,POINT,QUINOLONE,QUINOLONE,RRN00056.1,RRWN01000005.1,,,
parE_I464F,parE,DNA topoisomerase IV subunit B ParE,core,AMR,POINT,QUINOLONE,QUINOLONE,RRN00056.1,RRWN01000005.1,14510643,,
parE_I470M,parE,DNA topoisomerase IV subunit B ParE,core,AMR,POINT,QUINOLONE,QUINOLONE,RRN00056.1,RRWN01000005.1,,,
parE_D475E,parE,DNA topoisomerase IV subunit B ParE,core,AMR,POINT,QUINOLONE,QUINOLONE,RRN00056.1,RRWN01000005.1,,,
parE_D476N,parE,DNA topoisomerase IV subunit B ParE,core,AMR,POINT,QUINOLONE,QUINOLONE,RRN00056.1,RRWN01000005.1,,,
parE_I529L,parE,DNA topoisomerase IV subunit B ParE,core,AMR,POINT,QUINOLONE,QUINOLONE,RRN00056.1,RRWN01000005.1,14506034,,
pmrB_RPISLR6del,pmrB,two-component system sensor histidine kinase PmrB,core,AMR,POINT,COLISTIN,COLISTIN,KHH69629.1,JUCJ01000016.1,32712659,,
pmrB_L10P,pmrB,two-component system sensor histidine kinase PmrB,core,AMR,POINT,COLISTIN,COLISTIN,KHH69629.1,JUCJ01000016.1,30863849,,
pmrB_L10R,pmrB,two-component system sensor histidine kinase PmrB,core,AMR,POINT,COLISTIN,COLISTIN,KHH69629.1,JUCJ01000016.1,30863849,,
pmrB_L14Q,pmrB,two-component system sensor histidine kinase PmrB,core,AMR,POINT,COLISTIN,COLISTIN,KHH69629.1,JUCJ01000016.1,32764996,,
pmrB_L14R,pmrB,two-component system sensor histidine kinase PmrB,core,AMR,POINT,COLISTIN,COLISTIN,KHH69629.1,JUCJ01000016.1,30863849,,
pmrB_C84R,pmrB,two-component system sensor histidine kinase PmrB,core,AMR,POINT,COLISTIN,COLISTIN,KHH69629.1,JUCJ01000016.1,30863849,,
pmrB_C84Y,pmrB,two-component system sensor histidine kinase PmrB,core,AMR,POINT,COLISTIN,COLISTIN,KHH69629.1,JUCJ01000016.1,30863849,,
pmrB_T92P,pmrB,two-component system sensor histidine kinase PmrB,core,AMR,POINT,COLISTIN,COLISTIN,KHH69629.1,JUCJ01000016.1,32764996,,
pmrB_P94A,pmrB,two-component system sensor histidine kinase PmrB,core,AMR,POINT,COLISTIN,COLISTIN,KHH69629.1,JUCJ01000016.1,30863849,,
pmrB_P94L,pmrB,two-component system sensor histidine kinase PmrB,core,AMR,POINT,COLISTIN,COLISTIN,KHH69629.1,JUCJ01000016.1,30863849,,
pmrB_P94Q,pmrB,two-component system sensor histidine kinase PmrB,core,AMR,POINT,COLISTIN,COLISTIN,KHH69629.1,JUCJ01000016.1,30863849,,
pmrB_P94S,pmrB,two-component system sensor histidine kinase PmrB,core,AMR,POINT,COLISTIN,COLISTIN,KHH69629.1,JUCJ01000016.1,30863849,,
pmrB_E121K,pmrB,two-component system sensor histidine kinase PmrB,core,AMR,POINT,COLISTIN,COLISTIN,KHH69629.1,JUCJ01000016.1,30863849,,
pmrB_E121Q,pmrB,two-component system sensor histidine kinase PmrB,core,AMR,POINT,COLISTIN,COLISTIN,KHH69629.1,JUCJ01000016.1,30863849,,
pmrB_T147A,pmrB,two-component system sensor histidine kinase PmrB,core,AMR,POINT,COLISTIN,COLISTIN,KHH69629.1,JUCJ01000016.1,30863849,,
pmrB_T156M,pmrB,two-component system sensor histidine kinase PmrB,core,AMR,POINT,COLISTIN,COLISTIN,KHH69629.1,JUCJ01000016.1,30863849,,
pmrB_A159P,pmrB,two-component system sensor histidine kinase PmrB,core,AMR,POINT,COLISTIN,COLISTIN,KHH69629.1,JUCJ01000016.1,30863849,,
pmrB_A159V,pmrB,two-component system sensor histidine kinase PmrB,core,AMR,POINT,COLISTIN,COLISTIN,KHH69629.1,JUCJ01000016.1,30863849,,
pmrB_V161G,pmrB,two-component system sensor histidine kinase PmrB,core,AMR,POINT,COLISTIN,COLISTIN,KHH69629.1,JUCJ01000016.1,25150146,,
pmrB_E166K,pmrB,two-component system sensor histidine kinase PmrB,core,AMR,POINT,COLISTIN,COLISTIN,KHH69629.1,JUCJ01000016.1,30863849,,
pmrB_G206D,pmrB,two-component system sensor histidine kinase PmrB,core,AMR,POINT,COLISTIN,COLISTIN,KHH69629.1,JUCJ01000016.1,29914952,,
ptsI_V25I,ptsI,phosphoenolpyruvate--protein phosphotransferase PtsI,core,AMR,POINT,FOSFOMYCIN,FOSFOMYCIN,CDJ72759.1,HG738867.1,,,
rpoB_V146F,rpoB,DNA-directed RNA polymerase subunit beta RpoB,core,AMR,POINT,RIFAMYCIN,RIFAMYCIN,CSN35596.1,CXAL01000043.1,3050121,,
rpoB_Q148L,rpoB,DNA-directed RNA polymerase subunit beta RpoB,core,AMR,POINT,RIFAMYCIN,RIFAMPIN,CSN35596.1,CXAL01000043.1,11102350,,
rpoB_L511Q,rpoB,DNA-directed RNA polymerase subunit beta RpoB,core,AMR,POINT,RIFAMYCIN,RIFAMPIN,CSN35596.1,CXAL01000043.1,11102350,,
rpoB_Q513L,rpoB,DNA-directed RNA polymerase subunit beta RpoB,core,AMR,POINT,RIFAMYCIN,RIFAMYCIN,CSN35596.1,CXAL01000043.1,3050121,,
rpoB_Q513P,rpoB,DNA-directed RNA polymerase subunit beta RpoB,core,AMR,POINT,RIFAMYCIN,RIFAMYCIN,CSN35596.1,CXAL01000043.1,3050121,,
rpoB_D516G,rpoB,DNA-directed RNA polymerase subunit beta RpoB,core,AMR,POINT,RIFAMYCIN,RIFAMPIN,CSN35596.1,CXAL01000043.1,11102350,,
rpoB_Q517QDQ,rpoB,DNA-directed RNA polymerase subunit beta RpoB,core,AMR,POINT,RIFAMYCIN,RIFAMPIN,CSN35596.1,CXAL01000043.1,3050121,,
rpoB_H526L,rpoB,DNA-directed RNA polymerase subunit beta RpoB,core,AMR,POINT,RIFAMYCIN,RIFAMPIN,CSN35596.1,CXAL01000043.1,11102350,,
rpoB_H526Y,rpoB,DNA-directed RNA polymerase subunit beta RpoB,core,AMR,POINT,RIFAMYCIN,RIFAMYCIN,CSN35596.1,CXAL01000043.1,3050121,,
rpoB_R529C,rpoB,DNA-directed RNA polymerase subunit beta RpoB,core,AMR,POINT,RIFAMYCIN,RIFAMYCIN,CSN35596.1,CXAL01000043.1,3050121,,
rpoB_R529S,rpoB,DNA-directed RNA polymerase subunit beta RpoB,core,AMR,POINT,RIFAMYCIN,RIFAMYCIN,CSN35596.1,CXAL01000043.1,3050121,,
rpoB_S531F,rpoB,DNA-directed RNA polymerase subunit beta RpoB,core,AMR,POINT,RIFAMYCIN,RIFAMYCIN,CSN35596.1,CXAL01000043.1,3050121,,
rpoB_L533P,rpoB,DNA-directed RNA polymerase subunit beta RpoB,core,AMR,POINT,RIFAMYCIN,RIFAMYCIN,CSN35596.1,CXAL01000043.1,3050121,,
rpoB_T563P,rpoB,DNA-directed RNA polymerase subunit beta RpoB,core,AMR,POINT,RIFAMYCIN,RIFAMYCIN,CSN35596.1,CXAL01000043.1,3050121,,
rpoB_P564L,rpoB,DNA-directed RNA polymerase subunit beta RpoB,core,AMR,POINT,RIFAMYCIN,RIFAMPIN/RIFAMYCIN,CSN35596.1,CXAL01000043.1,11102350,,
rpoB_I572F,rpoB,DNA-directed RNA polymerase subunit beta RpoB,core,AMR,POINT,RIFAMYCIN,RIFAMYCIN,CSN35596.1,CXAL01000043.1,,,
rpoB_I572L,rpoB,DNA-directed RNA polymerase subunit beta RpoB,core,AMR,POINT,RIFAMYCIN,RIFAMYCIN,CSN35596.1,CXAL01000043.1,11102350,,
rpoB_I572N,rpoB,DNA-directed RNA polymerase subunit beta RpoB,core,AMR,POINT,RIFAMYCIN,RIFAMYCIN,CSN35596.1,CXAL01000043.1,,,
rpoB_R687H,rpoB,DNA-directed RNA polymerase subunit beta RpoB,core,AMR,POINT,RIFAMYCIN,RIFAMYCIN,CSN35596.1,CXAL01000043.1,3050121,,
rpsJ_V57D,rpsJ,30S ribosomal protein S10,core,AMR,POINT,TETRACYCLINE,TETRACYCLINE/TIGECYCLINE,APC54095.1,CP017979.1,"26124155,3422075",,
rpsJ_V57I,rpsJ,30S ribosomal protein S10,core,AMR,POINT,TETRACYCLINE,TETRACYCLINE/TIGECYCLINE,APC54095.1,CP017979.1,"26124155,3422075",,
rpsJ_V57L,rpsJ,30S ribosomal protein S10,core,AMR,POINT,TETRACYCLINE,TETRACYCLINE/TIGECYCLINE,APC54095.1,CP017979.1,34220749,,
rpsL_K43R,rpsL,30S ribosomal protein S12,core,AMR,POINT,AMINOGLYCOSIDE,STREPTOMYCIN,BAB37616.1,BA000007.3,38709811,,
rpsL_K43T,rpsL,30S ribosomal protein S12,core,AMR,POINT,AMINOGLYCOSIDE,STREPTOMYCIN,BAB37616.1,BA000007.3,38709811,,
soxR_R20H,soxR,redox-sensitive transcriptional activator SoxR,core,AMR,POINT,MULTIDRUG,AMPICILLIN/CHLORAMPHENICOL/QUINOLONE/RIFAMPIN/TETRACYCLINE,AAC77033.1,U00096.3,,,
soxR_G121D,soxR,redox-sensitive transcriptional activator SoxR,core,AMR,POINT,MULTIDRUG,AMPICILLIN/CHLORAMPHENICOL/QUINOLONE/RIFAMPIN/TETRACYCLINE,AAC77033.1,U00096.3,,,
soxR_S128del,soxR,redox-sensitive transcriptional activator SoxR,core,AMR,POINT,MULTIDRUG,AMPICILLIN/CHLORAMPHENICOL/QUINOLONE/RIFAMPIN/TETRACYCLINE,AAC77033.1,U00096.3,15980345,,
soxS_A12S,soxS,regulatory protein SoxS,core,AMR,POINT,MULTIDRUG,AMPICILLIN/CHLORAMPHENICOL/QUINOLONE/RIFAMPIN/TETRACYCLINE,AAC77032.1,U00096.3,,,
tufA_L121Q,tufA,translation elongation factor EF-Tu 1,core,AMR,POINT,POLYKETIDE,KIRROMYCIN,AAC76364.1,U00096.3,,,
tufA_Q125E,tufA,translation elongation factor EF-Tu 1,core,AMR,POINT,POLYKETIDE,KIRROMYCIN,AAC76364.1,U00096.3,,,
tufA_Q125K,tufA,translation elongation factor EF-Tu 1,core,AMR,POINT,POLYKETIDE,KIRROMYCIN,AAC76364.1,U00096.3,,,
tufA_Q125R,tufA,translation elongation factor EF-Tu 1,core,AMR,POINT,POLYKETIDE,KIRROMYCIN,AAC76364.1,U00096.3,,,
tufA_Y161C,tufA,translation elongation factor EF-Tu 1,core,AMR,POINT,POLYKETIDE,KIRROMYCIN,AAC76364.1,U00096.3,,,
tufA_Y161D,tufA,translation elongation factor EF-Tu 1,core,AMR,POINT,POLYKETIDE,KIRROMYCIN,AAC76364.1,U00096.3,,,
tufA_Y161N,tufA,translation elongation factor EF-Tu 1,core,AMR,POINT,POLYKETIDE,KIRROMYCIN,AAC76364.1,U00096.3,,,
tufA_R231C,tufA,translation elongation factor EF-Tu 1,core,AMR,POINT,POLYKETIDE,PULVOMYCIN,AAC76364.1,U00096.3,,,
tufA_R231V,tufA,translation elongation factor EF-Tu 1,core,AMR,POINT,POLYKETIDE,PULVOMYCIN,AAC76364.1,U00096.3,,,
tufA_R234F,tufA,translation elongation factor EF-Tu 1,core,AMR,POINT,POLYKETIDE,PULVOMYCIN,AAC76364.1,U00096.3,,,
tufA_R234S,tufA,translation elongation factor EF-Tu 1,core,AMR,POINT,POLYKETIDE,PULVOMYCIN,AAC76364.1,U00096.3,,,
tufA_G317D,tufA,translation elongation factor EF-Tu 1,core,AMR,POINT,POLYKETIDE,KIRROMYCIN,AAC76364.1,U00096.3,,,
tufA_Q330H,tufA,translation elongation factor EF-Tu 1,core,AMR,POINT,POLYKETIDE,KIRROMYCIN,AAC76364.1,U00096.3,,,
tufA_R334C,tufA,translation elongation factor EF-Tu 1,core,AMR,POINT,POLYKETIDE,PULVOMYCIN,AAC76364.1,U00096.3,,,
tufA_T335A,tufA,translation elongation factor EF-Tu 1,core,AMR,POINT,POLYKETIDE,PULVOMYCIN,AAC76364.1,U00096.3,,,
tufA_A376S,tufA,translation elongation factor EF-Tu 1,core,AMR,POINT,POLYKETIDE,KIRROMYCIN,AAC76364.1,U00096.3,,,
tufA_A376T,tufA,translation elongation factor EF-Tu 1,core,AMR,POINT,POLYKETIDE,KIRROMYCIN,AAC76364.1,U00096.3,,,
tufA_A376V,tufA,translation elongation factor EF-Tu 1,core,AMR,POINT,POLYKETIDE,KIRROMYCIN,AAC76364.1,U00096.3,,,
tufA_E379K,tufA,translation elongation factor EF-Tu 1,core,AMR,POINT,POLYKETIDE,KIRROMYCIN,AAC76364.1,U00096.3,,,
uhpA_G97D,uhpA,DNA-binding response regulator UhpA,core,AMR,POINT,FOSFOMYCIN,FOSFOMYCIN,CDJ73205.1,HG738867.1,,,
uhpT_E350Q,uhpT,hexose phosphate transporter UhpT,core,AMR,POINT,FOSFOMYCIN,FOSFOMYCIN,CDJ73208.1,HG738867.1,30543320,,
folA_I95L,folA,type 3 dihydrofolate reductase FolA,core,AMR,POINT,TRIMETHOPRIM,TRIMETHOPRIM,AAC22559.1,L42023.1,31811916,,
folA_F154S,folA,type 3 dihydrofolate reductase FolA,core,AMR,POINT,TRIMETHOPRIM,TRIMETHOPRIM,AAC22559.1,L42023.1,31811916,,
folA_F154V,folA,type 3 dihydrofolate reductase FolA,core,AMR,POINT,TRIMETHOPRIM,TRIMETHOPRIM,AAC22559.1,L42023.1,31811916,,
folP_P64PSFLY,folP,dihydropteroate synthase FolP,core,AMR,POINT,SULFONAMIDE,SULFONAMIDE,AAC22983.1,L42023.1,38482359,,
folP_G189C,folP,dihydropteroate synthase FolP,core,AMR,POINT,SULFONAMIDE,SULFONAMIDE,AAC22983.1,L42023.1,31811916,,
ftsI_V329A,ftsI,penicillin-binding protein PBP3 FtsI,core,AMR,POINT,BETA-LACTAM,CEPHALOSPORIN,AAC22787.1,L42023.1,38954914,,
ftsI_A337V,ftsI,penicillin-binding protein PBP3 FtsI,core,AMR,POINT,BETA-LACTAM,BETA-LACTAM,AAC22787.1,L42023.1,34463568,,
ftsI_D350N,ftsI,penicillin-binding protein PBP3 FtsI,core,AMR,POINT,BETA-LACTAM,CEPHALOSPORIN,AAC22787.1,L42023.1,3004446,,
ftsI_S357N,ftsI,penicillin-binding protein PBP3 FtsI,core,AMR,POINT,BETA-LACTAM,CEPHALOSPORIN,AAC22787.1,L42023.1,3004446,,
ftsI_A368T,ftsI,penicillin-binding protein PBP3 FtsI,core,AMR,POINT,BETA-LACTAM,BETA-LACTAM,AAC22787.1,L42023.1,34463568,,
ftsI_M377I,ftsI,penicillin-binding protein PBP3 FtsI,core,AMR,POINT,BETA-LACTAM,BETA-LACTAM,AAC22787.1,L42023.1,34463568,,
ftsI_S385T,ftsI,penicillin-binding protein PBP3 FtsI,core,AMR,POINT,BETA-LACTAM,CEPHALOSPORIN,AAC22787.1,L42023.1,3004446,,
ftsI_L389F,ftsI,penicillin-binding protein PBP3 FtsI,core,AMR,POINT,BETA-LACTAM,CEPHALOSPORIN,AAC22787.1,L42023.1,3004446,,
ftsI_A437S,ftsI,penicillin-binding protein PBP3 FtsI,core,AMR,POINT,BETA-LACTAM,BETA-LACTAM,AAC22787.1,L42023.1,34463568,,
ftsI_T443A,ftsI,penicillin-binding protein PBP3 FtsI,core,AMR,POINT,BETA-LACTAM,CEPHALOSPORIN,AAC22787.1,L42023.1,38954914,,
ftsI_I449V,ftsI,penicillin-binding protein PBP3 FtsI,core,AMR,POINT,BETA-LACTAM,BETA-LACTAM,AAC22787.1,L42023.1,34463568,,
ftsI_G490E,ftsI,penicillin-binding protein PBP3 FtsI,core,AMR,POINT,BETA-LACTAM,BETA-LACTAM,AAC22787.1,L42023.1,34463568,,
ftsI_A502T,ftsI,penicillin-binding protein PBP3 FtsI,core,AMR,POINT,BETA-LACTAM,CEPHALOSPORIN,AAC22787.1,L42023.1,38954914,,
ftsI_R517H,ftsI,penicillin-binding protein PBP3 FtsI,core,AMR,POINT,BETA-LACTAM,BETA-LACTAM,AAC22787.1,L42023.1,27530834,,
ftsI_N526H,ftsI,penicillin-binding protein PBP3 FtsI,core,AMR,POINT,BETA-LACTAM,CEPHALOSPORIN,AAC22787.1,L42023.1,38954914,,
ftsI_N526K,ftsI,penicillin-binding protein PBP3 FtsI,core,AMR,POINT,BETA-LACTAM,CEPHALOSPORIN,AAC22787.1,L42023.1,"22389455,3895491",,
ftsI_K527N,ftsI,penicillin-binding protein PBP3 FtsI,core,AMR,POINT,BETA-LACTAM,CEPHALOSPORIN,AAC22787.1,L42023.1,38954914,,
ftsI_A530S,ftsI,penicillin-binding protein PBP3 FtsI,core,AMR,POINT,BETA-LACTAM,CEPHALOSPORIN,AAC22787.1,L42023.1,38954914,,
ftsI_T532S,ftsI,penicillin-binding protein PBP3 FtsI,core,AMR,POINT,BETA-LACTAM,CEPHALOSPORIN,AAC22787.1,L42023.1,38954914,,
ftsI_G555E,ftsI,penicillin-binding protein PBP3 FtsI,core,AMR,POINT,BETA-LACTAM,BETA-LACTAM,AAC22787.1,L42023.1,30879978,,
ftsI_Y557H,ftsI,penicillin-binding protein PBP3 FtsI,core,AMR,POINT,BETA-LACTAM,BETA-LACTAM,AAC22787.1,L42023.1,30879978,,
ftsI_V562L,ftsI,penicillin-binding protein PBP3 FtsI,core,AMR,POINT,BETA-LACTAM,CEPHALOSPORIN,AAC22787.1,L42023.1,3004446,,
gyrA_S84L,gyrA,DNA gyrase subunit A GyrA,core,AMR,POINT,QUINOLONE,QUINOLONE,AAC22917.1,L42023.1,38482359,,
gyrA_S84Y,gyrA,DNA gyrase subunit A GyrA,core,AMR,POINT,QUINOLONE,QUINOLONE,AAC22917.1,L42023.1,8807076,,
gyrA_D88G,gyrA,DNA gyrase subunit A GyrA,core,AMR,POINT,QUINOLONE,QUINOLONE,AAC22917.1,L42023.1,30145620,,
gyrA_D88N,gyrA,DNA gyrase subunit A GyrA,core,AMR,POINT,QUINOLONE,QUINOLONE,AAC22917.1,L42023.1,8807076,,
gyrA_D88Y,gyrA,DNA gyrase subunit A GyrA,core,AMR,POINT,QUINOLONE,QUINOLONE,AAC22917.1,L42023.1,8807076,,
parC_G82C,parC,DNA topoisomerase IV subunit A ParC,core,AMR,POINT,QUINOLONE,QUINOLONE,AAC23175.1,L42023.1,24480551,,
parC_G82D,parC,DNA topoisomerase IV subunit A ParC,core,AMR,POINT,QUINOLONE,QUINOLONE,AAC23175.1,L42023.1,24480551,,
parC_S84I,parC,DNA topoisomerase IV subunit A ParC,core,AMR,POINT,QUINOLONE,QUINOLONE,AAC23175.1,L42023.1,38482359,,
parC_S84R,parC,DNA topoisomerase IV subunit A ParC,core,AMR,POINT,QUINOLONE,QUINOLONE,AAC23175.1,L42023.1,24480551,,
parC_E88K,parC,DNA topoisomerase IV subunit A ParC,core,AMR,POINT,QUINOLONE,QUINOLONE,AAC23175.1,L42023.1,8807076,,
parE_D420N,parE,DNA topoisomerase IV subunit B ParE,core,AMR,POINT,QUINOLONE,QUINOLONE,AAC23174.1,L42023.1,30145620,,
parE_P439S,parE,DNA topoisomerase IV subunit B ParE,core,AMR,POINT,QUINOLONE,QUINOLONE,AAC23174.1,L42023.1,36949027,,
parE_L502F,parE,DNA topoisomerase IV subunit B ParE,core,AMR,POINT,QUINOLONE,QUINOLONE,AAC23174.1,L42023.1,36949027,,
rpoB_A1131T,rpoB,DNA-directed RNA polymerase subunit beta RpoB,core,AMR,POINT,RIFAMYCIN,RIFAMPIN,AAC22173.1,L42023.1,34463568,,
gyrA_N87K,gyrA,DNA gyrase subunit A GyrA,core,AMR,POINT,QUINOLONE,QUINOLONE,AFV41918.1,CP003904.1,"14638505,3852576",,
gyrA_D91G,gyrA,DNA gyrase subunit A GyrA,core,AMR,POINT,QUINOLONE,QUINOLONE,AFV41918.1,CP003904.1,14638505,,
gyrA_D91N,gyrA,DNA gyrase subunit A GyrA,core,AMR,POINT,QUINOLONE,QUINOLONE,AFV41918.1,CP003904.1,"14638505,27391421,38525761",,
gyrA_D91Y,gyrA,DNA gyrase subunit A GyrA,core,AMR,POINT,QUINOLONE,QUINOLONE,AFV41918.1,CP003904.1,14638505,,
pbp1a_S414R,pbp1a,penicillin-binding protein PBP-1A,core,AMR,POINT,BETA-LACTAM,BETA-LACTAM,AAD07660.1,AE000511.1,12069978,,
pbp1a_T438M,pbp1a,penicillin-binding protein PBP-1A,core,AMR,POINT,BETA-LACTAM,BETA-LACTAM,AAD07660.1,AE000511.1,17000747,,
pbp1a_S455N,pbp1a,penicillin-binding protein PBP-1A,core,AMR,POINT,BETA-LACTAM,BETA-LACTAM,AAD07660.1,AE000511.1,20956585,,
pbp1a_V469M,pbp1a,penicillin-binding protein PBP-1A,core,AMR,POINT,BETA-LACTAM,BETA-LACTAM,AAD07660.1,AE000511.1,20956585,,
pbp1a_F473L,pbp1a,penicillin-binding protein PBP-1A,core,AMR,POINT,BETA-LACTAM,BETA-LACTAM,AAD07660.1,AE000511.1,20956585,,
pbp1a_S543R,pbp1a,penicillin-binding protein PBP-1A,core,AMR,POINT,BETA-LACTAM,BETA-LACTAM,AAD07660.1,AE000511.1,20956585,,
pbp1a_T556S,pbp1a,penicillin-binding protein PBP-1A,core,AMR,POINT,BETA-LACTAM,BETA-LACTAM,AAD07660.1,AE000511.1,38525761,,
pbp1a_N562T,pbp1a,penicillin-binding protein PBP-1A,core,AMR,POINT,BETA-LACTAM,BETA-LACTAM,AAD07660.1,AE000511.1,27391421,,
pbp1a_P623L,pbp1a,penicillin-binding protein PBP-1A,core,AMR,POINT,BETA-LACTAM,BETA-LACTAM,AAD07660.1,AE000511.1,35995672,,
blaOXY_T-67C,blaOXY,blaOXY promoter region,core,AMR,POINT,BETA-LACTAM,CEPHALOSPORIN,,CP026715.1,7574532,,
blaOXY_T-58A,blaOXY,blaOXY promoter region,core,AMR,POINT,BETA-LACTAM,CEPHALOSPORIN,,CP026715.1,"8834898,1010319",,
blaOXY_G-38T,blaOXY,blaOXY promoter region,core,AMR,POINT,BETA-LACTAM,CEPHALOSPORIN,,CP026715.1,"8834898,1010319",,
blaOXY_G-34A,blaOXY,blaOXY promoter region,core,AMR,POINT,BETA-LACTAM,CEPHALOSPORIN,,CP026715.1,"8834898,1010319",,
gyrA_T83I,gyrA,DNA gyrase subunit A GyrA,core,AMR,POINT,QUINOLONE,QUINOLONE,AYZ51335.1,CP033844.1,9756773,,
gyrA_D87G,gyrA,DNA gyrase subunit A GyrA,core,AMR,POINT,QUINOLONE,QUINOLONE,AYZ51335.1,CP033844.1,10428935,,
parC_S80I,parC,DNA topoisomerase IV subunit A ParC,core,AMR,POINT,QUINOLONE,QUINOLONE,AYZ52281.1,CP033844.1,10428935,,
parC_S80R,parC,DNA topoisomerase IV subunit A ParC,core,AMR,POINT,QUINOLONE,QUINOLONE,AYZ52281.1,CP033844.1,10428935,,
acrR_M109I,acrR,transcriptional regulator AcrR,core,AMR,POINT,TETRACYCLINE,TIGECYCLINE,ABR75897.1,CP000647.1,25182649,,
acrR_Y114F,acrR,transcriptional regulator AcrR,core,AMR,POINT,TETRACYCLINE,TIGECYCLINE,ABR75897.1,CP000647.1,25182649,,
acrR_V165I,acrR,transcriptional regulator AcrR,core,AMR,POINT,TETRACYCLINE,TIGECYCLINE,ABR75897.1,CP000647.1,25182649,,
arnC_C161Y,arnC,undecaprenyl-phosphate 4-deoxy-4-formamido-L-arabinose transferase ArnC,core,AMR,POINT,COLISTIN,COLISTIN,KMI01341.1,LFAY01000067.1,,,
baeS_D111V,baeS,two-component system sensor histidine kinase BaeS,core,AMR,POINT,BETA-LACTAM,AZTREONAM/AZTREONAM-AVIBACTAM,AEJ99031.1,CP002910.1,34568905,,
blaSHV_C-112A,blaSHV,blaSHV promoter region,core,AMR,POINT,BETA-LACTAM,CEFIDEROCOL/CEPHALOSPORIN,,CP054063.1,"10639363,3878536",,
cirA_G75W,cirA,catecholate siderophore receptor CirA,core,AMR,POINT,BETA-LACTAM,CEFIDEROCOL,AEJ99093.1,CP002910.1,36305334,,
cirA_E133Ter,cirA,catecholate siderophore receptor CirA,core,AMR,POINT,BETA-LACTAM,CEFIDEROCOL,AEJ99093.1,CP002910.1,37877547,,
cirA_Y253CfsTer5,cirA,catecholate siderophore receptor CirA,core,AMR,POINT,BETA-LACTAM,CEFIDEROCOL,AEJ99093.1,CP002910.1,36305334,,
cirA_W427Ter,cirA,catecholate siderophore receptor CirA,core,AMR,POINT,BETA-LACTAM,CEFIDEROCOL,AEJ99093.1,CP002910.1,36305334,,
crrB_Q10L,crrB,HAMP domain-containing histidine kinase CrrB,core,AMR,POINT,COLISTIN,COLISTIN,PWF58681.1,PYBH01000009.1,25385117,,
crrB_Y31H,crrB,HAMP domain-containing histidine kinase CrrB,core,AMR,POINT,COLISTIN,COLISTIN,PWF58681.1,PYBH01000009.1,27067316,,
crrB_F84S,crrB,HAMP domain-containing histidine kinase CrrB,core,AMR,POINT,COLISTIN,COLISTIN,PWF58681.1,PYBH01000009.1,28874377,,
crrB_L94M,crrB,HAMP domain-containing histidine kinase CrrB,core,AMR,POINT,COLISTIN,COLISTIN,PWF58681.1,PYBH01000009.1,25385117,,
crrB_W140R,crrB,HAMP domain-containing histidine kinase CrrB,core,AMR,POINT,COLISTIN,COLISTIN,PWF58681.1,PYBH01000009.1,27067316,,
crrB_N141I,crrB,HAMP domain-containing histidine kinase CrrB,core,AMR,POINT,COLISTIN,COLISTIN,PWF58681.1,PYBH01000009.1,27067316,,
crrB_N141Y,crrB,HAMP domain-containing histidine kinase CrrB,core,AMR,POINT,COLISTIN,COLISTIN,PWF58681.1,PYBH01000009.1,28874377,,
crrB_P151L,crrB,HAMP domain-containing histidine kinase CrrB,core,AMR,POINT,COLISTIN,COLISTIN,PWF58681.1,PYBH01000009.1,28874377,,
crrB_P151S,crrB,HAMP domain-containing histidine kinase CrrB,core,AMR,POINT,COLISTIN,COLISTIN,PWF58681.1,PYBH01000009.1,27067316,,
crrB_G183V,crrB,HAMP domain-containing histidine kinase CrrB,core,AMR,POINT,COLISTIN,COLISTIN,PWF58681.1,PYBH01000009.1,28874377,,
crrB_S195N,crrB,HAMP domain-containing histidine kinase CrrB,core,AMR,POINT,COLISTIN,COLISTIN,PWF58681.1,PYBH01000009.1,27067316,,
envZ_R397C,envZ,two-component system sensor histidine kinase EnvZ,core,AMR,POINT,BETA-LACTAM,CEFTAZIDIME-AVIBACTAM,HEE1999386.1,DAQQET010000008.1,30247546,,
envZ_I412L,envZ,two-component system sensor histidine kinase EnvZ,core,AMR,POINT,BETA-LACTAM,CEFTAZIDIME-AVIBACTAM,HEE1999386.1,DAQQET010000008.1,30247546,,
ftsI_V355G,ftsI,penicillin-binding protein PBP3 FtsI,core,AMR,POINT,BETA-LACTAM,CEFTIBUTEN/CEFTIBUTEN-AVIBACTAM,CDO16001.1,FO834906.1,39665271,,
ftsI_L367Q,ftsI,penicillin-binding protein PBP3 FtsI,core,AMR,POINT,BETA-LACTAM,CEFTAZIDIME-AVIBACTAM,CDO16001.1,FO834906.1,34551677,,
gyrA_S83F,gyrA,DNA gyrase subunit A GyrA,core,AMR,POINT,QUINOLONE,QUINOLONE,SXI98935.1,UKDA01000002.1,,,
gyrA_S83I,gyrA,DNA gyrase subunit A GyrA,core,AMR,POINT,QUINOLONE,QUINOLONE,SXI98935.1,UKDA01000002.1,,,
gyrA_S83L,gyrA,DNA gyrase subunit A GyrA,core,AMR,POINT,QUINOLONE,QUINOLONE,SXI98935.1,UKDA01000002.1,,,
gyrA_S83T,gyrA,DNA gyrase subunit A GyrA,core,AMR,POINT,QUINOLONE,QUINOLONE,SXI98935.1,UKDA01000002.1,,,
gyrA_S83Y,gyrA,DNA gyrase subunit A GyrA,core,AMR,POINT,QUINOLONE,QUINOLONE,SXI98935.1,UKDA01000002.1,,,
gyrA_D87A,gyrA,DNA gyrase subunit A GyrA,core,AMR,POINT,QUINOLONE,QUINOLONE,SXI98935.1,UKDA01000002.1,,,
gyrA_D87G,gyrA,DNA gyrase subunit A GyrA,core,AMR,POINT,QUINOLONE,QUINOLONE,SXI98935.1,UKDA01000002.1,,,
gyrA_D87H,gyrA,DNA gyrase subunit A GyrA,core,AMR,POINT,QUINOLONE,QUINOLONE,SXI98935.1,UKDA01000002.1,,,
gyrA_D87N,gyrA,DNA gyrase subunit A GyrA,core,AMR,POINT,QUINOLONE,QUINOLONE,SXI98935.1,UKDA01000002.1,,,
gyrA_D87Y,gyrA,DNA gyrase subunit A GyrA,core,AMR,POINT,QUINOLONE,QUINOLONE,SXI98935.1,UKDA01000002.1,,,
lamB_R134P,lamB,maltoporin LamB,core,AMR,POINT,BETA-LACTAM,CEFTAZIDIME-AVIBACTAM,WAH47136.1,CP109607.1,34551677,,
lamB_R374S,lamB,maltoporin LamB,core,AMR,POINT,BETA-LACTAM,CEFTAZIDIME-AVIBACTAM,WAH47136.1,CP109607.1,34551677,,
lapB_V43G,lapB,lipopolysaccharide assembly protein LapB,core,AMR,POINT,COLISTIN,COLISTIN,ABR76709.1,CP000647.1,27600049,,
lpxM_V30G,lpxM,lauroyl-Kdo(2)-lipid IV(A) myristoyltransferase LpxM,core,AMR,POINT,COLISTIN,COLISTIN,ABR77796.1,CP000647.1,27600049,,
mdrA_D354A,mdrA,peptidoglycan DD-transpeptidase MrdA,core,AMR,POINT,BETA-LACTAM,CEFTAZIDIME-AVIBACTAM,HBA1814400.1,DADRCW010000027.1,30247546,,
mgrB_A14S,mgrB,PhoP/PhoQ regulatory lipoprotein MgrB,core,AMR,POINT,COLISTIN,COLISTIN,QDC86160.1,CP040993.1,27191712,,
mgrB_L17R,mgrB,PhoP/PhoQ regulatory lipoprotein MgrB,core,AMR,POINT,COLISTIN,COLISTIN,QDC86160.1,CP040993.1,30061868,,
mgrB_W20R,mgrB,PhoP/PhoQ regulatory lipoprotein MgrB,core,AMR,POINT,COLISTIN,COLISTIN,QDC86160.1,CP040993.1,27191712,,
mgrB_L24H,mgrB,PhoP/PhoQ regulatory lipoprotein MgrB,core,AMR,POINT,COLISTIN,COLISTIN,QDC86160.1,CP040993.1,25264127,,
mgrB_M27K,mgrB,PhoP/PhoQ regulatory lipoprotein MgrB,core,AMR,POINT,COLISTIN,COLISTIN,QDC86160.1,CP040993.1,27191712,,
mgrB_C28F,mgrB,PhoP/PhoQ regulatory lipoprotein MgrB,core,AMR,POINT,COLISTIN,COLISTIN,QDC86160.1,CP040993.1,25264127,,
mgrB_C28Y,mgrB,PhoP/PhoQ regulatory lipoprotein MgrB,core,AMR,POINT,COLISTIN,COLISTIN,QDC86160.1,CP040993.1,25022583,,
mgrB_Q30Ter,mgrB,PhoP/PhoQ regulatory lipoprotein MgrB,core,AMR,POINT,COLISTIN,COLISTIN,QDC86160.1,CP040993.1,29326662,,
mgrB_D31N,mgrB,PhoP/PhoQ regulatory lipoprotein MgrB,core,AMR,POINT,COLISTIN,COLISTIN,QDC86160.1,CP040993.1,25264127,,
mgrB_V32G,mgrB,PhoP/PhoQ regulatory lipoprotein MgrB,core,AMR,POINT,COLISTIN,COLISTIN,QDC86160.1,CP040993.1,30061868,,
mgrB_F35I,mgrB,PhoP/PhoQ regulatory lipoprotein MgrB,core,AMR,POINT,COLISTIN,COLISTIN,QDC86160.1,CP040993.1,25264127,,
mgrB_G37S,mgrB,PhoP/PhoQ regulatory lipoprotein MgrB,core,AMR,POINT,COLISTIN,COLISTIN,QDC86160.1,CP040993.1,25022583,,
mgrB_C39Ter,mgrB,PhoP/PhoQ regulatory lipoprotein MgrB,core,AMR,POINT,COLISTIN,COLISTIN,QDC86160.1,CP040993.1,29326662,,
mgrB_C39Y,mgrB,PhoP/PhoQ regulatory lipoprotein MgrB,core,AMR,POINT,COLISTIN,COLISTIN,QDC86160.1,CP040993.1,27191712,,
mgrB_I45T,mgrB,PhoP/PhoQ regulatory lipoprotein MgrB,core,AMR,POINT,COLISTIN,COLISTIN,QDC86160.1,CP040993.1,27191712,,
mgrB_W47R,mgrB,PhoP/PhoQ regulatory lipoprotein MgrB,core,AMR,POINT,COLISTIN,COLISTIN,QDC86160.1,CP040993.1,27191712,,
nfsB_W46C,nfsB,oxygen-insensitive NAD(P)H nitroreductase NfsB,core,AMR,POINT,NITROFURAN,NITROFURANTOIN,AIW69966.1,CP009771.1,38078757,,
nfsB_D198Y,nfsB,oxygen-insensitive NAD(P)H nitroreductase NfsB,core,AMR,POINT,NITROFURAN,NITROFURANTOIN,AIW69966.1,CP009771.1,38078757,,
ompK35_E132K,ompK35,outer membrane porin OmpK35,core,AMR,POINT,BETA-LACTAM,CARBAPENEM,CAA09665.1,AJ011501.1,20660684,,
ompK35_W230Ter,ompK35,outer membrane porin OmpK35,core,AMR,POINT,BETA-LACTAM,CARBAPENEM,CAA09665.1,AJ011501.1,34060914,,
ompK36_A21V,ompK36,outer membrane porin OmpK36,core,AMR,POINT,BETA-LACTAM,CEFTIBUTEN/CEFTIBUTEN-AVIBACTAM,ADG56549.1,HM000041.1,39665271,,
ompK36_Q66Ter,ompK36,outer membrane porin OmpK36,core,AMR,POINT,BETA-LACTAM,CARBAPENEM,ADG56549.1,HM000041.1,36036505,,
ompK36_Q70Ter,ompK36,outer membrane porin OmpK36,core,AMR,POINT,BETA-LACTAM,CARBAPENEM,ADG56549.1,HM000041.1,36036505,,
ompK36_E78Ter,ompK36,outer membrane porin OmpK36,core,AMR,POINT,BETA-LACTAM,CARBAPENEM,ADG56549.1,HM000041.1,20660684,,
ompK36_E87Ter,ompK36,outer membrane porin OmpK36,core,AMR,POINT,BETA-LACTAM,CARBAPENEM,ADG56549.1,HM000041.1,36036505,,
ompK36_W125Ter,ompK36,outer membrane porin OmpK36,core,AMR,POINT,BETA-LACTAM,CARBAPENEM,ADG56549.1,HM000041.1,34060914,,
ompK36_T126Ter,ompK36,outer membrane porin OmpK36,core,AMR,POINT,BETA-LACTAM,CARBAPENEM,ADG56549.1,HM000041.1,20660684,,
ompK36_G133D,ompK36,outer membrane porin OmpK36,core,AMR,POINT,BETA-LACTAM,CARBAPENEM,ADG56549.1,HM000041.1,15081418,,
ompK36_D135DD,ompK36,outer membrane porin OmpK36,core,AMR,POINT,BETA-LACTAM,CARBAPENEM,ADG56549.1,HM000041.1,35816554,,
ompK36_D135DGD,ompK36,outer membrane porin OmpK36,core,AMR,POINT,BETA-LACTAM,CARBAPENEM,ADG56549.1,HM000041.1,"30875398,3147771",,
ompK36_T136TDT,ompK36,outer membrane porin OmpK36,core,AMR,POINT,BETA-LACTAM,CARBAPENEM,ADG56549.1,HM000041.1,"30875398,31477712,35816554",,
ompK36_T192del,ompK36,outer membrane porin OmpK36,core,AMR,POINT,BETA-LACTAM,CARBAPENEM,ADG56549.1,HM000041.1,20660684,,
ompK36_T261Ter,ompK36,outer membrane porin OmpK36,core,AMR,POINT,BETA-LACTAM,CARBAPENEM,ADG56549.1,HM000041.1,20660684,,
ompK36_L307Ter,ompK36,outer membrane porin OmpK36,core,AMR,POINT,BETA-LACTAM,CARBAPENEM,ADG56549.1,HM000041.1,36036505,,
ompK36_Q313Ter,ompK36,outer membrane porin OmpK36,core,AMR,POINT,BETA-LACTAM,CARBAPENEM,ADG56549.1,HM000041.1,36036505,,
ompK36_T333N,ompK36,outer membrane porin OmpK36,core,AMR,POINT,BETA-LACTAM,CARBAPENEM,ADG56549.1,HM000041.1,28739787,,
oqxR_F6S,oqxR,Rrf2 family transcriptional regulator OqxR,core,AMR,POINT,NITROFURAN/PHENICOL/QUINOLONE/TETRACYCLINE,NITROFURANTOIN/PHENICOL/QUINOLONE/TIGECYCLINE,ABR78377.1,CP000647.1,22644028,,
oqxR_Q11L,oqxR,Rrf2 family transcriptional regulator OqxR,core,AMR,POINT,NITROFURAN/PHENICOL/QUINOLONE/TETRACYCLINE,NITROFURANTOIN/PHENICOL/QUINOLONE/TIGECYCLINE,ABR78377.1,CP000647.1,22644028,,
oqxR_D95E,oqxR,Rrf2 family transcriptional regulator OqxR,core,AMR,POINT,NITROFURAN/PHENICOL/QUINOLONE/TETRACYCLINE,NITROFURANTOIN/PHENICOL/QUINOLONE/TIGECYCLINE,ABR78377.1,CP000647.1,22644028,,
oqxR_V102G,oqxR,Rrf2 family transcriptional regulator OqxR,core,AMR,POINT,NITROFURAN/PHENICOL/QUINOLONE/TETRACYCLINE,NITROFURANTOIN/PHENICOL/QUINOLONE/TIGECYCLINE,ABR78377.1,CP000647.1,25193085,,
oqxR_V113I,oqxR,Rrf2 family transcriptional regulator OqxR,core,AMR,POINT,NITROFURAN/PHENICOL/QUINOLONE/TETRACYCLINE,NITROFURANTOIN/PHENICOL/QUINOLONE/TIGECYCLINE,ABR78377.1,CP000647.1,22644028,,
oqxR_V130R,oqxR,Rrf2 family transcriptional regulator OqxR,core,AMR,POINT,NITROFURAN/PHENICOL/QUINOLONE/TETRACYCLINE,NITROFURANTOIN/PHENICOL/QUINOLONE/TIGECYCLINE,ABR78377.1,CP000647.1,22644028,,
parC_S80I,parC,DNA topoisomerase IV subunit A ParC,core,AMR,POINT,QUINOLONE,QUINOLONE,PLN43270.1,PIBS01000019.1,,,
parC_E84K,parC,DNA topoisomerase IV subunit A ParC,core,AMR,POINT,QUINOLONE,QUINOLONE,PLN43270.1,PIBS01000019.1,,,
phoP_V3F,phoP,two-component system response regulator PhoP,core,AMR,POINT,COLISTIN,COLISTIN,ODO93876.1,MAGH01000012.1,25691646,,
phoP_D191Y,phoP,two-component system response regulator PhoP,core,AMR,POINT,COLISTIN,COLISTIN,ODO93876.1,MAGH01000012.1,25733503,,
phoP_I201N,phoP,two-component system response regulator PhoP,core,AMR,POINT,COLISTIN,COLISTIN,ODO93876.1,MAGH01000012.1,,,
phoQ_R16C,phoQ,two-component system sensor histidine kinase PhoQ,core,AMR,POINT,COLISTIN,COLISTIN,SMA13559.1,FWOZ01000025.1,,,
phoQ_A20P,phoQ,two-component system sensor histidine kinase PhoQ,core,AMR,POINT,COLISTIN,COLISTIN,SMA13559.1,FWOZ01000025.1,,,
phoQ_A20S,phoQ,two-component system sensor histidine kinase PhoQ,core,AMR,POINT,COLISTIN,COLISTIN,SMA13559.1,FWOZ01000025.1,27600049,,
phoQ_V24G,phoQ,two-component system sensor histidine kinase PhoQ,core,AMR,POINT,COLISTIN,COLISTIN,SMA13559.1,FWOZ01000025.1,35920875,,
phoQ_L26P,phoQ,two-component system sensor histidine kinase PhoQ,core,AMR,POINT,COLISTIN,COLISTIN,SMA13559.1,FWOZ01000025.1,25691646,,
phoQ_S56R,phoQ,two-component system sensor histidine kinase PhoQ,core,AMR,POINT,COLISTIN,COLISTIN,SMA13559.1,FWOZ01000025.1,32408565,,
phoQ_L96P,phoQ,two-component system sensor histidine kinase PhoQ,core,AMR,POINT,COLISTIN,COLISTIN,SMA13559.1,FWOZ01000025.1,25264127,,
phoQ_S174N,phoQ,two-component system sensor histidine kinase PhoQ,core,AMR,POINT,COLISTIN,COLISTIN,SMA13559.1,FWOZ01000025.1,23997018,,
phoQ_D266DD,phoQ,two-component system sensor histidine kinase PhoQ,core,AMR,POINT,COLISTIN,COLISTIN,SMA13559.1,FWOZ01000025.1,32408565,,
phoQ_L348Q,phoQ,two-component system sensor histidine kinase PhoQ,core,AMR,POINT,COLISTIN,COLISTIN,SMA13559.1,FWOZ01000025.1,25264127,,
phoQ_G385S,phoQ,two-component system sensor histidine kinase PhoQ,core,AMR,POINT,COLISTIN,COLISTIN,SMA13559.1,FWOZ01000025.1,31513705,,
phoQ_L396Q,phoQ,two-component system sensor histidine kinase PhoQ,core,AMR,POINT,COLISTIN,COLISTIN,SMA13559.1,FWOZ01000025.1,,,
phoQ_D438N,phoQ,two-component system sensor histidine kinase PhoQ,core,AMR,POINT,COLISTIN,COLISTIN,SMA13559.1,FWOZ01000025.1,,,
pmrA_S42N,pmrA,two-component system response regulator PmrA,core,AMR,POINT,COLISTIN,COLISTIN,KDM30728.1,JMZQ01000002.1,25264127,,
pmrA_G53C,pmrA,two-component system response regulator PmrA,core,AMR,POINT,COLISTIN,COLISTIN,KDM30728.1,JMZQ01000002.1,"25264127,2719171",,
pmrA_G53S,pmrA,two-component system response regulator PmrA,core,AMR,POINT,COLISTIN,COLISTIN,KDM30728.1,JMZQ01000002.1,"25264127,2719171",,
pmrB_R14del,pmrB,two-component system sensor histidine kinase PmrB,core,AMR,POINT,COLISTIN,COLISTIN,SVM00348.1,UISW01000002.1,23997018,,
pmrB_L17Q,pmrB,two-component system sensor histidine kinase PmrB,core,AMR,POINT,COLISTIN,COLISTIN,SVM00348.1,UISW01000002.1,27191712,,
pmrB_L82R,pmrB,two-component system sensor histidine kinase PmrB,core,AMR,POINT,COLISTIN,COLISTIN,SVM00348.1,UISW01000002.1,25022583,,
pmrB_S85R,pmrB,two-component system sensor histidine kinase PmrB,core,AMR,POINT,COLISTIN,COLISTIN,SVM00348.1,UISW01000002.1,25264127,,
pmrB_ALNQLV129del,pmrB,two-component system sensor histidine kinase PmrB,core,AMR,POINT,COLISTIN,COLISTIN,SVM00348.1,UISW01000002.1,31694895,,
pmrB_T140P,pmrB,two-component system sensor histidine kinase PmrB,core,AMR,POINT,COLISTIN,COLISTIN,SVM00348.1,UISW01000002.1,25264127,,
pmrB_T157P,pmrB,two-component system sensor histidine kinase PmrB,core,AMR,POINT,COLISTIN,COLISTIN,SVM00348.1,UISW01000002.1,"24914122,2569165",,
pmrB_S208N,pmrB,two-component system sensor histidine kinase PmrB,core,AMR,POINT,COLISTIN,COLISTIN,SVM00348.1,UISW01000002.1,23997018,,
pmrB_Y209del,pmrB,two-component system sensor histidine kinase PmrB,core,AMR,POINT,COLISTIN,COLISTIN,SVM00348.1,UISW01000002.1,,,
pmrB_D313N,pmrB,two-component system sensor histidine kinase PmrB,core,AMR,POINT,COLISTIN,COLISTIN,SVM00348.1,UISW01000002.1,35086435,,
ramR_K5E,ramR,TetR/AcrR family transcriptional regulator RamR,core,AMR,POINT,TETRACYCLINE,TIGECYCLINE,ABR76005.1,CP000647.1,25182649,,
ramR_A16D,ramR,TetR/AcrR family transcriptional regulator RamR,core,AMR,POINT,TETRACYCLINE,TIGECYCLINE,ABR76005.1,CP000647.1,25182649,,
ramR_A19V,ramR,TetR/AcrR family transcriptional regulator RamR,core,AMR,POINT,TETRACYCLINE,TIGECYCLINE,ABR76005.1,CP000647.1,21514798,,
ramR_T43M,ramR,TetR/AcrR family transcriptional regulator RamR,core,AMR,POINT,TETRACYCLINE,TIGECYCLINE,ABR76005.1,CP000647.1,25182649,,
ramR_I88N,ramR,TetR/AcrR family transcriptional regulator RamR,core,AMR,POINT,TETRACYCLINE,TIGECYCLINE,ABR76005.1,CP000647.1,25182649,,
ramR_D152Y,ramR,TetR/AcrR family transcriptional regulator RamR,core,AMR,POINT,BETA-LACTAM/PHENICOL/QUINOLONE/TETRACYCLINE,CHLORAMPHENICOL/QUINOLONE/TEMOCILLIN/TIGECYCLINE,ABR76005.1,CP000647.1,39611855,,
ramR_T162I,ramR,TetR/AcrR family transcriptional regulator RamR,core,AMR,POINT,TETRACYCLINE,TIGECYCLINE,ABR76005.1,CP000647.1,25182649,,
ramR_A183D,ramR,TetR/AcrR family transcriptional regulator RamR,core,AMR,POINT,TETRACYCLINE,TIGECYCLINE,ABR76005.1,CP000647.1,25182649,,
rpsJ_V57L,rpsJ,30S ribosomal protein S10,core,AMR,POINT,TETRACYCLINE,TIGECYCLINE,AHF70998.1,KC843636.1,"24379204,3026892",,
rseA_W33Ter,rseA,anti-sigma-E factor RseA,core,AMR,POINT,BETA-LACTAM,CEFTIBUTEN-AVIBACTAM,CDO15858.1,FO834906.1,39665271,,
16S_C1191T,16S,16S ribosomal RNA,core,AMR,POINT,AMINOGLYCOSIDE,SPECTINOMYCIN,,AP019853.2,2138078,,
23S_A2059G,23S,23S ribosomal RNA,core,AMR,POINT,MACROLIDE,AZITHROMYCIN,,AE004969.1,38288762,,
23S_C2611T,23S,23S ribosomal RNA,core,AMR,POINT,MACROLIDE,AZITHROMYCIN,,AE004969.1,38288762,,
folP_F31L,folP,dihydropteroate synthase FolP,core,AMR,POINT,SULFONAMIDE,SULFONAMIDE,EEH62517.1,DS999940.1,7642493,,
folP_G194C,folP,dihydropteroate synthase FolP,core,AMR,POINT,SULFONAMIDE,SULFONAMIDE,EEH62517.1,DS999940.1,7642493,,
folP_G194GSG,folP,dihydropteroate synthase FolP,core,AMR,POINT,SULFONAMIDE,SULFONAMIDE,EEH62517.1,DS999940.1,7642493,,
folP_R228S,folP,dihydropteroate synthase FolP,core,AMR,POINT,SULFONAMIDE,SULFONAMIDE,EEH62517.1,DS999940.1,15673729,,
gyrA_S91F,gyrA,DNA gyrase subunit A GyrA,core,AMR,POINT,QUINOLONE,QUINOLONE,AKP12426.1,CP012027.1,7830580,,
gyrA_S91I,gyrA,DNA gyrase subunit A GyrA,core,AMR,POINT,QUINOLONE,QUINOLONE,AKP12426.1,CP012027.1,38288762,,
gyrA_S91Y,gyrA,DNA gyrase subunit A GyrA,core,AMR,POINT,QUINOLONE,QUINOLONE,AKP12426.1,CP012027.1,38288762,,
gyrA_D95A,gyrA,DNA gyrase subunit A GyrA,core,AMR,POINT,QUINOLONE,QUINOLONE,AKP12426.1,CP012027.1,"7830580,36735316",,
gyrA_D95G,gyrA,DNA gyrase subunit A GyrA,core,AMR,POINT,QUINOLONE,QUINOLONE,AKP12426.1,CP012027.1,"7830580,36735316",,
gyrA_D95N,gyrA,DNA gyrase subunit A GyrA,core,AMR,POINT,QUINOLONE,QUINOLONE,AKP12426.1,CP012027.1,7830580,,
gyrB_D429N,gyrB,DNA topoisomerase (ATP-hydrolyzing) subunit B GyrB,core,AMR,POINT,SPIROPYRIMIDINETRIONE,ZOLIFLODACIN,CNT74515.1,CQOZ01000008.1,31730160,,
gyrB_K450N,gyrB,DNA topoisomerase (ATP-hydrolyzing) subunit B GyrB,core,AMR,POINT,SPIROPYRIMIDINETRIONE,ZOLIFLODACIN,CNT74515.1,CQOZ01000008.1,31730160,,
gyrB_K450T,gyrB,DNA topoisomerase (ATP-hydrolyzing) subunit B GyrB,core,AMR,POINT,SPIROPYRIMIDINETRIONE,ZOLIFLODACIN,CNT74515.1,CQOZ01000008.1,31730160,,
macAB_G-48T,macAB,efflux pump MacAB promoter region,core,AMR,POINT,MACROLIDE,AZITHROMYCIN,,AP023073.1,16162665,,
mtrC_C-120T,mtrC,multidrug efflux RND transporter periplasmic adaptor subunit MtrC promoter region,core,AMR,POINT,BETA-LACTAM/MACROLIDE/TETRACYCLINE,AZITHROMYCIN/BETA-LACTAM/TETRACYCLINE,,CP012026.1,21933917,,
mtrD_R714C,mtrD,multidrug efflux RND transporter permease subunit MtrD,core,AMR,POINT,MACROLIDE,AZITHROMYCIN,ANJ48221.1,CP016015.1,32843551,,
mtrD_R714H,mtrD,multidrug efflux RND transporter permease subunit MtrD,core,AMR,POINT,MACROLIDE,AZITHROMYCIN,ANJ48221.1,CP016015.1,32843551,,
mtrD_R714L,mtrD,multidrug efflux RND transporter permease subunit MtrD,core,AMR,POINT,MACROLIDE,AZITHROMYCIN,ANJ48221.1,CP016015.1,32843551,,
mtrD_K823E,mtrD,multidrug efflux RND transporter permease subunit MtrD,core,AMR,POINT,MACROLIDE,AZITHROMYCIN,ANJ48221.1,CP016015.1,32843551,,
mtrD_K823N,mtrD,multidrug efflux RND transporter permease subunit MtrD,core,AMR,POINT,MACROLIDE,AZITHROMYCIN,ANJ48221.1,CP016015.1,32843551,,
mtrR_G-131A,mtrR,multidrug efflux system transcriptional repressor MtrR promoter region,core,AMR,POINT,BETA-LACTAM/MACROLIDE/TETRACYCLINE,AZITHROMYCIN/BETA-LACTAM/TETRACYCLINE,,CP043871.1,18761689,,
mtrR_A-56C,mtrR,multidrug efflux system transcriptional repressor MtrR promoter region,core,AMR,POINT,BETA-LACTAM/TETRACYCLINE,BETA-LACTAM/TETRACYCLINE,,CP043871.1,30087172,,
mtrR_A-53del,mtrR,multidrug efflux system transcriptional repressor MtrR promoter region,core,AMR,POINT,BETA-LACTAM/MACROLIDE/TETRACYCLINE,AZITHROMYCIN/BETA-LACTAM/TETRACYCLINE,,CP043871.1,"12270819,12493797,30087172",,
mtrR_A39T,mtrR,multidrug efflux system transcriptional repressor MtrR,core,AMR,POINT,BETA-LACTAM/MACROLIDE/TETRACYCLINE,AZITHROMYCIN/BETA-LACTAM/TETRACYCLINE,ADO32812.1,HM467710.1,18761689,,
mtrR_G45D,mtrR,multidrug efflux system transcriptional repressor MtrR,core,AMR,POINT,BETA-LACTAM/MACROLIDE/TETRACYCLINE,AZITHROMYCIN/CEPHALOSPORIN/TETRACYCLINE,ADO32812.1,HM467710.1,18761689,,
mtrR_G45S,mtrR,multidrug efflux system transcriptional repressor MtrR,core,AMR,POINT,BETA-LACTAM/MACROLIDE/TETRACYCLINE,AZITHROMYCIN/BETA-LACTAM/TETRACYCLINE,ADO32812.1,HM467710.1,36735316,,
norM_C-104T,norM,sodium-coupled multidrug efflux MATE transporter NorM promoter region,core,AMR,POINT,QUINOLONE,QUINOLONE,,AP023073.1,12533487,,
norM_A-7G,norM,sodium-coupled multidrug efflux MATE transporter NorM promoter region,core,AMR,POINT,QUINOLONE,QUINOLONE,,AP023073.1,12533487,,
parC_D86G,parC,DNA topoisomerase IV subunit A ParC,core,AMR,POINT,QUINOLONE,QUINOLONE,SBQ21537.1,LT591897.1,36735316,,
parC_D86N,parC,DNA topoisomerase IV subunit A ParC,core,AMR,POINT,QUINOLONE,QUINOLONE,SBQ21537.1,LT591897.1,7830580,,
parC_S87C,parC,DNA topoisomerase IV subunit A ParC,core,AMR,POINT,QUINOLONE,QUINOLONE,SBQ21537.1,LT591897.1,36735316,,
parC_S87I,parC,DNA topoisomerase IV subunit A ParC,core,AMR,POINT,QUINOLONE,QUINOLONE,SBQ21537.1,LT591897.1,7830580,,
parC_S87N,parC,DNA topoisomerase IV subunit A ParC,core,AMR,POINT,QUINOLONE,QUINOLONE,SBQ21537.1,LT591897.1,7830580,,
parC_S87R,parC,DNA topoisomerase IV subunit A ParC,core,AMR,POINT,QUINOLONE,QUINOLONE,SBQ21537.1,LT591897.1,7830580,,
parC_S88P,parC,DNA topoisomerase IV subunit A ParC,core,AMR,POINT,QUINOLONE,QUINOLONE,SBQ21537.1,LT591897.1,7830580,,
parC_E91A,parC,DNA topoisomerase IV subunit A ParC,core,AMR,POINT,QUINOLONE,QUINOLONE,SBQ21537.1,LT591897.1,36735316,,
parC_E91G,parC,DNA topoisomerase IV subunit A ParC,core,AMR,POINT,QUINOLONE,QUINOLONE,SBQ21537.1,LT591897.1,"12529019,3673532",,
parC_E91K,parC,DNA topoisomerase IV subunit A ParC,core,AMR,POINT,QUINOLONE,QUINOLONE,SBQ21537.1,LT591897.1,7830580,,
parC_E91Q,parC,DNA topoisomerase IV subunit A ParC,core,AMR,POINT,QUINOLONE,QUINOLONE,SBQ21537.1,LT591897.1,36735316,,
parE_G410V,parE,DNA topoisomerase IV subunit B ParE,core,AMR,POINT,QUINOLONE,QUINOLONE,ACF30212.1,CP001050.1,12529019,,
penA_A311V,penA,penicillin-binding protein PBP2 PenA,core,AMR,POINT,BETA-LACTAM,CEPHALOSPORIN,AKP10994.1,CP012026.1,"22155830,2358795",,
penA_I312M,penA,penicillin-binding protein PBP2 PenA,core,AMR,POINT,BETA-LACTAM,CEPHALOSPORIN,AKP10994.1,CP012026.1,"20704258,22155830,23587946",,
penA_V316P,penA,penicillin-binding protein PBP2 PenA,core,AMR,POINT,BETA-LACTAM,CEPHALOSPORIN,AKP10994.1,CP012026.1,23587946,,
penA_V316T,penA,penicillin-binding protein PBP2 PenA,core,AMR,POINT,BETA-LACTAM,CEPHALOSPORIN,AKP10994.1,CP012026.1,"20704258,22155830,23587946",,
penA_D346DD,penA,penicillin-binding protein PBP2 PenA,core,AMR,POINT,BETA-LACTAM,BETA-LACTAM,AKP10994.1,CP012026.1,"20704258,2358795",,
penA_T483S,penA,penicillin-binding protein PBP2 PenA,core,AMR,POINT,BETA-LACTAM,CEPHALOSPORIN,AKP10994.1,CP012026.1,23587946,,
penA_A501AA,penA,penicillin-binding protein PBP2 PenA,core,AMR,POINT,BETA-LACTAM,CEPHALOSPORIN,AKP10994.1,CP012026.1,34013864,,
penA_A501P,penA,penicillin-binding protein PBP2 PenA,core,AMR,POINT,BETA-LACTAM,CEPHALOSPORIN,AKP10994.1,CP012026.1,"20704258,2215583",,
penA_A501T,penA,penicillin-binding protein PBP2 PenA,core,AMR,POINT,BETA-LACTAM,BETA-LACTAM,AKP10994.1,CP012026.1,"20704258,2358795",,
penA_A501V,penA,penicillin-binding protein PBP2 PenA,core,AMR,POINT,BETA-LACTAM,CEPHALOSPORIN,AKP10994.1,CP012026.1,20704258,,
penA_F504L,penA,penicillin-binding protein PBP2 PenA,core,AMR,POINT,BETA-LACTAM,CEPHALOSPORIN,AKP10994.1,CP012026.1,27690121,,
penA_A510V,penA,penicillin-binding protein PBP2 PenA,core,AMR,POINT,BETA-LACTAM,CEPHALOSPORIN,AKP10994.1,CP012026.1,27690121,,
penA_N512Y,penA,penicillin-binding protein PBP2 PenA,core,AMR,POINT,BETA-LACTAM,CEPHALOSPORIN,AKP10994.1,CP012026.1,27690121,,
penA_A516G,penA,penicillin-binding protein PBP2 PenA,core,AMR,POINT,BETA-LACTAM,CEPHALOSPORIN,AKP10994.1,CP012026.1,27690121,,
penA_G542S,penA,penicillin-binding protein PBP2 PenA,core,AMR,POINT,BETA-LACTAM,CEPHALOSPORIN,AKP10994.1,CP012026.1,20511367,,
penA_G545S,penA,penicillin-binding protein PBP2 PenA,core,AMR,POINT,BETA-LACTAM,CEPHALOSPORIN,AKP10994.1,CP012026.1,"20704258,2215583",,
penA_P551L,penA,penicillin-binding protein PBP2 PenA,core,AMR,POINT,BETA-LACTAM,BETA-LACTAM,AKP10994.1,CP012026.1,20511367,,
penA_P551S,penA,penicillin-binding protein PBP2 PenA,core,AMR,POINT,BETA-LACTAM,BETA-LACTAM,AKP10994.1,CP012026.1,"20704258,2358795",,
ponA_L421P,ponA,penicillin-binding protein 1 PonA,core,AMR,POINT,BETA-LACTAM,BETA-LACTAM,AAW88860.1,AE004969.1,11850260,,
porB1b_G120D,porB1b,major outer membrane protein porin P.IB,core,AMR,POINT,BETA-LACTAM,BETA-LACTAM,SBM94540.1,FLKZ01000005.1,12183233,,
porB1b_G120K,porB1b,major outer membrane protein porin P.IB,core,AMR,POINT,BETA-LACTAM,BETA-LACTAM,SBM94540.1,FLKZ01000005.1,12183233,,
porB1b_G120P,porB1b,major outer membrane protein porin P.IB,core,AMR,POINT,BETA-LACTAM,BETA-LACTAM,SBM94540.1,FLKZ01000005.1,12183233,,
porB1b_G120R,porB1b,major outer membrane protein porin P.IB,core,AMR,POINT,BETA-LACTAM,BETA-LACTAM,SBM94540.1,FLKZ01000005.1,12183233,,
porB1b_GA120del,porB1b,major outer membrane protein porin P.IB,core,AMR,POINT,BETA-LACTAM/TETRACYCLINE,BETA-LACTAM/TETRACYCLINE,SBM94540.1,FLKZ01000005.1,21067570,,
porB1b_A121D,porB1b,major outer membrane protein porin P.IB,core,AMR,POINT,BETA-LACTAM,BETA-LACTAM,SBM94540.1,FLKZ01000005.1,12183233,,
porB1b_A121G,porB1b,major outer membrane protein porin P.IB,core,AMR,POINT,BETA-LACTAM,BETA-LACTAM,SBM94540.1,FLKZ01000005.1,38288762,,
porB1b_A121H,porB1b,major outer membrane protein porin P.IB,core,AMR,POINT,BETA-LACTAM,BETA-LACTAM,SBM94540.1,FLKZ01000005.1,12183233,,
porB1b_A121N,porB1b,major outer membrane protein porin P.IB,core,AMR,POINT,BETA-LACTAM,BETA-LACTAM,SBM94540.1,FLKZ01000005.1,12183233,,
porB1b_A121P,porB1b,major outer membrane protein porin P.IB,core,AMR,POINT,BETA-LACTAM,BETA-LACTAM,SBM94540.1,FLKZ01000005.1,12183233,,
porB1b_A121S,porB1b,major outer membrane protein porin P.IB,core,AMR,POINT,BETA-LACTAM/QUINOLONE/TETRACYCLINE,CEPHALOSPORIN/QUINOLONE/TETRACYCLINE,SBM94540.1,FLKZ01000005.1,36735316,,
rplD_G70D,rplD,50S ribosomal protein L4,core,AMR,POINT,MACROLIDE,AZITHROMYCIN,AAW90459.1,AE004969.1,33097713,,
rplV_K83KKGPSLK,rplV,50S ribosomal protein L22,core,AMR,POINT,MACROLIDE,AZITHROMYCIN,AAF40605.1,AE002098.2,27638945,,
rplV_K90KARAK,rplV,50S ribosomal protein L22,core,AMR,POINT,MACROLIDE,AZITHROMYCIN,AAF40605.1,AE002098.2,27638945,,
rpoB_P157L,rpoB,DNA-directed RNA polymerase subunit beta RpoB,core,AMR,POINT,BETA-LACTAM,CEPHALOSPORIN,ACF31022.1,CP001050.1,32011233,,
rpoB_G158V,rpoB,DNA-directed RNA polymerase subunit beta RpoB,core,AMR,POINT,BETA-LACTAM,CEPHALOSPORIN,ACF31022.1,CP001050.1,32011233,,
rpoB_R201H,rpoB,DNA-directed RNA polymerase subunit beta RpoB,core,AMR,POINT,BETA-LACTAM,CEPHALOSPORIN,ACF31022.1,CP001050.1,32011233,,
rpoB_H553N,rpoB,DNA-directed RNA polymerase subunit beta RpoB,core,AMR,POINT,RIFAMYCIN,RIFAMPIN,ACF31022.1,CP001050.1,35678576,,
rpoB_L560S,rpoB,DNA-directed RNA polymerase subunit beta RpoB,core,AMR,POINT,RIFAMYCIN,RIFAMPIN,ACF31022.1,CP001050.1,35678576,,
rpoD_DDDA92del,rpoD,RNA polymerase sigma factor RpoD,core,AMR,POINT,BETA-LACTAM,CEPHALOSPORIN,ACF29471.1,CP001050.1,32011233,,
rpoD_E98K,rpoD,RNA polymerase sigma factor RpoD,core,AMR,POINT,BETA-LACTAM,CEPHALOSPORIN,ACF29471.1,CP001050.1,32011233,,
rpsE_T24P,rpsE,30S ribosomal protein S5,core,AMR,POINT,AMINOGLYCOSIDE,SPECTINOMYCIN,AAF40617.1,AE002098.2,23183436,,
rpsE_V27del,rpsE,30S ribosomal protein S5,core,AMR,POINT,AMINOGLYCOSIDE,SPECTINOMYCIN,AAF40617.1,AE002098.2,23183436,,
rpsE_K28E,rpsE,30S ribosomal protein S5,core,AMR,POINT,AMINOGLYCOSIDE,SPECTINOMYCIN,AAF40617.1,AE002098.2,23183436,,
rpsJ_V57L,rpsJ,30S ribosomal protein S10,core,AMR,POINT,TETRACYCLINE,TETRACYCLINE,AAF40599.1,AE002098.2,16189114,,
rpsJ_V57M,rpsJ,30S ribosomal protein S10,core,AMR,POINT,TETRACYCLINE,TETRACYCLINE,AAF40599.1,AE002098.2,16189114,,
rpsJ_V57Q,rpsJ,30S ribosomal protein S10,core,AMR,POINT,TETRACYCLINE,TETRACYCLINE,AAF40599.1,AE002098.2,16189114,,
folP_F31L,folP,dihydropteroate synthase FolP,core,AMR,POINT,SULFONAMIDE,SULFONAMIDE,ELL13366.1,ANRZ01000020.1,39887238,,
folP_P68A,folP,dihydropteroate synthase FolP,core,AMR,POINT,SULFONAMIDE,SULFONAMIDE,ELL13366.1,ANRZ01000020.1,,,
folP_P68L,folP,dihydropteroate synthase FolP,core,AMR,POINT,SULFONAMIDE,SULFONAMIDE,ELL13366.1,ANRZ01000020.1,,,
folP_P68S,folP,dihydropteroate synthase FolP,core,AMR,POINT,SULFONAMIDE,SULFONAMIDE,ELL13366.1,ANRZ01000020.1,,,
folP_G194C,folP,dihydropteroate synthase FolP,core,AMR,POINT,SULFONAMIDE,SULFONAMIDE,ELL13366.1,ANRZ01000020.1,39887238,,
folP_G194GSG,folP,dihydropteroate synthase FolP,core,AMR,POINT,SULFONAMIDE,SULFONAMIDE,ELL13366.1,ANRZ01000020.1,39887238,,
folP_R228S,folP,dihydropteroate synthase FolP,core,AMR,POINT,SULFONAMIDE,SULFONAMIDE,ELL13366.1,ANRZ01000020.1,39887238,,
folP_R228T,folP,dihydropteroate synthase FolP,core,AMR,POINT,SULFONAMIDE,SULFONAMIDE,ELL13366.1,ANRZ01000020.1,39887238,,
gyrA_T91A,gyrA,DNA gyrase subunit A GyrA,core,AMR,POINT,QUINOLONE,QUINOLONE,ARB70015.1,CP020401.2,35862973,,
gyrA_T91F,gyrA,DNA gyrase subunit A GyrA,core,AMR,POINT,QUINOLONE,QUINOLONE,ARB70015.1,CP020401.2,33900407,,
gyrA_T91I,gyrA,DNA gyrase subunit A GyrA,core,AMR,POINT,QUINOLONE,QUINOLONE,ARB70015.1,CP020401.2,26357666,,
gyrA_T91K,gyrA,DNA gyrase subunit A GyrA,core,AMR,POINT,QUINOLONE,QUINOLONE,ARB70015.1,CP020401.2,,,
gyrA_T91M,gyrA,DNA gyrase subunit A GyrA,core,AMR,POINT,QUINOLONE,QUINOLONE,ARB70015.1,CP020401.2,,,
gyrA_T91S,gyrA,DNA gyrase subunit A GyrA,core,AMR,POINT,QUINOLONE,QUINOLONE,ARB70015.1,CP020401.2,,,
gyrA_T91V,gyrA,DNA gyrase subunit A GyrA,core,AMR,POINT,QUINOLONE,QUINOLONE,ARB70015.1,CP020401.2,,,
gyrA_T91Y,gyrA,DNA gyrase subunit A GyrA,core,AMR,POINT,QUINOLONE,QUINOLONE,ARB70015.1,CP020401.2,,,
gyrA_D95A,gyrA,DNA gyrase subunit A GyrA,core,AMR,POINT,QUINOLONE,QUINOLONE,ARB70015.1,CP020401.2,,,
gyrA_D95G,gyrA,DNA gyrase subunit A GyrA,core,AMR,POINT,QUINOLONE,QUINOLONE,ARB70015.1,CP020401.2,,,
gyrA_D95N,gyrA,DNA gyrase subunit A GyrA,core,AMR,POINT,QUINOLONE,QUINOLONE,ARB70015.1,CP020401.2,10799008,,
gyrA_D95Q,gyrA,DNA gyrase subunit A GyrA,core,AMR,POINT,QUINOLONE,QUINOLONE,ARB70015.1,CP020401.2,,,
gyrA_D95Y,gyrA,DNA gyrase subunit A GyrA,core,AMR,POINT,QUINOLONE,QUINOLONE,ARB70015.1,CP020401.2,"36758676,378743",,
gyrA_T173A,gyrA,DNA gyrase subunit A GyrA,core,AMR,POINT,QUINOLONE,QUINOLONE,ARB70015.1,CP020401.2,22321998,,
parC_D86N,parC,DNA topoisomerase IV subunit A ParC,core,AMR,POINT,QUINOLONE,QUINOLONE,AAF41957.1,AE002098.2,15855492,,
parC_S87I,parC,DNA topoisomerase IV subunit A ParC,core,AMR,POINT,QUINOLONE,QUINOLONE,AAF41957.1,AE002098.2,,,
parC_S87N,parC,DNA topoisomerase IV subunit A ParC,core,AMR,POINT,QUINOLONE,QUINOLONE,AAF41957.1,AE002098.2,,,
parC_S87R,parC,DNA topoisomerase IV subunit A ParC,core,AMR,POINT,QUINOLONE,QUINOLONE,AAF41957.1,AE002098.2,,,
parC_S88P,parC,DNA topoisomerase IV subunit A ParC,core,AMR,POINT,QUINOLONE,QUINOLONE,AAF41957.1,AE002098.2,,,
parC_E91G,parC,DNA topoisomerase IV subunit A ParC,core,AMR,POINT,QUINOLONE,QUINOLONE,AAF41957.1,AE002098.2,15855492,,
parC_E91K,parC,DNA topoisomerase IV subunit A ParC,core,AMR,POINT,QUINOLONE,QUINOLONE,AAF41957.1,AE002098.2,15855492,,
parE_G410V,parE,DNA topoisomerase IV subunit B ParE,core,AMR,POINT,QUINOLONE,QUINOLONE,AAF42030.1,AE002098.2,,,
penA_F504L,penA,penicillin-binding protein PBP2 PenA,core,AMR,POINT,BETA-LACTAM,BETA-LACTAM,AAF40852.1,AE002098.2,17517841,,
penA_A510V,penA,penicillin-binding protein PBP2 PenA,core,AMR,POINT,BETA-LACTAM,BETA-LACTAM,AAF40852.1,AE002098.2,17517841,,
penA_I515V,penA,penicillin-binding protein PBP2 PenA,core,AMR,POINT,BETA-LACTAM,BETA-LACTAM,AAF40852.1,AE002098.2,17517841,,
penA_H541N,penA,penicillin-binding protein PBP2 PenA,core,AMR,POINT,BETA-LACTAM,BETA-LACTAM,AAF40852.1,AE002098.2,17517841,,
penA_I566V,penA,penicillin-binding protein PBP2 PenA,core,AMR,POINT,BETA-LACTAM,BETA-LACTAM,AAF40852.1,AE002098.2,17517841,,
rpoB_D543E,rpoB,DNA-directed RNA polymerase subunit beta RpoB,core,AMR,POINT,RIFAMYCIN,RIFAMPIN,QPL09597.1,CP030821.1,,,
rpoB_D543G,rpoB,DNA-directed RNA polymerase subunit beta RpoB,core,AMR,POINT,RIFAMYCIN,RIFAMPIN,QPL09597.1,CP030821.1,,,
rpoB_D543N,rpoB,DNA-directed RNA polymerase subunit beta RpoB,core,AMR,POINT,RIFAMYCIN,RIFAMPIN,QPL09597.1,CP030821.1,20606072,,
rpoB_D543V,rpoB,DNA-directed RNA polymerase subunit beta RpoB,core,AMR,POINT,RIFAMYCIN,RIFAMPIN,QPL09597.1,CP030821.1,20606072,,
rpoB_S549F,rpoB,DNA-directed RNA polymerase subunit beta RpoB,core,AMR,POINT,RIFAMYCIN,RIFAMPIN,QPL09597.1,CP030821.1,"14614066,2060607",,
rpoB_H553L,rpoB,DNA-directed RNA polymerase subunit beta RpoB,core,AMR,POINT,RIFAMYCIN,RIFAMPIN,QPL09597.1,CP030821.1,20606072,,
rpoB_H553N,rpoB,DNA-directed RNA polymerase subunit beta RpoB,core,AMR,POINT,RIFAMYCIN,RIFAMPIN,QPL09597.1,CP030821.1,"8092823,14614066,20606072",,
rpoB_H553R,rpoB,DNA-directed RNA polymerase subunit beta RpoB,core,AMR,POINT,RIFAMYCIN,RIFAMPIN,QPL09597.1,CP030821.1,"8092823,20606072",,
rpoB_H553Y,rpoB,DNA-directed RNA polymerase subunit beta RpoB,core,AMR,POINT,RIFAMYCIN,RIFAMPIN,QPL09597.1,CP030821.1,"8092823,14614066,20606072",,
rpoB_S558F,rpoB,DNA-directed RNA polymerase subunit beta RpoB,core,AMR,POINT,RIFAMYCIN,RIFAMPIN,QPL09597.1,CP030821.1,"8092823,20606072",,
rpoB_G561S,rpoB,DNA-directed RNA polymerase subunit beta RpoB,core,AMR,POINT,RIFAMYCIN,RIFAMPIN,QPL09597.1,CP030821.1,,,
amgS_V121G,amgS,two-component system sensor histidine kinase AmgS,core,AMR,POINT,AMINOGLYCOSIDE,AMIKACIN/TOBRAMYCIN,AAG08584.1,AE004091.2,"23459488,25450797,31570397",,
amgS_R182C,amgS,two-component system sensor histidine kinase AmgS,core,AMR,POINT,AMINOGLYCOSIDE,AMIKACIN/TOBRAMYCIN,AAG08584.1,AE004091.2,"23459488,254508",,
amgS_P381S,amgS,two-component system sensor histidine kinase AmgS,core,AMR,POINT,BETA-LACTAM,CARBAPENEM,AAG08584.1,AE004091.2,31570397,,
ampD_H36R,ampD,"1,6-anhydro-N-acetylmuramyl-L-alanine amidase AmpD",core,AMR,POINT,BETA-LACTAM,CEPHALOSPORIN,AAG07910.1,AE004091.2,40067045,,
ampD_Q44Ter,ampD,"1,6-anhydro-N-acetylmuramyl-L-alanine amidase AmpD",core,AMR,POINT,BETA-LACTAM,CEPHALOSPORIN,AAG07910.1,AE004091.2,"19325877,275724",,
ampD_E67Ter,ampD,"1,6-anhydro-N-acetylmuramyl-L-alanine amidase AmpD",core,AMR,POINT,BETA-LACTAM,CEPHALOSPORIN,AAG07910.1,AE004091.2,27572404,,
ampD_H77Y,ampD,"1,6-anhydro-N-acetylmuramyl-L-alanine amidase AmpD",core,AMR,POINT,BETA-LACTAM,CEPHALOSPORIN,AAG07910.1,AE004091.2,27736752,,
ampD_E108Ter,ampD,"1,6-anhydro-N-acetylmuramyl-L-alanine amidase AmpD",core,AMR,POINT,BETA-LACTAM,CEPHALOSPORIN,AAG07910.1,AE004091.2,37823665,,
ampD_S114P,ampD,"1,6-anhydro-N-acetylmuramyl-L-alanine amidase AmpD",core,AMR,POINT,BETA-LACTAM,CEPHALOSPORIN,AAG07910.1,AE004091.2,40067045,,
ampD_T139M,ampD,"1,6-anhydro-N-acetylmuramyl-L-alanine amidase AmpD",core,AMR,POINT,BETA-LACTAM,CEPHALOSPORIN,AAG07910.1,AE004091.2,27736752,,
ampD_Q155Ter,ampD,"1,6-anhydro-N-acetylmuramyl-L-alanine amidase AmpD",core,AMR,POINT,BETA-LACTAM,CEPHALOSPORIN,AAG07910.1,AE004091.2,"16251318,275724",,
ampD_H157Y,ampD,"1,6-anhydro-N-acetylmuramyl-L-alanine amidase AmpD",core,AMR,POINT,BETA-LACTAM,CEPHALOSPORIN/TAZOBACTAM,AAG07910.1,AE004091.2,37695298,,
ampR_R86C,ampR,transcriptional regulator AmpR,core,AMR,POINT,BETA-LACTAM,CEPHALOSPORIN,ABJ13379.1,CP000438.1,31355848,,
ampR_D135G,ampR,transcriptional regulator AmpR,core,AMR,POINT,BETA-LACTAM,CEPHALOSPORIN,ABJ13379.1,CP000438.1,25182487,,
ampR_D135N,ampR,transcriptional regulator AmpR,core,AMR,POINT,BETA-LACTAM,CEPHALOSPORIN,ABJ13379.1,CP000438.1,34959593,,
ampR_G154R,ampR,transcriptional regulator AmpR,core,AMR,POINT,BETA-LACTAM,CEPHALOSPORIN,ABJ13379.1,CP000438.1,23045355,,
aroB_L22P,aroB,3-dehydroquinate synthase AroB,core,AMR,POINT,BETA-LACTAM,AVIBACTAM/AZTREONAM/CARBAPENEM/VABORBACTAM,AAG08423.1,AE004091.2,40067045,,
aroB_S136L,aroB,3-dehydroquinate synthase AroB,core,AMR,POINT,BETA-LACTAM,AZTREONAM/CARBAPENEM/VABORBACTAM,AAG08423.1,AE004091.2,40067045,,
cmrA_A68V,cmrA,AraC family transcriptional regulator CmrA,core,AMR,POINT,BETA-LACTAM/PHENICOL/QUINOLONE,CHLORAMPHENICOL/IMIPENEM/QUINOLONE,BAK89871.1,AP012280.1,28507116,,
cmrA_L89Q,cmrA,AraC family transcriptional regulator CmrA,core,AMR,POINT,BETA-LACTAM/PHENICOL/QUINOLONE,CHLORAMPHENICOL/IMIPENEM/QUINOLONE,BAK89871.1,AP012280.1,28507116,,
cmrA_H204L,cmrA,AraC family transcriptional regulator CmrA,core,AMR,POINT,BETA-LACTAM/PHENICOL/QUINOLONE,CHLORAMPHENICOL/IMIPENEM/QUINOLONE,BAK89871.1,AP012280.1,28507116,,
cmrA_N214K,cmrA,AraC family transcriptional regulator CmrA,core,AMR,POINT,BETA-LACTAM/PHENICOL/QUINOLONE,CHLORAMPHENICOL/IMIPENEM/QUINOLONE,BAK89871.1,AP012280.1,28507116,,
colR_D32N,colR,response regulator transcription factor ColR,core,AMR,POINT,COLISTIN,COLISTIN,AAG07769.1,AE004091.2,23459479,,
colS_A106V,colS,HAMP domain-containing sensor histidine kinase ColS,core,AMR,POINT,COLISTIN,COLISTIN,AAG07768.1,AE004091.2,23459479,,
cprS_R241C,cprS,cationic peptide sensor histidine kinase CprS,core,AMR,POINT,COLISTIN,COLISTIN,AAG06466.1,AE004091.2,23459479,,
cpxR_L16Q,cpxR,two-component response regulator CpxR,core,AMR,POINT,BETA-LACTAM,CARBAPENEM/VABORBACTAM,AAG06592.1,AE004091.2,40067045,,
czcS_V194L,czcS,sensor histidine kinase CzcS,core,AMR,POINT,BETA-LACTAM,CARBAPENEM,AAG05912.1,AE004091.2,14679195,,
dacB_W92R,dacB,D-alanyl-D-alanine carboxypeptidase/D-alanyl-D-alanine endopeptidase DacB,core,AMR,POINT,BETA-LACTAM,CEPHALOSPORIN,AAG06435.1,AE004091.2,40067045,,
dacB_L145P,dacB,D-alanyl-D-alanine carboxypeptidase/D-alanyl-D-alanine endopeptidase DacB,core,AMR,POINT,BETA-LACTAM,CEPHALOSPORIN,AAG06435.1,AE004091.2,39873500,,
dacB_L204P,dacB,D-alanyl-D-alanine carboxypeptidase/D-alanyl-D-alanine endopeptidase DacB,core,AMR,POINT,BETA-LACTAM,CEPHALOSPORIN,AAG06435.1,AE004091.2,40067045,,
dacB_N317H,dacB,D-alanyl-D-alanine carboxypeptidase/D-alanyl-D-alanine endopeptidase DacB,core,AMR,POINT,BETA-LACTAM,AZTREONAM/CEFTAZIDIME-AVIBACTAM/CEPHALOSPORIN,AAG06435.1,AE004091.2,40067045,,
dacB_I356A,dacB,D-alanyl-D-alanine carboxypeptidase/D-alanyl-D-alanine endopeptidase DacB,core,AMR,POINT,BETA-LACTAM,CEPHALOSPORIN,AAG06435.1,AE004091.2,36918743,,
dacB_L402P,dacB,D-alanyl-D-alanine carboxypeptidase/D-alanyl-D-alanine endopeptidase DacB,core,AMR,POINT,BETA-LACTAM,CEPHALOSPORIN,AAG06435.1,AE004091.2,40067045,,
dacB_T428P,dacB,D-alanyl-D-alanine carboxypeptidase/D-alanyl-D-alanine endopeptidase DacB,core,AMR,POINT,BETA-LACTAM,CEPHALOSPORIN,AAG06435.1,AE004091.2,"30189050,3281497",,
dacB_G437D,dacB,D-alanyl-D-alanine carboxypeptidase/D-alanyl-D-alanine endopeptidase DacB,core,AMR,POINT,BETA-LACTAM,CEPHALOSPORIN,AAG06435.1,AE004091.2,30189050,,
dacB_W459Ter,dacB,D-alanyl-D-alanine carboxypeptidase/D-alanyl-D-alanine endopeptidase DacB,core,AMR,POINT,BETA-LACTAM,CEPHALOSPORIN,AAG06435.1,AE004091.2,30189050,,
ftsI_G63S,ftsI,penicillin-binding protein PBP3 FtsI,core,AMR,POINT,BETA-LACTAM,CARBAPENEM,AAG07806.1,AE004091.2,28273168,,
ftsI_Y367C,ftsI,penicillin-binding protein PBP3 FtsI,core,AMR,POINT,BETA-LACTAM,CARBAPENEM,AAG07806.1,AE004091.2,32071060,,
ftsI_S368L,ftsI,penicillin-binding protein PBP3 FtsI,core,AMR,POINT,BETA-LACTAM,CARBAPENEM,AAG07806.1,AE004091.2,30664925,,
ftsI_H394R,ftsI,penicillin-binding protein PBP3 FtsI,core,AMR,POINT,BETA-LACTAM,CARBAPENEM,AAG07806.1,AE004091.2,32071060,,
ftsI_A419G,ftsI,penicillin-binding protein PBP3 FtsI,core,AMR,POINT,BETA-LACTAM,CARBAPENEM,AAG07806.1,AE004091.2,30664925,,
ftsI_N427L,ftsI,penicillin-binding protein PBP3 FtsI,core,AMR,POINT,BETA-LACTAM,CARBAPENEM,AAG07806.1,AE004091.2,30664925,,
ftsI_N427S,ftsI,penicillin-binding protein PBP3 FtsI,core,AMR,POINT,BETA-LACTAM,CARBAPENEM,AAG07806.1,AE004091.2,32071060,,
ftsI_L434V,ftsI,penicillin-binding protein PBP3 FtsI,core,AMR,POINT,BETA-LACTAM,CARBAPENEM,AAG07806.1,AE004091.2,30664925,,
ftsI_A454V,ftsI,penicillin-binding protein PBP3 FtsI,core,AMR,POINT,BETA-LACTAM,CARBAPENEM,AAG07806.1,AE004091.2,30664925,,
ftsI_Q458R,ftsI,penicillin-binding protein PBP3 FtsI,core,AMR,POINT,BETA-LACTAM,CARBAPENEM,AAG07806.1,AE004091.2,32071060,,
ftsI_L461V,ftsI,penicillin-binding protein PBP3 FtsI,core,AMR,POINT,BETA-LACTAM,CARBAPENEM,AAG07806.1,AE004091.2,30664925,,
ftsI_V471G,ftsI,penicillin-binding protein PBP3 FtsI,core,AMR,POINT,BETA-LACTAM,CARBAPENEM,AAG07806.1,AE004091.2,31570397,,
ftsI_Q475R,ftsI,penicillin-binding protein PBP3 FtsI,core,AMR,POINT,BETA-LACTAM,CARBAPENEM,AAG07806.1,AE004091.2,32071060,,
ftsI_R504C,ftsI,penicillin-binding protein PBP3 FtsI,core,AMR,POINT,BETA-LACTAM,CARBAPENEM,AAG07806.1,AE004091.2,"27736752,3066492",,
ftsI_R504L,ftsI,penicillin-binding protein PBP3 FtsI,core,AMR,POINT,BETA-LACTAM,CARBAPENEM,AAG07806.1,AE004091.2,32071060,,
ftsI_F507L,ftsI,penicillin-binding protein PBP3 FtsI,core,AMR,POINT,BETA-LACTAM,CARBAPENEM,AAG07806.1,AE004091.2,30664925,,
ftsI_V523A,ftsI,penicillin-binding protein PBP3 FtsI,core,AMR,POINT,BETA-LACTAM,CARBAPENEM,AAG07806.1,AE004091.2,32071060,,
ftsI_V523M,ftsI,penicillin-binding protein PBP3 FtsI,core,AMR,POINT,BETA-LACTAM,CARBAPENEM,AAG07806.1,AE004091.2,32071060,,
ftsI_P527S,ftsI,penicillin-binding protein PBP3 FtsI,core,AMR,POINT,BETA-LACTAM,CARBAPENEM,AAG07806.1,AE004091.2,28717172,,
ftsI_F533L,ftsI,penicillin-binding protein PBP3 FtsI,core,AMR,POINT,BETA-LACTAM,CARBAPENEM,AAG07806.1,AE004091.2,"21135211,32071060,37823665",,
ftsI_S538L,ftsI,penicillin-binding protein PBP3 FtsI,core,AMR,POINT,BETA-LACTAM,CARBAPENEM,AAG07806.1,AE004091.2,30664925,,
ftsI_A539T,ftsI,penicillin-binding protein PBP3 FtsI,core,AMR,POINT,BETA-LACTAM,CARBAPENEM,AAG07806.1,AE004091.2,26729493,,
fusA1_I61M,fusA1,elongation factor G FusA1,core,AMR,POINT,AMINOGLYCOSIDE,AMIKACIN/TOBRAMYCIN,AAG07654.1,AE004091.2,29437613,,
fusA1_E100G,fusA1,elongation factor G FusA1,core,AMR,POINT,AMINOGLYCOSIDE,AMIKACIN/TOBRAMYCIN,AAG07654.1,AE004091.2,31570397,,
fusA1_R371C,fusA1,elongation factor G FusA1,core,AMR,POINT,AMINOGLYCOSIDE,AMIKACIN/TOBRAMYCIN,AAG07654.1,AE004091.2,29133559,,
fusA1_L438Q,fusA1,elongation factor G FusA1,core,AMR,POINT,AMINOGLYCOSIDE,AMIKACIN/TOBRAMYCIN,AAG07654.1,AE004091.2,31570397,,
fusA1_Q455R,fusA1,elongation factor G FusA1,core,AMR,POINT,AMINOGLYCOSIDE,AMIKACIN/TOBRAMYCIN,AAG07654.1,AE004091.2,31570397,,
fusA1_T456A,fusA1,elongation factor G FusA1,core,AMR,POINT,AMINOGLYCOSIDE,AMIKACIN,AAG07654.1,AE004091.2,29133559,,
fusA1_L464V,fusA1,elongation factor G FusA1,core,AMR,POINT,AMINOGLYCOSIDE,AMIKACIN/TOBRAMYCIN,AAG07654.1,AE004091.2,32660986,,
fusA1_K504Q,fusA1,elongation factor G FusA1,core,AMR,POINT,AMINOGLYCOSIDE,AMIKACIN/TOBRAMYCIN,AAG07654.1,AE004091.2,28717172,,
fusA1_G545D,fusA1,elongation factor G FusA1,core,AMR,POINT,AMINOGLYCOSIDE,TOBRAMYCIN,AAG07654.1,AE004091.2,35766499,,
fusA1_Y552C,fusA1,elongation factor G FusA1,core,AMR,POINT,AMINOGLYCOSIDE,AMIKACIN,AAG07654.1,AE004091.2,28717172,,
fusA1_P554L,fusA1,elongation factor G FusA1,core,AMR,POINT,AMINOGLYCOSIDE,AMIKACIN/TOBRAMYCIN,AAG07654.1,AE004091.2,28717172,,
fusA1_A555E,fusA1,elongation factor G FusA1,core,AMR,POINT,AMINOGLYCOSIDE,AMIKACIN/TOBRAMYCIN,AAG07654.1,AE004091.2,29133559,,
fusA1_N592I,fusA1,elongation factor G FusA1,core,AMR,POINT,AMINOGLYCOSIDE,AMIKACIN/TOBRAMYCIN,AAG07654.1,AE004091.2,"27139485,2913356",,
fusA1_A595P,fusA1,elongation factor G FusA1,core,AMR,POINT,AMINOGLYCOSIDE,TOBRAMYCIN,AAG07654.1,AE004091.2,29133559,,
fusA1_P618L,fusA1,elongation factor G FusA1,core,AMR,POINT,AMINOGLYCOSIDE,TOBRAMYCIN,AAG07654.1,AE004091.2,28717172,,
fusA1_T671A,fusA1,elongation factor G FusA1,core,AMR,POINT,AMINOGLYCOSIDE,AMIKACIN/TOBRAMYCIN,AAG07654.1,AE004091.2,29133559,,
fusA1_T671I,fusA1,elongation factor G FusA1,core,AMR,POINT,AMINOGLYCOSIDE,AMIKACIN/TOBRAMYCIN,AAG07654.1,AE004091.2,28717172,,
fusA1_Q678L,fusA1,elongation factor G FusA1,core,AMR,POINT,AMINOGLYCOSIDE,AMIKACIN/TOBRAMYCIN,AAG07654.1,AE004091.2,31570397,,
fusA1_R680C,fusA1,elongation factor G FusA1,core,AMR,POINT,AMINOGLYCOSIDE,AMIKACIN/TOBRAMYCIN,AAG07654.1,AE004091.2,31570397,,
galU_R101C,galU,UTP--glucose-1-phosphate uridylyltransferase GalU,core,AMR,POINT,BETA-LACTAM,CEPHALOSPORIN,AAG05411.1,AE004091.2,40067045,,
glpT_T211P,glpT,glycerol-3-phosphate transporter GlpT,core,AMR,POINT,FOSFOMYCIN,FOSFOMYCIN,AAG08620.1,AE004091.2,27736752,,
gyrA_D72G,gyrA,DNA gyrase subunit A GyrA,core,AMR,POINT,QUINOLONE,QUINOLONE,QKK84924.1,CP050052.1,15917569,,
gyrA_H80R,gyrA,DNA gyrase subunit A GyrA,core,AMR,POINT,QUINOLONE,QUINOLONE,QKK84924.1,CP050052.1,22821356,,
gyrA_G81C,gyrA,DNA gyrase subunit A GyrA,core,AMR,POINT,QUINOLONE,QUINOLONE,QKK84924.1,CP050052.1,31570397,,
gyrA_G81D,gyrA,DNA gyrase subunit A GyrA,core,AMR,POINT,QUINOLONE,QUINOLONE,QKK84924.1,CP050052.1,29681898,,
gyrA_T83A,gyrA,DNA gyrase subunit A GyrA,core,AMR,POINT,QUINOLONE,QUINOLONE,QKK84924.1,CP050052.1,23274661,,
gyrA_T83I,gyrA,DNA gyrase subunit A GyrA,core,AMR,POINT,QUINOLONE,QUINOLONE,QKK84924.1,CP050052.1,"8540700,33875431",,
gyrA_Y86N,gyrA,DNA gyrase subunit A GyrA,core,AMR,POINT,QUINOLONE,QUINOLONE,QKK84924.1,CP050052.1,29681898,,
gyrA_D87G,gyrA,DNA gyrase subunit A GyrA,core,AMR,POINT,QUINOLONE,QUINOLONE,QKK84924.1,CP050052.1,8540700,,
gyrA_D87H,gyrA,DNA gyrase subunit A GyrA,core,AMR,POINT,QUINOLONE,QUINOLONE,QKK84924.1,CP050052.1,8540700,,
gyrA_D87N,gyrA,DNA gyrase subunit A GyrA,core,AMR,POINT,QUINOLONE,QUINOLONE,QKK84924.1,CP050052.1,8540700,,
gyrA_D87Y,gyrA,DNA gyrase subunit A GyrA,core,AMR,POINT,QUINOLONE,QUINOLONE,QKK84924.1,CP050052.1,12727072,,
gyrA_Q106L,gyrA,DNA gyrase subunit A GyrA,core,AMR,POINT,QUINOLONE,QUINOLONE,QKK84924.1,CP050052.1,29681898,,
gyrB_A372L,gyrB,DNA topoisomerase (ATP-hydrolyzing) subunit B GyrB,core,AMR,POINT,QUINOLONE,QUINOLONE,AAG03394.1,AE004091.2,30804676,,
gyrB_A372V,gyrB,DNA topoisomerase (ATP-hydrolyzing) subunit B GyrB,core,AMR,POINT,QUINOLONE,QUINOLONE,AAG03394.1,AE004091.2,30804676,,
gyrB_I424L,gyrB,DNA topoisomerase (ATP-hydrolyzing) subunit B GyrB,core,AMR,POINT,QUINOLONE,QUINOLONE,AAG03394.1,AE004091.2,30804676,,
gyrB_L464I,gyrB,DNA topoisomerase (ATP-hydrolyzing) subunit B GyrB,core,AMR,POINT,QUINOLONE,QUINOLONE,AAG03394.1,AE004091.2,30804676,,
gyrB_S466F,gyrB,DNA topoisomerase (ATP-hydrolyzing) subunit B GyrB,core,AMR,POINT,QUINOLONE,QUINOLONE,AAG03394.1,AE004091.2,23274661,,
gyrB_S466Y,gyrB,DNA topoisomerase (ATP-hydrolyzing) subunit B GyrB,core,AMR,POINT,QUINOLONE,QUINOLONE,AAG03394.1,AE004091.2,23274661,,
gyrB_E468D,gyrB,DNA topoisomerase (ATP-hydrolyzing) subunit B GyrB,core,AMR,POINT,QUINOLONE,QUINOLONE,AAG03394.1,AE004091.2,"15917569,23274661,27139485",,
gyrB_E468H,gyrB,DNA topoisomerase (ATP-hydrolyzing) subunit B GyrB,core,AMR,POINT,QUINOLONE,QUINOLONE,AAG03394.1,AE004091.2,23274661,,
gyrB_E483D,gyrB,DNA topoisomerase (ATP-hydrolyzing) subunit B GyrB,core,AMR,POINT,QUINOLONE,QUINOLONE,AAG03394.1,AE004091.2,30804676,,
mexB_V45L,mexB,multidrug efflux RND transporter permease subunit MexB,core,AMR,POINT,BETA-LACTAM/QUINOLONE/TETRACYCLINE,BETA-LACTAM/QUINOLONE/TETRACYCLINE,AAG03815.1,AE004091.2,27736752,,
mexB_R620C,mexB,multidrug efflux RND transporter permease subunit MexB,core,AMR,POINT,BETA-LACTAM,CARBAPENEM/VABORBACTAM,AAG03815.1,AE004091.2,40067045,,
mexD_S133G,mexD,multidrug efflux RND transporter permease subunit MexD,core,AMR,POINT,AZABICYCLOALKANE,AVIBACTAM,AAG07986.1,AE004091.2,34060900,,
mexD_Q178R,mexD,multidrug efflux RND transporter permease subunit MexD,core,AMR,POINT,AZABICYCLOALKANE,AVIBACTAM,AAG07986.1,AE004091.2,34060900,,
mexR_Y3Ter,mexR,effux pump transcriptional repressor MexR,core,AMR,POINT,MULTIDRUG,AZTREONAM-AVIBACTAM/CARBAPENEM/CEPHALOSPORIN/CHLORAMPHENICOL/VABORBACTAM,AAG03813.1,AE004091.2,40067045,,
mexR_Q31Ter,mexR,effux pump transcriptional repressor MexR,core,AMR,POINT,MULTIDRUG,AZTREONAM-AVIBACTAM/CARBAPENEM/CEPHALOSPORIN/CHLORAMPHENICOL/VABORBACTAM,AAG03813.1,AE004091.2,37823665,,
mexR_P37R,mexR,effux pump transcriptional repressor MexR,core,AMR,POINT,BETA-LACTAM,CARBAPENEM,AAG03813.1,AE004091.2,27060003,,
mexR_Q49Ter,mexR,effux pump transcriptional repressor MexR,core,AMR,POINT,MULTIDRUG,AZTREONAM-AVIBACTAM/CARBAPENEM/CEPHALOSPORIN/CHLORAMPHENICOL/VABORBACTAM,AAG03813.1,AE004091.2,37823665,,
mexR_L57P,mexR,effux pump transcriptional repressor MexR,core,AMR,POINT,MULTIDRUG,AZTREONAM-AVIBACTAM/CARBAPENEM/CEPHALOSPORIN/CHLORAMPHENICOL/VABORBACTAM,AAG03813.1,AE004091.2,14526032,,
mexR_L57Q,mexR,effux pump transcriptional repressor MexR,core,AMR,POINT,MULTIDRUG,AZTREONAM-AVIBACTAM/CARBAPENEM/CEPHALOSPORIN/CHLORAMPHENICOL/VABORBACTAM,AAG03813.1,AE004091.2,40067045,,
mexR_C62Ter,mexR,effux pump transcriptional repressor MexR,core,AMR,POINT,MULTIDRUG,AZTREONAM-AVIBACTAM/CARBAPENEM/CEPHALOSPORIN/CHLORAMPHENICOL/VABORBACTAM,AAG03813.1,AE004091.2,40067045,,
mexR_R70Q,mexR,effux pump transcriptional repressor MexR,core,AMR,POINT,MULTIDRUG,AZTREONAM-AVIBACTAM/CARBAPENEM/CEPHALOSPORIN/CHLORAMPHENICOL/VABORBACTAM,AAG03813.1,AE004091.2,34248872,,
mexR_R83C,mexR,effux pump transcriptional repressor MexR,core,AMR,POINT,MULTIDRUG,AZTREONAM-AVIBACTAM/CARBAPENEM/CEPHALOSPORIN/CHLORAMPHENICOL/VABORBACTAM,AAG03813.1,AE004091.2,20194693,,
mexR_D89N,mexR,effux pump transcriptional repressor MexR,core,AMR,POINT,MULTIDRUG,AZTREONAM-AVIBACTAM/CARBAPENEM/CEPHALOSPORIN/CHLORAMPHENICOL/VABORBACTAM,AAG03813.1,AE004091.2,40067045,,
mexR_Q94Ter,mexR,effux pump transcriptional repressor MexR,core,AMR,POINT,MULTIDRUG,AZTREONAM-AVIBACTAM/CARBAPENEM/CEPHALOSPORIN/CHLORAMPHENICOL/VABORBACTAM,AAG03813.1,AE004091.2,36918743,,
mexR_G101E,mexR,effux pump transcriptional repressor MexR,core,AMR,POINT,MULTIDRUG,AZTREONAM-AVIBACTAM/CARBAPENEM/CEPHALOSPORIN/CHLORAMPHENICOL/VABORBACTAM,AAG03813.1,AE004091.2,40067045,,
mexR_Q106Ter,mexR,effux pump transcriptional repressor MexR,core,AMR,POINT,MULTIDRUG,AZTREONAM-AVIBACTAM/CARBAPENEM/CEPHALOSPORIN/CHLORAMPHENICOL/VABORBACTAM,AAG03813.1,AE004091.2,,,
mexR_E109Ter,mexR,effux pump transcriptional repressor MexR,core,AMR,POINT,MULTIDRUG,AZTREONAM-AVIBACTAM/CARBAPENEM/CEPHALOSPORIN/CHLORAMPHENICOL/VABORBACTAM,AAG03813.1,AE004091.2,40067045,,
mexR_T130P,mexR,effux pump transcriptional repressor MexR,core,AMR,POINT,MULTIDRUG,AZTREONAM-AVIBACTAM/CARBAPENEM/CEPHALOSPORIN/CHLORAMPHENICOL/VABORBACTAM,AAG03813.1,AE004091.2,40067045,,
mexR_Q137H,mexR,effux pump transcriptional repressor MexR,core,AMR,POINT,BETA-LACTAM,CARBAPENEM,AAG03813.1,AE004091.2,27060003,,
mexR_Q137P,mexR,effux pump transcriptional repressor MexR,core,AMR,POINT,BETA-LACTAM,CARBAPENEM,AAG03813.1,AE004091.2,27060003,,
mexR_C138A,mexR,effux pump transcriptional repressor MexR,core,AMR,POINT,BETA-LACTAM,CARBAPENEM,AAG03813.1,AE004091.2,27060003,,
mexR_C138G,mexR,effux pump transcriptional repressor MexR,core,AMR,POINT,BETA-LACTAM,CARBAPENEM,AAG03813.1,AE004091.2,27060003,,
mexT_G300S,mexT,LysR substrate-binding domain-containing protein MexT,core,AMR,POINT,PHENICOL/QUINOLONE/TRIMETHOPRIM,CHLORAMPHENICOL/QUINOLONE/TRIMETHOPRIM,AAG05880.1,AE004091.2,29530852,,
mexY_G287S,mexY,multidrug efflux RND transporter permease subunit MexY,core,AMR,POINT,BETA-LACTAM,CEPHALOSPORIN,AAG05406.1,AE004091.2,40067045,,
mexZ_E8Ter,mexZ,efflux pump transcriptional repressor MexZ,core,AMR,POINT,AMINOGLYCOSIDE/BETA-LACTAM/QUINOLONE,AMINOGLYCOSIDE/CEFEPIME/FLUOROQUINOLONE,AAG05408.1,AE004091.2,"11083635,2414554",,
mexZ_Q10Ter,mexZ,efflux pump transcriptional repressor MexZ,core,AMR,POINT,AMINOGLYCOSIDE/BETA-LACTAM/QUINOLONE,AMINOGLYCOSIDE/CEFEPIME/FLUOROQUINOLONE,AAG05408.1,AE004091.2,"11083635,15105137,24145539",,
mexZ_V43A,mexZ,efflux pump transcriptional repressor MexZ,core,AMR,POINT,AMINOGLYCOSIDE/BETA-LACTAM/QUINOLONE,AMINOGLYCOSIDE/CEFEPIME/FLUOROQUINOLONE,AAG05408.1,AE004091.2,"11083635,15105137,24145539",,
mexZ_G46S,mexZ,efflux pump transcriptional repressor MexZ,core,AMR,POINT,AMINOGLYCOSIDE/BETA-LACTAM/QUINOLONE,AMINOGLYCOSIDE/CEFEPIME/FLUOROQUINOLONE,AAG05408.1,AE004091.2,"11083635,15105137,24145539",,
mexZ_Q69Ter,mexZ,efflux pump transcriptional repressor MexZ,core,AMR,POINT,AMINOGLYCOSIDE/BETA-LACTAM/QUINOLONE,AMINOGLYCOSIDE/CEFEPIME/FLUOROQUINOLONE,AAG05408.1,AE004091.2,"11083635,2414554",,
mexZ_Q95Ter,mexZ,efflux pump transcriptional repressor MexZ,core,AMR,POINT,AMINOGLYCOSIDE/BETA-LACTAM/QUINOLONE,AMINOGLYCOSIDE/CEFEPIME/FLUOROQUINOLONE,AAG05408.1,AE004091.2,"11083635,2414554",,
mexZ_Q103Ter,mexZ,efflux pump transcriptional repressor MexZ,core,AMR,POINT,AMINOGLYCOSIDE/BETA-LACTAM/QUINOLONE,AMINOGLYCOSIDE/CEFEPIME/FLUOROQUINOLONE,AAG05408.1,AE004091.2,"11083635,2414554",,
mexZ_Q134Ter,mexZ,efflux pump transcriptional repressor MexZ,core,AMR,POINT,AMINOGLYCOSIDE/BETA-LACTAM/QUINOLONE,AMINOGLYCOSIDE/CEFEPIME/FLUOROQUINOLONE,AAG05408.1,AE004091.2,"11083635,2414554",,
mexZ_W167Ter,mexZ,efflux pump transcriptional repressor MexZ,core,AMR,POINT,AMINOGLYCOSIDE/BETA-LACTAM/QUINOLONE,AMINOGLYCOSIDE/CEFEPIME/FLUOROQUINOLONE,AAG05408.1,AE004091.2,"11083635,2414554",,
mexZ_G195E,mexZ,efflux pump transcriptional repressor MexZ,core,AMR,POINT,AMINOGLYCOSIDE/BETA-LACTAM/QUINOLONE,AMINOGLYCOSIDE/CEFEPIME/FLUOROQUINOLONE,AAG05408.1,AE004091.2,"11083635,2414554",,
nalC_K58E,nalC,efflux system transcriptional repressor NalC,core,AMR,POINT,BETA-LACTAM,CARBAPENEM,AAG07108.1,AE004091.2,32071060,,
nalC_G71E,nalC,efflux system transcriptional repressor NalC,core,AMR,POINT,BETA-LACTAM,CARBAPENEM,AAG07108.1,AE004091.2,27060003,,
nalC_G125D,nalC,efflux system transcriptional repressor NalC,core,AMR,POINT,BETA-LACTAM,AZTREONAM,AAG07108.1,AE004091.2,40067045,,
nalC_S127P,nalC,efflux system transcriptional repressor NalC,core,AMR,POINT,BETA-LACTAM,CARBAPENEM,AAG07108.1,AE004091.2,15387820,,
nalC_S209R,nalC,efflux system transcriptional repressor NalC,core,AMR,POINT,BETA-LACTAM,CARBAPENEM,AAG07108.1,AE004091.2,27060003,,
nalD_T11N,nalD,efflux system transcriptional repressor NalD,core,AMR,POINT,MULTIDRUG,AZTREONAM/CARBAPENEM/CHLORAMPHENICOL/TETRACYCLINE/VABORBACTAM,AAG06962.1,AE004091.2,40067045,,
nalD_G45D,nalD,efflux system transcriptional repressor NalD,core,AMR,POINT,MULTIDRUG,AZTREONAM/CARBAPENEM/CHLORAMPHENICOL/TETRACYCLINE/VABORBACTAM,AAG06962.1,AE004091.2,40067045,,
nalD_Q114Ter,nalD,efflux system transcriptional repressor NalD,core,AMR,POINT,MULTIDRUG,AZTREONAM/CARBAPENEM/CHLORAMPHENICOL/TETRACYCLINE/VABORBACTAM,AAG06962.1,AE004091.2,37823665,,
nalD_T158I,nalD,efflux system transcriptional repressor NalD,core,AMR,POINT,MULTIDRUG,AZTREONAM/CARBAPENEM/CHLORAMPHENICOL/TETRACYCLINE/VABORBACTAM,AAG06962.1,AE004091.2,27060003,,
nalD_F198L,nalD,efflux system transcriptional repressor NalD,core,AMR,POINT,MULTIDRUG,AZTREONAM/CARBAPENEM/CHLORAMPHENICOL/TETRACYCLINE/VABORBACTAM,AAG06962.1,AE004091.2,31860667,,
nfxB_A38G,nfxB,efflux pump transcriptional repressor NfxB,core,AMR,POINT,QUINOLONE,QUINOLONE,AAG07988.1,AE004091.2,12727072,,
nfxB_T39P,nfxB,efflux pump transcriptional repressor NfxB,core,AMR,POINT,QUINOLONE,QUINOLONE,AAG07988.1,AE004091.2,33875431,,
nfxB_R42G,nfxB,efflux pump transcriptional repressor NfxB,core,AMR,POINT,QUINOLONE,QUINOLONE,AAG07988.1,AE004091.2,1330820,,
nfxB_R42H,nfxB,efflux pump transcriptional repressor NfxB,core,AMR,POINT,COLISTIN,COLISTIN,AAG07988.1,AE004091.2,11158736,,
oprD_W6Ter,oprD,outer membrane porin OprD,core,AMR,POINT,BETA-LACTAM,CARBAPENEM,AAG04347.1,AE004091.2,37823665,,
oprD_L11P,oprD,outer membrane porin OprD,core,AMR,POINT,BETA-LACTAM,CARBAPENEM,AAG04347.1,AE004091.2,12534469,,
oprD_E32Ter,oprD,outer membrane porin OprD,core,AMR,POINT,BETA-LACTAM,CARBAPENEM,AAG04347.1,AE004091.2,37823665,,
oprD_W65Ter,oprD,outer membrane porin OprD,core,AMR,POINT,BETA-LACTAM,CARBAPENEM,AAG04347.1,AE004091.2,"35638817,3782367",,
oprD_W138Ter,oprD,outer membrane porin OprD,core,AMR,POINT,BETA-LACTAM,CARBAPENEM,AAG04347.1,AE004091.2,"27736752,3782366",,
oprD_E140Ter,oprD,outer membrane porin OprD,core,AMR,POINT,BETA-LACTAM,CARBAPENEM,AAG04347.1,AE004091.2,37823665,,
oprD_Q142Ter,oprD,outer membrane porin OprD,core,AMR,POINT,BETA-LACTAM,CARBAPENEM,AAG04347.1,AE004091.2,"27736752,29681898,37823665",,
oprD_Q158Ter,oprD,outer membrane porin OprD,core,AMR,POINT,BETA-LACTAM,CARBAPENEM,AAG04347.1,AE004091.2,37823665,,
oprD_Q164Ter,oprD,outer membrane porin OprD,core,AMR,POINT,BETA-LACTAM,CARBAPENEM,AAG04347.1,AE004091.2,37823665,,
oprD_E176Ter,oprD,outer membrane porin OprD,core,AMR,POINT,BETA-LACTAM,CARBAPENEM,AAG04347.1,AE004091.2,33775602,,
oprD_E185Ter,oprD,outer membrane porin OprD,core,AMR,POINT,BETA-LACTAM,CARBAPENEM,AAG04347.1,AE004091.2,37823665,,
oprD_Y196Ter,oprD,outer membrane porin OprD,core,AMR,POINT,BETA-LACTAM,CARBAPENEM,AAG04347.1,AE004091.2,37823665,,
oprD_S223P,oprD,outer membrane porin OprD,core,AMR,POINT,BETA-LACTAM,CARBAPENEM,AAG04347.1,AE004091.2,31570397,,
oprD_Q250Ter,oprD,outer membrane porin OprD,core,AMR,POINT,BETA-LACTAM,CARBAPENEM,AAG04347.1,AE004091.2,33775602,,
oprD_S251Ter,oprD,outer membrane porin OprD,core,AMR,POINT,BETA-LACTAM,CARBAPENEM,AAG04347.1,AE004091.2,"31570397,3782366",,
oprD_E264Ter,oprD,outer membrane porin OprD,core,AMR,POINT,BETA-LACTAM,CARBAPENEM,AAG04347.1,AE004091.2,28717172,,
oprD_W277Ter,oprD,outer membrane porin OprD,core,AMR,POINT,BETA-LACTAM,CARBAPENEM,AAG04347.1,AE004091.2,"26729493,3782366",,
oprD_S278P,oprD,outer membrane porin OprD,core,AMR,POINT,BETA-LACTAM,CARBAPENEM,AAG04347.1,AE004091.2,37823665,,
oprD_Y283Ter,oprD,outer membrane porin OprD,core,AMR,POINT,BETA-LACTAM,CARBAPENEM,AAG04347.1,AE004091.2,35638817,,
oprD_G307D,oprD,outer membrane porin OprD,core,AMR,POINT,BETA-LACTAM,CARBAPENEM,AAG04347.1,AE004091.2,40067045,,
oprD_G317R,oprD,outer membrane porin OprD,core,AMR,POINT,BETA-LACTAM,CARBAPENEM,AAG04347.1,AE004091.2,31570397,,
oprD_S319Ter,oprD,outer membrane porin OprD,core,AMR,POINT,BETA-LACTAM,CARBAPENEM,AAG04347.1,AE004091.2,33775602,,
oprD_Q327Ter,oprD,outer membrane porin OprD,core,AMR,POINT,BETA-LACTAM,CARBAPENEM,AAG04347.1,AE004091.2,37823665,,
oprD_P334S,oprD,outer membrane porin OprD,core,AMR,POINT,BETA-LACTAM,CARBAPENEM,AAG04347.1,AE004091.2,40067045,,
oprD_W339Ter,oprD,outer membrane porin OprD,core,AMR,POINT,BETA-LACTAM,CARBAPENEM,AAG04347.1,AE004091.2,"35638817,3782367",,
oprD_Q340Ter,oprD,outer membrane porin OprD,core,AMR,POINT,BETA-LACTAM,CARBAPENEM,AAG04347.1,AE004091.2,40067045,,
oprD_V359L,oprD,outer membrane porin OprD,core,AMR,POINT,BETA-LACTAM,CARBAPENEM,AAG04347.1,AE004091.2,37823665,,
oprD_E386Ter,oprD,outer membrane porin OprD,core,AMR,POINT,BETA-LACTAM,CARBAPENEM,AAG04347.1,AE004091.2,37823665,,
oprD_Q415Ter,oprD,outer membrane porin OprD,core,AMR,POINT,BETA-LACTAM,CARBAPENEM,AAG04347.1,AE004091.2,37823665,,
oprD_W417Ter,oprD,outer membrane porin OprD,core,AMR,POINT,BETA-LACTAM,CARBAPENEM,AAG04347.1,AE004091.2,37823665,,
oprD_Q424Ter,oprD,outer membrane porin OprD,core,AMR,POINT,BETA-LACTAM,CARBAPENEM,AAG04347.1,AE004091.2,37823665,,
oprD_Q429Ter,oprD,outer membrane porin OprD,core,AMR,POINT,BETA-LACTAM,CARBAPENEM,AAG04347.1,AE004091.2,37823665,,
parC_S87L,parC,DNA topoisomerase IV subunit A ParC,core,AMR,POINT,QUINOLONE,QUINOLONE,AAG08349.1,AE004091.2,31685471,,
parC_S87W,parC,DNA topoisomerase IV subunit A ParC,core,AMR,POINT,QUINOLONE,QUINOLONE,AAG08349.1,AE004091.2,29681898,,
parE_M437I,parE,DNA topoisomerase IV subunit B ParE,core,AMR,POINT,QUINOLONE,QUINOLONE,AAG08352.1,AE004091.2,23274661,,
parE_S457G,parE,DNA topoisomerase IV subunit B ParE,core,AMR,POINT,QUINOLONE,QUINOLONE,AAG08352.1,AE004091.2,29681898,,
parE_S457T,parE,DNA topoisomerase IV subunit B ParE,core,AMR,POINT,QUINOLONE,QUINOLONE,AAG08352.1,AE004091.2,29681898,,
parE_E459D,parE,DNA topoisomerase IV subunit B ParE,core,AMR,POINT,QUINOLONE,QUINOLONE,AAG08352.1,AE004091.2,29681898,,
parE_E459L,parE,DNA topoisomerase IV subunit B ParE,core,AMR,POINT,QUINOLONE,QUINOLONE,AAG08352.1,AE004091.2,29681898,,
parE_A473V,parE,DNA topoisomerase IV subunit B ParE,core,AMR,POINT,QUINOLONE,QUINOLONE,AAG08352.1,AE004091.2,23274661,,
parR_M59I,parR,two-component response regulator ParR,core,AMR,POINT,COLISTIN,COLISTIN,AAG05188.1,AE004091.2,21149619,,
parS_L14Q,parS,sensor histidine kinase ParS,core,AMR,POINT,BETA-LACTAM,CARBAPENEM,AAG05187.1,AE004091.2,21149619,,
parS_V295L,parS,sensor histidine kinase ParS,core,AMR,POINT,COLISTIN,COLISTIN,AAG05187.1,AE004091.2,24994873,,
parS_A296P,parS,sensor histidine kinase ParS,core,AMR,POINT,COLISTIN,COLISTIN,AAG05187.1,AE004091.2,24994873,,
parS_G361R,parS,sensor histidine kinase ParS,core,AMR,POINT,COLISTIN,COLISTIN,AAG05187.1,AE004091.2,23997018,,
phoP_A110V,phoP,two-component system response regulator PhoP,core,AMR,POINT,COLISTIN,COLISTIN,AAG04568.1,AE004091.2,24412662,,
phoP_R117L,phoP,two-component system response regulator PhoP,core,AMR,POINT,COLISTIN,COLISTIN,AAG04568.1,AE004091.2,24412662,,
phoP_N188H,phoP,two-component system response regulator PhoP,core,AMR,POINT,COLISTIN,COLISTIN,AAG04568.1,AE004091.2,"23997018,2839244",,
phoP_N188Y,phoP,two-component system response regulator PhoP,core,AMR,POINT,COLISTIN,COLISTIN,AAG04568.1,AE004091.2,28392440,,
phoQ_N104I,phoQ,two-component system sensor histidine kinase PhoQ,core,AMR,POINT,COLISTIN,COLISTIN,AAG04569.1,AE004091.2,21968359,,
phoQ_K123Q,phoQ,two-component system sensor histidine kinase PhoQ,core,AMR,POINT,COLISTIN,COLISTIN,AAG04569.1,AE004091.2,24412662,,
phoQ_V152Ter,phoQ,two-component system sensor histidine kinase PhoQ,core,AMR,POINT,COLISTIN,COLISTIN,AAG04569.1,AE004091.2,24349887,,
phoQ_V260G,phoQ,two-component system sensor histidine kinase PhoQ,core,AMR,POINT,COLISTIN,COLISTIN,AAG04569.1,AE004091.2,24412662,,
phoQ_LG364del,phoQ,two-component system sensor histidine kinase PhoQ,core,AMR,POINT,COLISTIN,COLISTIN,AAG04569.1,AE004091.2,21968359,,
phoQ_I421Ter,phoQ,two-component system sensor histidine kinase PhoQ,core,AMR,POINT,COLISTIN,COLISTIN,AAG04569.1,AE004091.2,21968359,,
phoQ_D433Ter,phoQ,two-component system sensor histidine kinase PhoQ,core,AMR,POINT,COLISTIN,COLISTIN,AAG04569.1,AE004091.2,21968359,,
piuA_Q548Ter,piuA,TonB-dependent siderophore receptor PiuA,core,AMR,POINT,BETA-LACTAM,CEFIDEROCOL/CEPHALOSPORIN,AAG07902.1,AE004091.2,40067045,,
piuD_G354V,piuD,TonB-dependent siderophore receptor PiuD,core,AMR,POINT,BETA-LACTAM,CEFIDEROCOL,AHA18359.1,CP004054.2,40067045,,
piuD_Q604Ter,piuD,TonB-dependent siderophore receptor PiuD,core,AMR,POINT,BETA-LACTAM,CEFIDEROCOL,AHA18359.1,CP004054.2,40067045,,
pmrA_L157Q,pmrA,two-component system response regulator PmrA,core,AMR,POINT,COLISTIN,COLISTIN,AAG08162.1,AE004091.2,24412662,,
pmrB_V9A,pmrB,two-component system sensor histidine kinase PmrB,core,AMR,POINT,COLISTIN,COLISTIN,AAG08163.1,AE004091.2,28630206,,
pmrB_L14P,pmrB,two-component system sensor histidine kinase PmrB,core,AMR,POINT,COLISTIN,COLISTIN,AAG08163.1,AE004091.2,22106224,,
pmrB_V15I,pmrB,two-component system sensor histidine kinase PmrB,core,AMR,POINT,COLISTIN,COLISTIN,AAG08163.1,AE004091.2,24412662,,
pmrB_L17Q,pmrB,two-component system sensor histidine kinase PmrB,core,AMR,POINT,COLISTIN,COLISTIN,AAG08163.1,AE004091.2,35184552,,
pmrB_D47del,pmrB,two-component system sensor histidine kinase PmrB,core,AMR,POINT,COLISTIN,COLISTIN,AAG08163.1,AE004091.2,22106224,,
pmrB_A54V,pmrB,two-component system sensor histidine kinase PmrB,core,AMR,POINT,COLISTIN,COLISTIN,AAG08163.1,AE004091.2,22106224,,
pmrB_L167P,pmrB,two-component system sensor histidine kinase PmrB,core,AMR,POINT,COLISTIN,COLISTIN,AAG08163.1,AE004091.2,24412662,,
pmrB_G188D,pmrB,two-component system sensor histidine kinase PmrB,core,AMR,POINT,COLISTIN,COLISTIN,AAG08163.1,AE004091.2,22106224,,
pmrB_L243Q,pmrB,two-component system sensor histidine kinase PmrB,core,AMR,POINT,COLISTIN,COLISTIN,AAG08163.1,AE004091.2,22106224,,
pmrB_A247T,pmrB,two-component system sensor histidine kinase PmrB,core,AMR,POINT,COLISTIN,COLISTIN,AAG08163.1,AE004091.2,22106224,,
pmrB_A248T,pmrB,two-component system sensor histidine kinase PmrB,core,AMR,POINT,COLISTIN,COLISTIN,AAG08163.1,AE004091.2,22106224,,
pmrB_A248V,pmrB,two-component system sensor histidine kinase PmrB,core,AMR,POINT,COLISTIN,COLISTIN,AAG08163.1,AE004091.2,22106224,,
pmrB_T253M,pmrB,two-component system sensor histidine kinase PmrB,core,AMR,POINT,COLISTIN,COLISTIN,AAG08163.1,AE004091.2,22106224,,
pmrB_S257D,pmrB,two-component system sensor histidine kinase PmrB,core,AMR,POINT,COLISTIN,COLISTIN,AAG08163.1,AE004091.2,"22106224,3518455",,
pmrB_S257N,pmrB,two-component system sensor histidine kinase PmrB,core,AMR,POINT,COLISTIN,COLISTIN,AAG08163.1,AE004091.2,22106224,,
pmrB_R259H,pmrB,two-component system sensor histidine kinase PmrB,core,AMR,POINT,COLISTIN,COLISTIN,AAG08163.1,AE004091.2,22106224,,
pmrB_V281I,pmrB,two-component system sensor histidine kinase PmrB,core,AMR,POINT,COLISTIN,COLISTIN,AAG08163.1,AE004091.2,23997018,,
pmrB_M292T,pmrB,two-component system sensor histidine kinase PmrB,core,AMR,POINT,COLISTIN,COLISTIN,AAG08163.1,AE004091.2,19663916,,
pmrB_H340R,pmrB,two-component system sensor histidine kinase PmrB,core,AMR,POINT,COLISTIN,COLISTIN,AAG08163.1,AE004091.2,24412662,,
pmrB_T343A,pmrB,two-component system sensor histidine kinase PmrB,core,AMR,POINT,COLISTIN,COLISTIN,AAG08163.1,AE004091.2,24412662,,
pmrB_P456S,pmrB,two-component system sensor histidine kinase PmrB,core,AMR,POINT,COLISTIN,COLISTIN,AAG08163.1,AE004091.2,22106224,,
rplB_G138D,rplB,50S ribosomal protein L2 RplB,core,AMR,POINT,AMINOGLYCOSIDE,TOBRAMYCIN,AAG07648.1,AE004091.2,27139485,,
rplB_G138L,rplB,50S ribosomal protein L2 RplB,core,AMR,POINT,AMINOGLYCOSIDE,AMIKACIN,AAG07648.1,AE004091.2,32660986,,
16S_C1065T,16S,16S ribosomal RNA,core,AMR,POINT,AMINOGLYCOSIDE,SPECTINOMYCIN,,AE006468.2,,,
16S_C1192T,16S,16S ribosomal RNA,core,AMR,POINT,AMINOGLYCOSIDE,SPECTINOMYCIN,,AE006468.2,,,
acrB_Q176K,acrB,multidrug efflux RND transporter permease subunit AcrB,core,AMR,POINT,BETA-LACTAM,CEPHALOSPORIN,ALG17083.1,CP012091.1,38686215,,
acrB_G288D,acrB,multidrug efflux RND transporter permease subunit AcrB,core,AMR,POINT,QUINOLONE,QUINOLONE,ALG17083.1,CP012091.1,25737552,,
acrB_R717L,acrB,multidrug efflux RND transporter permease subunit AcrB,core,AMR,POINT,MACROLIDE,AZITHROMYCIN,ALG17083.1,CP012091.1,31730615,,
acrB_R717Q,acrB,multidrug efflux RND transporter permease subunit AcrB,core,AMR,POINT,MACROLIDE,AZITHROMYCIN,ALG17083.1,CP012091.1,31730615,,
folP_F28I,folP,dihydropteroate synthase FolP,core,AMR,POINT,SULFONAMIDE,SULFONAMIDE,CAR38983.1,AM933173.1,37906281,,
folP_F28L,folP,dihydropteroate synthase FolP,core,AMR,POINT,SULFONAMIDE,SULFONAMIDE,CAR38983.1,AM933173.1,37906281,,
folP_R171P,folP,dihydropteroate synthase FolP,core,AMR,POINT,SULFONAMIDE,SULFONAMIDE,CAR38983.1,AM933173.1,37906281,,
gyrA_A67P,gyrA,DNA gyrase subunit A GyrA,core,AMR,POINT,QUINOLONE,QUINOLONE,EAB4993534.1,AAAEUU010000006.1,15848289,,
gyrA_D72G,gyrA,DNA gyrase subunit A GyrA,core,AMR,POINT,QUINOLONE,QUINOLONE,EAB4993534.1,AAAEUU010000006.1,15848289,,
gyrA_V73I,gyrA,DNA gyrase subunit A GyrA,core,AMR,POINT,QUINOLONE,QUINOLONE,EAB4993534.1,AAAEUU010000006.1,15848289,,
gyrA_G81C,gyrA,DNA gyrase subunit A GyrA,core,AMR,POINT,QUINOLONE,QUINOLONE,EAB4993534.1,AAAEUU010000006.1,15848289,,
gyrA_G81D,gyrA,DNA gyrase subunit A GyrA,core,AMR,POINT,QUINOLONE,QUINOLONE,EAB4993534.1,AAAEUU010000006.1,15848289,,
gyrA_G81H,gyrA,DNA gyrase subunit A GyrA,core,AMR,POINT,QUINOLONE,QUINOLONE,EAB4993534.1,AAAEUU010000006.1,15848289,,
gyrA_G81S,gyrA,DNA gyrase subunit A GyrA,core,AMR,POINT,QUINOLONE,QUINOLONE,EAB4993534.1,AAAEUU010000006.1,15848289,,
gyrA_D82G,gyrA,DNA gyrase subunit A GyrA,core,AMR,POINT,QUINOLONE,QUINOLONE,EAB4993534.1,AAAEUU010000006.1,15848289,,
gyrA_D82N,gyrA,DNA gyrase subunit A GyrA,core,AMR,POINT,QUINOLONE,QUINOLONE,EAB4993534.1,AAAEUU010000006.1,15848289,,
gyrA_S83A,gyrA,DNA gyrase subunit A GyrA,core,AMR,POINT,QUINOLONE,QUINOLONE,EAB4993534.1,AAAEUU010000006.1,15848289,,
gyrA_S83F,gyrA,DNA gyrase subunit A GyrA,core,AMR,POINT,QUINOLONE/TRICLOSAN,QUINOLONE/TRICLOSAN,EAB4993534.1,AAAEUU010000006.1,15848289,,
gyrA_S83I,gyrA,DNA gyrase subunit A GyrA,core,AMR,POINT,QUINOLONE,QUINOLONE,EAB4993534.1,AAAEUU010000006.1,33877914,,
gyrA_S83Y,gyrA,DNA gyrase subunit A GyrA,core,AMR,POINT,QUINOLONE,QUINOLONE,EAB4993534.1,AAAEUU010000006.1,15848289,,
gyrA_D87G,gyrA,DNA gyrase subunit A GyrA,core,AMR,POINT,QUINOLONE/TRICLOSAN,QUINOLONE/TRICLOSAN,EAB4993534.1,AAAEUU010000006.1,15848289,,
gyrA_D87K,gyrA,DNA gyrase subunit A GyrA,core,AMR,POINT,QUINOLONE,QUINOLONE,EAB4993534.1,AAAEUU010000006.1,15848289,,
gyrA_D87N,gyrA,DNA gyrase subunit A GyrA,core,AMR,POINT,QUINOLONE,QUINOLONE,EAB4993534.1,AAAEUU010000006.1,15848289,,
gyrA_D87Y,gyrA,DNA gyrase subunit A GyrA,core,AMR,POINT,QUINOLONE,QUINOLONE,EAB4993534.1,AAAEUU010000006.1,15848289,,
gyrA_S97P,gyrA,DNA gyrase subunit A GyrA,core,AMR,POINT,QUINOLONE,QUINOLONE,EAB4993534.1,AAAEUU010000006.1,"27559761,2909118",,
gyrA_L98V,gyrA,DNA gyrase subunit A GyrA,core,AMR,POINT,QUINOLONE,QUINOLONE,EAB4993534.1,AAAEUU010000006.1,15848289,,
gyrA_A119E,gyrA,DNA gyrase subunit A GyrA,core,AMR,POINT,QUINOLONE,QUINOLONE,EAB4993534.1,AAAEUU010000006.1,15848289,,
gyrA_A119S,gyrA,DNA gyrase subunit A GyrA,core,AMR,POINT,QUINOLONE,QUINOLONE,EAB4993534.1,AAAEUU010000006.1,15848289,,
gyrA_A119V,gyrA,DNA gyrase subunit A GyrA,core,AMR,POINT,QUINOLONE,QUINOLONE,EAB4993534.1,AAAEUU010000006.1,15848289,,
gyrA_A131G,gyrA,DNA gyrase subunit A GyrA,core,AMR,POINT,QUINOLONE,QUINOLONE,EAB4993534.1,AAAEUU010000006.1,15848289,,
gyrA_E139A,gyrA,DNA gyrase subunit A GyrA,core,AMR,POINT,QUINOLONE,QUINOLONE,EAB4993534.1,AAAEUU010000006.1,15848289,,
gyrB_Y421C,gyrB,DNA topoisomerase (ATP-hydrolyzing) subunit B GyrB,core,AMR,POINT,QUINOLONE,QUINOLONE,AHP21689.1,CP007280.2,15848289,,
gyrB_R438L,gyrB,DNA topoisomerase (ATP-hydrolyzing) subunit B GyrB,core,AMR,POINT,QUINOLONE,QUINOLONE,AHP21689.1,CP007280.2,15848289,,
gyrB_S464F,gyrB,DNA topoisomerase (ATP-hydrolyzing) subunit B GyrB,core,AMR,POINT,QUINOLONE,QUINOLONE,AHP21689.1,CP007280.2,"12760900,1471809",,
gyrB_S464T,gyrB,DNA topoisomerase (ATP-hydrolyzing) subunit B GyrB,core,AMR,POINT,QUINOLONE,QUINOLONE,AHP21689.1,CP007280.2,7590165,,
gyrB_S464Y,gyrB,DNA topoisomerase (ATP-hydrolyzing) subunit B GyrB,core,AMR,POINT,QUINOLONE,QUINOLONE,AHP21689.1,CP007280.2,"7590165,1270568",,
gyrB_E466D,gyrB,DNA topoisomerase (ATP-hydrolyzing) subunit B GyrB,core,AMR,POINT,QUINOLONE,QUINOLONE,AHP21689.1,CP007280.2,19104017,,
parC_T66I,parC,DNA topoisomerase IV subunit A ParC,core,AMR,POINT,QUINOLONE,QUINOLONE,EAW2725281.1,AAEAUZ010000002.1,15848289,,
parC_G78D,parC,DNA topoisomerase IV subunit A ParC,core,AMR,POINT,QUINOLONE,QUINOLONE,EAW2725281.1,AAEAUZ010000002.1,15848289,,
parC_S80I,parC,DNA topoisomerase IV subunit A ParC,core,AMR,POINT,QUINOLONE,QUINOLONE,EAW2725281.1,AAEAUZ010000002.1,15848289,,
parC_S80R,parC,DNA topoisomerase IV subunit A ParC,core,AMR,POINT,QUINOLONE,QUINOLONE,EAW2725281.1,AAEAUZ010000002.1,15848289,,
parC_E84G,parC,DNA topoisomerase IV subunit A ParC,core,AMR,POINT,QUINOLONE,QUINOLONE,EAW2725281.1,AAEAUZ010000002.1,15848289,,
parC_E84K,parC,DNA topoisomerase IV subunit A ParC,core,AMR,POINT,QUINOLONE,QUINOLONE,EAW2725281.1,AAEAUZ010000002.1,15848289,,
parC_W106G,parC,DNA topoisomerase IV subunit A ParC,core,AMR,POINT,QUINOLONE,QUINOLONE,EAW2725281.1,AAEAUZ010000002.1,27630841,,
parE_M438I,parE,DNA topoisomerase IV subunit B ParE,core,AMR,POINT,QUINOLONE,QUINOLONE,ATQ05934.1,CP024168.1,26683630,,
parE_E454G,parE,DNA topoisomerase IV subunit B ParE,core,AMR,POINT,QUINOLONE,QUINOLONE,ATQ05934.1,CP024168.1,15848289,,
parE_S458P,parE,DNA topoisomerase IV subunit B ParE,core,AMR,POINT,QUINOLONE,QUINOLONE,ATQ05934.1,CP024168.1,15848289,,
parE_V461G,parE,DNA topoisomerase IV subunit B ParE,core,AMR,POINT,QUINOLONE,QUINOLONE,ATQ05934.1,CP024168.1,19104017,,
parE_H462Y,parE,DNA topoisomerase IV subunit B ParE,core,AMR,POINT,QUINOLONE,QUINOLONE,ATQ05934.1,CP024168.1,15848289,,
parE_A499T,parE,DNA topoisomerase IV subunit B ParE,core,AMR,POINT,QUINOLONE,QUINOLONE,ATQ05934.1,CP024168.1,15848289,,
parE_V514G,parE,DNA topoisomerase IV subunit B ParE,core,AMR,POINT,QUINOLONE,QUINOLONE,ATQ05934.1,CP024168.1,15848289,,
parE_V521F,parE,DNA topoisomerase IV subunit B ParE,core,AMR,POINT,QUINOLONE,QUINOLONE,ATQ05934.1,CP024168.1,26683630,,
pmrA_G15R,pmrA,two-component system response regulator PmrA,core,AMR,POINT,COLISTIN,COLISTIN,EAB2345955.1,AAADZC010000031.1,25505462,,
pmrA_G53E,pmrA,two-component system response regulator PmrA,core,AMR,POINT,COLISTIN,COLISTIN,EAB2345955.1,AAADZC010000031.1,25505462,,
pmrA_G53R,pmrA,two-component system response regulator PmrA,core,AMR,POINT,COLISTIN,COLISTIN,EAB2345955.1,AAADZC010000031.1,25505462,,
pmrA_R81C,pmrA,two-component system response regulator PmrA,core,AMR,POINT,COLISTIN,COLISTIN,EAB2345955.1,AAADZC010000031.1,25505462,,
pmrA_R81H,pmrA,two-component system response regulator PmrA,core,AMR,POINT,COLISTIN,COLISTIN,EAB2345955.1,AAADZC010000031.1,25505462,,
pmrB_RQRL11del,pmrB,two-component system sensor histidine kinase PmrB,core,AMR,POINT,COLISTIN,COLISTIN,EAM5131532.1,AACVDW010000008.1,25769786,,
pmrB_L14F,pmrB,two-component system sensor histidine kinase PmrB,core,AMR,POINT,COLISTIN,COLISTIN,EAM5131532.1,AACVDW010000008.1,25505462,,
pmrB_L14S,pmrB,two-component system sensor histidine kinase PmrB,core,AMR,POINT,COLISTIN,COLISTIN,EAM5131532.1,AACVDW010000008.1,25505462,,
pmrB_L22P,pmrB,two-component system sensor histidine kinase PmrB,core,AMR,POINT,COLISTIN,COLISTIN,EAM5131532.1,AACVDW010000008.1,25505462,,
pmrB_S29R,pmrB,two-component system sensor histidine kinase PmrB,core,AMR,POINT,COLISTIN,COLISTIN,EAM5131532.1,AACVDW010000008.1,25505462,,
pmrB_R89P,pmrB,two-component system sensor histidine kinase PmrB,core,AMR,POINT,COLISTIN,COLISTIN,EAM5131532.1,AACVDW010000008.1,33321688,,
pmrB_T92A,pmrB,two-component system sensor histidine kinase PmrB,core,AMR,POINT,COLISTIN,COLISTIN,EAM5131532.1,AACVDW010000008.1,25505462,,
pmrB_P94Q,pmrB,two-component system sensor histidine kinase PmrB,core,AMR,POINT,COLISTIN,COLISTIN,EAM5131532.1,AACVDW010000008.1,25505462,,
pmrB_E121A,pmrB,two-component system sensor histidine kinase PmrB,core,AMR,POINT,COLISTIN,COLISTIN,EAM5131532.1,AACVDW010000008.1,25505462,,
pmrB_S124P,pmrB,two-component system sensor histidine kinase PmrB,core,AMR,POINT,COLISTIN,COLISTIN,EAM5131532.1,AACVDW010000008.1,25505462,,
pmrB_N130Y,pmrB,two-component system sensor histidine kinase PmrB,core,AMR,POINT,COLISTIN,COLISTIN,EAM5131532.1,AACVDW010000008.1,25505462,,
pmrB_T147P,pmrB,two-component system sensor histidine kinase PmrB,core,AMR,POINT,COLISTIN,COLISTIN,EAM5131532.1,AACVDW010000008.1,25505462,,
pmrB_T147S,pmrB,two-component system sensor histidine kinase PmrB,core,AMR,POINT,COLISTIN,COLISTIN,EAM5131532.1,AACVDW010000008.1,40391708,,
pmrB_R155P,pmrB,two-component system sensor histidine kinase PmrB,core,AMR,POINT,COLISTIN,COLISTIN,EAM5131532.1,AACVDW010000008.1,25505462,,
pmrB_T156M,pmrB,two-component system sensor histidine kinase PmrB,core,AMR,POINT,COLISTIN,COLISTIN,EAM5131532.1,AACVDW010000008.1,25505462,,
pmrB_T156P,pmrB,two-component system sensor histidine kinase PmrB,core,AMR,POINT,COLISTIN,COLISTIN,EAM5131532.1,AACVDW010000008.1,25505462,,
pmrB_V161G,pmrB,two-component system sensor histidine kinase PmrB,core,AMR,POINT,COLISTIN,COLISTIN,EAM5131532.1,AACVDW010000008.1,25505462,,
pmrB_V161L,pmrB,two-component system sensor histidine kinase PmrB,core,AMR,POINT,COLISTIN,COLISTIN,EAM5131532.1,AACVDW010000008.1,33321688,,
pmrB_V161M,pmrB,two-component system sensor histidine kinase PmrB,core,AMR,POINT,COLISTIN,COLISTIN,EAM5131532.1,AACVDW010000008.1,33321688,,
pmrB_E166K,pmrB,two-component system sensor histidine kinase PmrB,core,AMR,POINT,COLISTIN,COLISTIN,EAM5131532.1,AACVDW010000008.1,25505462,,
pmrB_M186I,pmrB,two-component system sensor histidine kinase PmrB,core,AMR,POINT,COLISTIN,COLISTIN,EAM5131532.1,AACVDW010000008.1,25505462,,
pmrB_F203S,pmrB,two-component system sensor histidine kinase PmrB,core,AMR,POINT,COLISTIN,COLISTIN,EAM5131532.1,AACVDW010000008.1,40391708,,
pmrB_G206E,pmrB,two-component system sensor histidine kinase PmrB,core,AMR,POINT,COLISTIN,COLISTIN,EAM5131532.1,AACVDW010000008.1,40391708,,
pmrB_G206R,pmrB,two-component system sensor histidine kinase PmrB,core,AMR,POINT,COLISTIN,COLISTIN,EAM5131532.1,AACVDW010000008.1,25505462,,
pmrB_G206W,pmrB,two-component system sensor histidine kinase PmrB,core,AMR,POINT,COLISTIN,COLISTIN,EAM5131532.1,AACVDW010000008.1,25505462,,
pmrB_D250Y,pmrB,two-component system sensor histidine kinase PmrB,core,AMR,POINT,COLISTIN,COLISTIN,EAM5131532.1,AACVDW010000008.1,40391708,,
pmrB_S305R,pmrB,two-component system sensor histidine kinase PmrB,core,AMR,POINT,COLISTIN,COLISTIN,EAM5131532.1,AACVDW010000008.1,25505462,,
ramR_T18P,ramR,TetR/AcrR family transcriptional regulator RamR,core,AMR,POINT,MULTIDRUG,AMPICILLIN/CHLORAMPHENICOL/FLUOROQUINOLONE/RIFAMPIN/TETRACYCLINE,ACH50230.1,CP001138.1,18443112,,
ramR_G25A,ramR,TetR/AcrR family transcriptional regulator RamR,core,AMR,POINT,MULTIDRUG,AMPICILLIN/CHLORAMPHENICOL/FLUOROQUINOLONE/RIFAMPIN/TETRACYCLINE,ACH50230.1,CP001138.1,,,
ramR_R46P,ramR,TetR/AcrR family transcriptional regulator RamR,core,AMR,POINT,MULTIDRUG,AMPICILLIN/CHLORAMPHENICOL/FLUOROQUINOLONE/RIFAMPIN/TETRACYCLINE,ACH50230.1,CP001138.1,19778917,,
ramR_T50P,ramR,TetR/AcrR family transcriptional regulator RamR,core,AMR,POINT,MULTIDRUG,AMPICILLIN/CHLORAMPHENICOL/FLUOROQUINOLONE/RIFAMPIN/TETRACYCLINE,ACH50230.1,CP001138.1,,,
ramR_Y59H,ramR,TetR/AcrR family transcriptional regulator RamR,core,AMR,POINT,MULTIDRUG,AMPICILLIN/CHLORAMPHENICOL/FLUOROQUINOLONE/RIFAMPIN/TETRACYCLINE,ACH50230.1,CP001138.1,18443112,,
ramR_M84I,ramR,TetR/AcrR family transcriptional regulator RamR,core,AMR,POINT,MULTIDRUG,AMPICILLIN/CHLORAMPHENICOL/FLUOROQUINOLONE/RIFAMPIN/TETRACYCLINE,ACH50230.1,CP001138.1,18443112,,
ramR_E160D,ramR,TetR/AcrR family transcriptional regulator RamR,core,AMR,POINT,MULTIDRUG,AMPICILLIN/CHLORAMPHENICOL/FLUOROQUINOLONE/RIFAMPIN/TETRACYCLINE,ACH50230.1,CP001138.1,,,
soxR_R20H,soxR,redox-sensitive transcriptional activator SoxR,core,AMR,POINT,MULTIDRUG,AMPICILLIN/CHLORAMPHENICOL/QUINOLONE/RIFAMPIN/TETRACYCLINE,CAD09250.1,AL513382.1,,,
soxR_G121D,soxR,redox-sensitive transcriptional activator SoxR,core,AMR,POINT,MULTIDRUG,AMPICILLIN/CHLORAMPHENICOL/QUINOLONE/RIFAMPIN/TETRACYCLINE,CAD09250.1,AL513382.1,,,
soxS_E52K,soxS,regulatory protein SoxS,core,AMR,POINT,MULTIDRUG,AMPICILLIN/CHLORAMPHENICOL/QUINOLONE/RIFAMPIN/TETRACYCLINE,AAL23089.1,AE006468.2,,,
gyrA_S83I,gyrA,DNA gyrase subunit A GyrA,core,AMR,POINT,QUINOLONE,QUINOLONE,QTI64277.1,CP072199.1,9756773,,
gyrA_S83R,gyrA,DNA gyrase subunit A GyrA,core,AMR,POINT,QUINOLONE,QUINOLONE,QTI64277.1,CP072199.1,9756773,,
gyrA_D87N,gyrA,DNA gyrase subunit A GyrA,core,AMR,POINT,QUINOLONE,QUINOLONE,QTI64277.1,CP072199.1,9756773,,
23S_C2220T,23S,23S ribosomal RNA,core,AMR,POINT,OXAZOLIDINONE,LINEZOLID,,CP009828.1,,,
23S_G2475T,23S,23S ribosomal RNA,core,AMR,POINT,OXAZOLIDINONE,LINEZOLID,,CP009828.1,,,
23S_T2501A,23S,23S ribosomal RNA,core,AMR,POINT,OXAZOLIDINONE,LINEZOLID,,CP009828.1,,,
23S_T2528A,23S,23S ribosomal RNA,core,AMR,POINT,OXAZOLIDINONE,LINEZOLID,,CP009828.1,,,
23S_A2531G,23S,23S ribosomal RNA,core,AMR,POINT,OXAZOLIDINONE,LINEZOLID,,CP009828.1,,,
23S_T2532C,23S,23S ribosomal RNA,core,AMR,POINT,OXAZOLIDINONE,LINEZOLID,,CP009828.1,,,
23S_G2533A,23S,23S ribosomal RNA,core,AMR,POINT,OXAZOLIDINONE,LINEZOLID,,CP009828.1,,,
23S_G2577T,23S,23S ribosomal RNA,core,AMR,POINT,OXAZOLIDINONE,LINEZOLID,,CP009828.1,,,
23S_C2579T,23S,23S ribosomal RNA,core,AMR,POINT,OXAZOLIDINONE,LINEZOLID,,CP009828.1,,,
23S_G2604T,23S,23S ribosomal RNA,core,AMR,POINT,OXAZOLIDINONE,LINEZOLID,,CP009828.1,,,
23S_G2794T,23S,23S ribosomal RNA,core,AMR,POINT,OXAZOLIDINONE,LINEZOLID,,CP009828.1,,,
acrB_I960V,acrB,multidrug efflux RND transporter permease subunit AcrB,core,AMR,POINT,BETA-LACTAM,CEPHALOSPORIN,AAW37125.1,CP000046.1,20805396,,
cls_A23V,cls,cardiolipin synthase Cls,core,AMR,POINT,LIPOPEPTIDE,DAPTOMYCIN,ABD31357.1,CP000253.1,,,
cls_T33N,cls,cardiolipin synthase Cls,core,AMR,POINT,LIPOPEPTIDE,DAPTOMYCIN,ABD31357.1,CP000253.1,,,
cls_L52F,cls,cardiolipin synthase Cls,core,AMR,POINT,LIPOPEPTIDE,DAPTOMYCIN,ABD31357.1,CP000253.1,,,
cls_F60S,cls,cardiolipin synthase Cls,core,AMR,POINT,LIPOPEPTIDE,DAPTOMYCIN,ABD31357.1,CP000253.1,,,
dfrB_L21V,dfrB,dihydrofolate reductase DfrB,core,AMR,POINT,TRIMETHOPRIM,TRIMETHOPRIM,APC77286.1,CP013132.1,,,
dfrB_L25I,dfrB,dihydrofolate reductase DfrB,core,AMR,POINT,TRIMETHOPRIM,TRIMETHOPRIM,APC77286.1,CP013132.1,36935372,,
dfrB_H31N,dfrB,dihydrofolate reductase DfrB,core,AMR,POINT,TRIMETHOPRIM,TRIMETHOPRIM,APC77286.1,CP013132.1,,,
dfrB_L41F,dfrB,dihydrofolate reductase DfrB,core,AMR,POINT,TRIMETHOPRIM,TRIMETHOPRIM,APC77286.1,CP013132.1,36935372,,
dfrB_N60I,dfrB,dihydrofolate reductase DfrB,core,AMR,POINT,TRIMETHOPRIM,TRIMETHOPRIM,APC77286.1,CP013132.1,,,
dfrB_F99I,dfrB,dihydrofolate reductase DfrB,core,AMR,POINT,TRIMETHOPRIM,TRIMETHOPRIM,APC77286.1,CP013132.1,,,
dfrB_F99S,dfrB,dihydrofolate reductase DfrB,core,AMR,POINT,TRIMETHOPRIM,TRIMETHOPRIM,APC77286.1,CP013132.1,,,
dfrB_F99Y,dfrB,dihydrofolate reductase DfrB,core,AMR,POINT,TRIMETHOPRIM,TRIMETHOPRIM,APC77286.1,CP013132.1,36935372,,
dfrB_A135T,dfrB,dihydrofolate reductase DfrB,core,AMR,POINT,TRIMETHOPRIM,TRIMETHOPRIM,APC77286.1,CP013132.1,36935372,,
dfrB_H150R,dfrB,dihydrofolate reductase DfrB,core,AMR,POINT,TRIMETHOPRIM,TRIMETHOPRIM,APC77286.1,CP013132.1,36935372,,
fexA_G33A,fexA,chloramphenicol/florfenicol efflux MFS transporter FexA,core,AMR,POINT,PHENICOL,CHLORAMPHENICOL,CAD70268.1,AJ549214.1,35069492,,
fexA_A37V,fexA,chloramphenicol/florfenicol efflux MFS transporter FexA,core,AMR,POINT,PHENICOL,CHLORAMPHENICOL,CAD70268.1,AJ549214.1,35069492,,
folP_F17L,folP,dihydropteroate synthase FolP,core,AMR,POINT,SULFONAMIDE,SULFONAMIDE,ADQ75466.1,CP002110.1,"30065703,3693537",,
folP_S18L,folP,dihydropteroate synthase FolP,core,AMR,POINT,SULFONAMIDE,SULFONAMIDE,ADQ75466.1,CP002110.1,"30065703,3693537",,
folP_T51M,folP,dihydropteroate synthase FolP,core,AMR,POINT,SULFONAMIDE,SULFONAMIDE,ADQ75466.1,CP002110.1,"30065703,3693537",,
folP_A184V,folP,dihydropteroate synthase FolP,core,AMR,POINT,SULFONAMIDE,SULFONAMIDE,ADQ75466.1,CP002110.1,36935372,,
folP_E208K,folP,dihydropteroate synthase FolP,core,AMR,POINT,SULFONAMIDE,SULFONAMIDE,ADQ75466.1,CP002110.1,"30065703,3693537",,
folP_E258EKE,folP,dihydropteroate synthase FolP,core,AMR,POINT,SULFONAMIDE,SULFONAMIDE,ADQ75466.1,CP002110.1,"30065703,3693537",,
fusA_F88L,fusA,elongation factor G FusA,core,AMR,POINT,FUSIDIC ACID,FUSIDIC ACID,BAB56709.1,BA000017.4,,,
fusA_V90A,fusA,elongation factor G FusA,core,AMR,POINT,FUSIDIC ACID,FUSIDIC ACID,BAB56709.1,BA000017.4,,,
fusA_V90I,fusA,elongation factor G FusA,core,AMR,POINT,FUSIDIC ACID,FUSIDIC ACID,BAB56709.1,BA000017.4,,,
fusA_P114H,fusA,elongation factor G FusA,core,AMR,POINT,FUSIDIC ACID,FUSIDIC ACID,BAB56709.1,BA000017.4,,,
fusA_Q115L,fusA,elongation factor G FusA,core,AMR,POINT,FUSIDIC ACID,FUSIDIC ACID,BAB56709.1,BA000017.4,,,
fusA_A160V,fusA,elongation factor G FusA,core,AMR,POINT,FUSIDIC ACID,FUSIDIC ACID,BAB56709.1,BA000017.4,,,
fusA_D189G,fusA,elongation factor G FusA,core,AMR,POINT,FUSIDIC ACID,FUSIDIC ACID,BAB56709.1,BA000017.4,,,
fusA_D189V,fusA,elongation factor G FusA,core,AMR,POINT,FUSIDIC ACID,FUSIDIC ACID,BAB56709.1,BA000017.4,,,
fusA_E233Q,fusA,elongation factor G FusA,core,AMR,POINT,FUSIDIC ACID,FUSIDIC ACID,BAB56709.1,BA000017.4,,,
fusA_D373N,fusA,elongation factor G FusA,core,AMR,POINT,FUSIDIC ACID,FUSIDIC ACID,BAB56709.1,BA000017.4,,,
fusA_A376V,fusA,elongation factor G FusA,core,AMR,POINT,FUSIDIC ACID,FUSIDIC ACID,BAB56709.1,BA000017.4,,,
fusA_T385N,fusA,elongation factor G FusA,core,AMR,POINT,FUSIDIC ACID,FUSIDIC ACID,BAB56709.1,BA000017.4,,,
fusA_D387I,fusA,elongation factor G FusA,core,AMR,POINT,FUSIDIC ACID,FUSIDIC ACID,BAB56709.1,BA000017.4,,,
fusA_P404L,fusA,elongation factor G FusA,core,AMR,POINT,FUSIDIC ACID,FUSIDIC ACID,BAB56709.1,BA000017.4,,,
fusA_P404Q,fusA,elongation factor G FusA,core,AMR,POINT,FUSIDIC ACID,FUSIDIC ACID,BAB56709.1,BA000017.4,,,
fusA_P406L,fusA,elongation factor G FusA,core,AMR,POINT,FUSIDIC ACID,FUSIDIC ACID,BAB56709.1,BA000017.4,,,
fusA_V407F,fusA,elongation factor G FusA,core,AMR,POINT,FUSIDIC ACID,FUSIDIC ACID,BAB56709.1,BA000017.4,,,
fusA_S416F,fusA,elongation factor G FusA,core,AMR,POINT,FUSIDIC ACID,FUSIDIC ACID,BAB56709.1,BA000017.4,,,
fusA_L430S,fusA,elongation factor G FusA,core,AMR,POINT,FUSIDIC ACID,FUSIDIC ACID,BAB56709.1,BA000017.4,,,
fusA_D434N,fusA,elongation factor G FusA,core,AMR,POINT,FUSIDIC ACID,FUSIDIC ACID,BAB56709.1,BA000017.4,,,
fusA_T436I,fusA,elongation factor G FusA,core,AMR,POINT,FUSIDIC ACID,FUSIDIC ACID,BAB56709.1,BA000017.4,,,
fusA_H438N,fusA,elongation factor G FusA,core,AMR,POINT,FUSIDIC ACID,FUSIDIC ACID,BAB56709.1,BA000017.4,,,
fusA_E444K,fusA,elongation factor G FusA,core,AMR,POINT,FUSIDIC ACID,FUSIDIC ACID,BAB56709.1,BA000017.4,,,
fusA_E444V,fusA,elongation factor G FusA,core,AMR,POINT,FUSIDIC ACID,FUSIDIC ACID,BAB56709.1,BA000017.4,,,
fusA_I449K,fusA,elongation factor G FusA,core,AMR,POINT,FUSIDIC ACID,FUSIDIC ACID,BAB56709.1,BA000017.4,,,
fusA_G451V,fusA,elongation factor G FusA,core,AMR,POINT,FUSIDIC ACID,FUSIDIC ACID,BAB56709.1,BA000017.4,,,
fusA_G452C,fusA,elongation factor G FusA,core,AMR,POINT,FUSIDIC ACID,FUSIDIC ACID,BAB56709.1,BA000017.4,,,
fusA_G452S,fusA,elongation factor G FusA,core,AMR,POINT,FUSIDIC ACID,FUSIDIC ACID,BAB56709.1,BA000017.4,,,
fusA_G452V,fusA,elongation factor G FusA,core,AMR,POINT,FUSIDIC ACID,FUSIDIC ACID,BAB56709.1,BA000017.4,,,
fusA_M453I,fusA,elongation factor G FusA,core,AMR,POINT,FUSIDIC ACID,FUSIDIC ACID,BAB56709.1,BA000017.4,,,
fusA_L456F,fusA,elongation factor G FusA,core,AMR,POINT,FUSIDIC ACID,FUSIDIC ACID,BAB56709.1,BA000017.4,,,
fusA_L456K,fusA,elongation factor G FusA,core,AMR,POINT,FUSIDIC ACID,FUSIDIC ACID,BAB56709.1,BA000017.4,,,
fusA_H457L,fusA,elongation factor G FusA,core,AMR,POINT,FUSIDIC ACID,FUSIDIC ACID,BAB56709.1,BA000017.4,33353175,,
fusA_H457N,fusA,elongation factor G FusA,core,AMR,POINT,FUSIDIC ACID,FUSIDIC ACID,BAB56709.1,BA000017.4,33353175,,
fusA_H457Q,fusA,elongation factor G FusA,core,AMR,POINT,FUSIDIC ACID,FUSIDIC ACID,BAB56709.1,BA000017.4,,,
fusA_H457Y,fusA,elongation factor G FusA,core,AMR,POINT,FUSIDIC ACID,FUSIDIC ACID,BAB56709.1,BA000017.4,,,
fusA_L461F,fusA,elongation factor G FusA,core,AMR,POINT,FUSIDIC ACID,FUSIDIC ACID,BAB56709.1,BA000017.4,,,
fusA_L461K,fusA,elongation factor G FusA,core,AMR,POINT,FUSIDIC ACID,FUSIDIC ACID,BAB56709.1,BA000017.4,,,
fusA_L461S,fusA,elongation factor G FusA,core,AMR,POINT,FUSIDIC ACID,FUSIDIC ACID,BAB56709.1,BA000017.4,,,
fusA_D463G,fusA,elongation factor G FusA,core,AMR,POINT,FUSIDIC ACID,FUSIDIC ACID,BAB56709.1,BA000017.4,,,
fusA_R464C,fusA,elongation factor G FusA,core,AMR,POINT,FUSIDIC ACID,FUSIDIC ACID,BAB56709.1,BA000017.4,,,
fusA_R464H,fusA,elongation factor G FusA,core,AMR,POINT,FUSIDIC ACID,FUSIDIC ACID,BAB56709.1,BA000017.4,,,
fusA_R464L,fusA,elongation factor G FusA,core,AMR,POINT,FUSIDIC ACID,FUSIDIC ACID,BAB56709.1,BA000017.4,,,
fusA_R464S,fusA,elongation factor G FusA,core,AMR,POINT,FUSIDIC ACID,FUSIDIC ACID,BAB56709.1,BA000017.4,,,
fusA_C473S,fusA,elongation factor G FusA,core,AMR,POINT,FUSIDIC ACID,FUSIDIC ACID,BAB56709.1,BA000017.4,,,
fusA_P478S,fusA,elongation factor G FusA,core,AMR,POINT,FUSIDIC ACID,FUSIDIC ACID,BAB56709.1,BA000017.4,,,
fusA_G556S,fusA,elongation factor G FusA,core,AMR,POINT,FUSIDIC ACID,FUSIDIC ACID,BAB56709.1,BA000017.4,,,
fusA_V607I,fusA,elongation factor G FusA,core,AMR,POINT,FUSIDIC ACID,FUSIDIC ACID,BAB56709.1,BA000017.4,,,
fusA_G617D,fusA,elongation factor G FusA,core,AMR,POINT,FUSIDIC ACID,FUSIDIC ACID,BAB56709.1,BA000017.4,,,
fusA_M651I,fusA,elongation factor G FusA,core,AMR,POINT,FUSIDIC ACID,FUSIDIC ACID,BAB56709.1,BA000017.4,,,
fusA_F652S,fusA,elongation factor G FusA,core,AMR,POINT,FUSIDIC ACID,FUSIDIC ACID,BAB56709.1,BA000017.4,,,
fusA_Y654N,fusA,elongation factor G FusA,core,AMR,POINT,FUSIDIC ACID,FUSIDIC ACID,BAB56709.1,BA000017.4,,,
fusA_A655E,fusA,elongation factor G FusA,core,AMR,POINT,FUSIDIC ACID,FUSIDIC ACID,BAB56709.1,BA000017.4,,,
fusA_A655P,fusA,elongation factor G FusA,core,AMR,POINT,FUSIDIC ACID,FUSIDIC ACID,BAB56709.1,BA000017.4,,,
fusA_A655V,fusA,elongation factor G FusA,core,AMR,POINT,FUSIDIC ACID,FUSIDIC ACID,BAB56709.1,BA000017.4,,,
fusA_T656K,fusA,elongation factor G FusA,core,AMR,POINT,FUSIDIC ACID,FUSIDIC ACID,BAB56709.1,BA000017.4,,,
fusA_R659C,fusA,elongation factor G FusA,core,AMR,POINT,FUSIDIC ACID,FUSIDIC ACID,BAB56709.1,BA000017.4,,,
fusA_R659H,fusA,elongation factor G FusA,core,AMR,POINT,FUSIDIC ACID,FUSIDIC ACID,BAB56709.1,BA000017.4,,,
fusA_R659L,fusA,elongation factor G FusA,core,AMR,POINT,FUSIDIC ACID,FUSIDIC ACID,BAB56709.1,BA000017.4,,,
fusA_R659S,fusA,elongation factor G FusA,core,AMR,POINT,FUSIDIC ACID,FUSIDIC ACID,BAB56709.1,BA000017.4,,,
fusA_G664S,fusA,elongation factor G FusA,core,AMR,POINT,FUSIDIC ACID,FUSIDIC ACID,BAB56709.1,BA000017.4,,,
fusE_Q140L,fusE,50S ribosomal protein L6,core,AMR,POINT,FUSIDIC ACID,FUSIDIC ACID,ADL24064.1,CP002114.2,,,
gdpP_N182K,gdpP,cyclic-di-AMP phosphodiesterase GdpP,core,AMR,POINT,BETA-LACTAM,CEPHALOSPORIN,AAW37402.1,CP000046.1,20805396,,
glpT_F3I,glpT,glycerol-3-phosphate transporter GlpT,core,AMR,POINT,FOSFOMYCIN,FOSFOMYCIN,AAW38876.1,CP000046.1,,,
glpT_L27F,glpT,glycerol-3-phosphate transporter GlpT,core,AMR,POINT,FOSFOMYCIN,FOSFOMYCIN,AAW38876.1,CP000046.1,,,
glpT_A100V,glpT,glycerol-3-phosphate transporter GlpT,core,AMR,POINT,FOSFOMYCIN,FOSFOMYCIN,AAW38876.1,CP000046.1,26793179,,
glpT_W137R,glpT,glycerol-3-phosphate transporter GlpT,core,AMR,POINT,FOSFOMYCIN,FOSFOMYCIN,AAW38876.1,CP000046.1,,,
glpT_V213I,glpT,glycerol-3-phosphate transporter GlpT,core,AMR,POINT,FOSFOMYCIN,FOSFOMYCIN,AAW38876.1,CP000046.1,,,
glpT_G352D,glpT,glycerol-3-phosphate transporter GlpT,core,AMR,POINT,FOSFOMYCIN,FOSFOMYCIN,AAW38876.1,CP000046.1,,,
glpT_W355Ter,glpT,glycerol-3-phosphate transporter GlpT,core,AMR,POINT,FOSFOMYCIN,FOSFOMYCIN,AAW38876.1,CP000046.1,26793179,,
glpT_A434V,glpT,glycerol-3-phosphate transporter GlpT,core,AMR,POINT,FOSFOMYCIN,FOSFOMYCIN,AAW38876.1,CP000046.1,32807239,,
gyrA_D73G,gyrA,DNA gyrase subunit A GyrA,core,AMR,POINT,QUINOLONE,QUINOLONE,ABD29197.1,CP000253.1,,,
gyrA_G82C,gyrA,DNA gyrase subunit A GyrA,core,AMR,POINT,QUINOLONE,QUINOLONE,ABD29197.1,CP000253.1,,,
gyrA_S84A,gyrA,DNA gyrase subunit A GyrA,core,AMR,POINT,QUINOLONE,QUINOLONE,ABD29197.1,CP000253.1,,,
gyrA_S84L,gyrA,DNA gyrase subunit A GyrA,core,AMR,POINT,QUINOLONE,QUINOLONE,ABD29197.1,CP000253.1,,,
gyrA_S84V,gyrA,DNA gyrase subunit A GyrA,core,AMR,POINT,QUINOLONE,QUINOLONE,ABD29197.1,CP000253.1,,,
gyrA_S85P,gyrA,DNA gyrase subunit A GyrA,core,AMR,POINT,QUINOLONE,QUINOLONE,ABD29197.1,CP000253.1,,,
gyrA_E88A,gyrA,DNA gyrase subunit A GyrA,core,AMR,POINT,QUINOLONE,QUINOLONE,ABD29197.1,CP000253.1,21996946,,
gyrA_E88G,gyrA,DNA gyrase subunit A GyrA,core,AMR,POINT,QUINOLONE,QUINOLONE,ABD29197.1,CP000253.1,,,
gyrA_E88K,gyrA,DNA gyrase subunit A GyrA,core,AMR,POINT,QUINOLONE,QUINOLONE,ABD29197.1,CP000253.1,,,
gyrA_E88L,gyrA,DNA gyrase subunit A GyrA,core,AMR,POINT,QUINOLONE,QUINOLONE,ABD29197.1,CP000253.1,,,
gyrA_E88R,gyrA,DNA gyrase subunit A GyrA,core,AMR,POINT,QUINOLONE,QUINOLONE,ABD29197.1,CP000253.1,,,
gyrA_G106D,gyrA,DNA gyrase subunit A GyrA,core,AMR,POINT,QUINOLONE,QUINOLONE,ABD29197.1,CP000253.1,,,
gyrB_I55S,gyrB,DNA topoisomerase (ATP-hydrolyzing) subunit B GyrB,core,AMR,POINT,AMINOCOUMARIN,AMINOCOUMARIN,CAG39033.1,BX571856.1,,,
gyrB_G84S,gyrB,DNA topoisomerase (ATP-hydrolyzing) subunit B GyrB,core,AMR,POINT,AMINOCOUMARIN,AMINOCOUMARIN,CAG39033.1,BX571856.1,,,
gyrB_I101S,gyrB,DNA topoisomerase (ATP-hydrolyzing) subunit B GyrB,core,AMR,POINT,AMINOCOUMARIN,AMINOCOUMARIN,CAG39033.1,BX571856.1,,,
gyrB_S127L,gyrB,DNA topoisomerase (ATP-hydrolyzing) subunit B GyrB,core,AMR,POINT,AMINOCOUMARIN,AMINOCOUMARIN,CAG39033.1,BX571856.1,,,
gyrB_R143I,gyrB,DNA topoisomerase (ATP-hydrolyzing) subunit B GyrB,core,AMR,POINT,AMINOCOUMARIN,AMINOCOUMARIN,CAG39033.1,BX571856.1,,,
gyrB_R143S,gyrB,DNA topoisomerase (ATP-hydrolyzing) subunit B GyrB,core,AMR,POINT,AMINOCOUMARIN,AMINOCOUMARIN,CAG39033.1,BX571856.1,,,
gyrB_T172A,gyrB,DNA topoisomerase (ATP-hydrolyzing) subunit B GyrB,core,AMR,POINT,AMINOCOUMARIN,AMINOCOUMARIN,CAG39033.1,BX571856.1,,,
gyrB_D436N,gyrB,DNA topoisomerase (ATP-hydrolyzing) subunit B GyrB,core,AMR,POINT,QUINOLONE,QUINOLONE,CAG39033.1,BX571856.1,,,
gyrB_E476D,gyrB,DNA topoisomerase (ATP-hydrolyzing) subunit B GyrB,core,AMR,POINT,QUINOLONE,QUINOLONE,CAG39033.1,BX571856.1,,,
ileS_H67Q,ileS,isoleucine--tRNA ligase IleS,core,AMR,POINT,MUPIROCIN,MUPIROCIN,AIO20795.1,CP009361.1,,,
ileS_F563L,ileS,isoleucine--tRNA ligase IleS,core,AMR,POINT,MUPIROCIN,MUPIROCIN,AIO20795.1,CP009361.1,,,
ileS_V588F,ileS,isoleucine--tRNA ligase IleS,core,AMR,POINT,MUPIROCIN,MUPIROCIN,AIO20795.1,CP009361.1,,,
ileS_G593V,ileS,isoleucine--tRNA ligase IleS,core,AMR,POINT,MUPIROCIN,MUPIROCIN,AIO20795.1,CP009361.1,,,
ileS_V631F,ileS,isoleucine--tRNA ligase IleS,core,AMR,POINT,MUPIROCIN,MUPIROCIN,AIO20795.1,CP009361.1,,,
ileS_R816C,ileS,isoleucine--tRNA ligase IleS,core,AMR,POINT,MUPIROCIN,MUPIROCIN,AIO20795.1,CP009361.1,,,
mepR_Q18P,mepR,multidrug efflux transporter transcriptional repressor MepR,core,AMR,POINT,TETRACYCLINE,TIGECYCLINE,BAB41546.1,BA000018.3,"23749979,2398207",,
mepR_F27L,mepR,multidrug efflux transporter transcriptional repressor MepR,core,AMR,POINT,TETRACYCLINE,TIGECYCLINE,BAB41546.1,BA000018.3,23749979,,
mepR_G97E,mepR,multidrug efflux transporter transcriptional repressor MepR,core,AMR,POINT,TETRACYCLINE,TIGECYCLINE,BAB41546.1,BA000018.3,23749979,,
mepR_A103V,mepR,multidrug efflux transporter transcriptional repressor MepR,core,AMR,POINT,TETRACYCLINE,TIGECYCLINE,BAB41546.1,BA000018.3,"17576828,2374998",,
mprF_G61V,mprF,bifunctional lysylphosphatidylglycerol flippase/synthetase MprF,core,AMR,POINT,LIPOPEPTIDE,DAPTOMYCIN,AAW36644.1,CP000046.1,,,
mprF_S295L,mprF,bifunctional lysylphosphatidylglycerol flippase/synthetase MprF,core,AMR,POINT,LIPOPEPTIDE,DAPTOMYCIN,AAW36644.1,CP000046.1,33796088,,
mprF_P314L,mprF,bifunctional lysylphosphatidylglycerol flippase/synthetase MprF,core,AMR,POINT,LIPOPEPTIDE,DAPTOMYCIN,AAW36644.1,CP000046.1,,,
mprF_S337L,mprF,bifunctional lysylphosphatidylglycerol flippase/synthetase MprF,core,AMR,POINT,LIPOPEPTIDE,DAPTOMYCIN,AAW36644.1,CP000046.1,33796088,,
mprF_L341S,mprF,bifunctional lysylphosphatidylglycerol flippase/synthetase MprF,core,AMR,POINT,LIPOPEPTIDE,DAPTOMYCIN,AAW36644.1,CP000046.1,,,
mprF_T345A,mprF,bifunctional lysylphosphatidylglycerol flippase/synthetase MprF,core,AMR,POINT,LIPOPEPTIDE,DAPTOMYCIN,AAW36644.1,CP000046.1,,,
mprF_T345I,mprF,bifunctional lysylphosphatidylglycerol flippase/synthetase MprF,core,AMR,POINT,LIPOPEPTIDE,DAPTOMYCIN,AAW36644.1,CP000046.1,33796088,,
mprF_T345K,mprF,bifunctional lysylphosphatidylglycerol flippase/synthetase MprF,core,AMR,POINT,LIPOPEPTIDE,DAPTOMYCIN,AAW36644.1,CP000046.1,,,
mprF_M347R,mprF,bifunctional lysylphosphatidylglycerol flippase/synthetase MprF,core,AMR,POINT,LIPOPEPTIDE,DAPTOMYCIN,AAW36644.1,CP000046.1,,,
mprF_V351E,mprF,bifunctional lysylphosphatidylglycerol flippase/synthetase MprF,core,AMR,POINT,LIPOPEPTIDE,DAPTOMYCIN,AAW36644.1,CP000046.1,,,
mprF_I420N,mprF,bifunctional lysylphosphatidylglycerol flippase/synthetase MprF,core,AMR,POINT,LIPOPEPTIDE,DAPTOMYCIN,AAW36644.1,CP000046.1,33796088,,
mprF_L431F,mprF,bifunctional lysylphosphatidylglycerol flippase/synthetase MprF,core,AMR,POINT,GLYCOPEPTIDE/LIPOPEPTIDE,DAPTOMYCIN/VANCOMYCIN,AAW36644.1,CP000046.1,29887848,,
mprF_T472K,mprF,bifunctional lysylphosphatidylglycerol flippase/synthetase MprF,core,AMR,POINT,LIPOPEPTIDE,DAPTOMYCIN,AAW36644.1,CP000046.1,,,
mprF_L826F,mprF,bifunctional lysylphosphatidylglycerol flippase/synthetase MprF,core,AMR,POINT,LIPOPEPTIDE,DAPTOMYCIN,AAW36644.1,CP000046.1,33796088,,
mprF_S829L,mprF,bifunctional lysylphosphatidylglycerol flippase/synthetase MprF,core,AMR,POINT,LIPOPEPTIDE,DAPTOMYCIN,AAW36644.1,CP000046.1,30459746,,
murA_L42Ter,murA,UDP-N-acetylglucosamine 1-carboxyvinyltransferase MurA,core,AMR,POINT,FOSFOMYCIN,FOSFOMYCIN,AAW37053.1,CP000046.1,26793179,,
murA_V65A,murA,UDP-N-acetylglucosamine 1-carboxyvinyltransferase MurA,core,AMR,POINT,FOSFOMYCIN,FOSFOMYCIN,AAW37053.1,CP000046.1,,,
murA_G257D,murA,UDP-N-acetylglucosamine 1-carboxyvinyltransferase MurA,core,AMR,POINT,FOSFOMYCIN,FOSFOMYCIN,AAW37053.1,CP000046.1,,,
murA_D278E,murA,UDP-N-acetylglucosamine 1-carboxyvinyltransferase MurA,core,AMR,POINT,FOSFOMYCIN,FOSFOMYCIN,AAW37053.1,CP000046.1,,,
murA_E291D,murA,UDP-N-acetylglucosamine 1-carboxyvinyltransferase MurA,core,AMR,POINT,FOSFOMYCIN,FOSFOMYCIN,AAW37053.1,CP000046.1,,,
murA_Q362R,murA,UDP-N-acetylglucosamine 1-carboxyvinyltransferase MurA,core,AMR,POINT,FOSFOMYCIN,FOSFOMYCIN,AAW37053.1,CP000046.1,,,
murA_T396N,murA,UDP-N-acetylglucosamine 1-carboxyvinyltransferase MurA,core,AMR,POINT,FOSFOMYCIN,FOSFOMYCIN,AAW37053.1,CP000046.1,,,
parC_S80F,parC,DNA topoisomerase IV subunit A ParC,core,AMR,POINT,QUINOLONE,QUINOLONE,AIO20977.1,CP009361.1,,,
parC_S80Y,parC,DNA topoisomerase IV subunit A ParC,core,AMR,POINT,QUINOLONE,QUINOLONE,AIO20977.1,CP009361.1,,,
parC_Y83N,parC,DNA topoisomerase IV subunit A ParC,core,AMR,POINT,QUINOLONE,QUINOLONE,AIO20977.1,CP009361.1,,,
parC_E84G,parC,DNA topoisomerase IV subunit A ParC,core,AMR,POINT,QUINOLONE,QUINOLONE,AIO20977.1,CP009361.1,,,
parC_E84K,parC,DNA topoisomerase IV subunit A ParC,core,AMR,POINT,QUINOLONE,QUINOLONE,AIO20977.1,CP009361.1,,,
parC_E84L,parC,DNA topoisomerase IV subunit A ParC,core,AMR,POINT,QUINOLONE,QUINOLONE,AIO20977.1,CP009361.1,,,
parC_E84V,parC,DNA topoisomerase IV subunit A ParC,core,AMR,POINT,QUINOLONE,QUINOLONE,AIO20977.1,CP009361.1,,,
parC_A116E,parC,DNA topoisomerase IV subunit A ParC,core,AMR,POINT,QUINOLONE,QUINOLONE,AIO20977.1,CP009361.1,,,
parC_A116V,parC,DNA topoisomerase IV subunit A ParC,core,AMR,POINT,QUINOLONE,QUINOLONE,AIO20977.1,CP009361.1,,,
parE_G78S,parE,DNA topoisomerase IV subunit B ParE,core,AMR,POINT,AMINOCOUMARIN,AMINOCOUMARIN,AVG68064.1,CP026964.1,,,
parE_R136G,parE,DNA topoisomerase IV subunit B ParE,core,AMR,POINT,AMINOCOUMARIN,AMINOCOUMARIN,AVG68064.1,CP026964.1,,,
parE_D432H,parE,DNA topoisomerase IV subunit B ParE,core,AMR,POINT,QUINOLONE,QUINOLONE,AVG68064.1,CP026964.1,21996946,,
parE_D432N,parE,DNA topoisomerase IV subunit B ParE,core,AMR,POINT,QUINOLONE,QUINOLONE,AVG68064.1,CP026964.1,21996946,,
parE_D432V,parE,DNA topoisomerase IV subunit B ParE,core,AMR,POINT,QUINOLONE,QUINOLONE,AVG68064.1,CP026964.1,,,
parE_D443E,parE,DNA topoisomerase IV subunit B ParE,core,AMR,POINT,QUINOLONE,QUINOLONE,AVG68064.1,CP026964.1,,,
parE_R444S,parE,DNA topoisomerase IV subunit B ParE,core,AMR,POINT,QUINOLONE,QUINOLONE,AVG68064.1,CP026964.1,,,
parE_P451S,parE,DNA topoisomerase IV subunit B ParE,core,AMR,POINT,QUINOLONE,QUINOLONE,AVG68064.1,CP026964.1,,,
parE_N470S,parE,DNA topoisomerase IV subunit B ParE,core,AMR,POINT,QUINOLONE,QUINOLONE,AVG68064.1,CP026964.1,,,
parE_P585S,parE,DNA topoisomerase IV subunit B ParE,core,AMR,POINT,QUINOLONE,QUINOLONE,AVG68064.1,CP026964.1,21996946,,
pbp2_S569A,pbp2,penicillin-binding protein PBP2,core,AMR,POINT,BETA-LACTAM,CEPHALOSPORIN,AAX13704.1,AY920400.1,,,
pbp4_T-266A,pbp4,D-alanyl-D-alanine carboxypeptidase PBP4 promoter region,core,AMR,POINT,BETA-LACTAM,CEPHALOSPORIN,,RIXR01000001.1,34151961,,
pbp4_E183A,pbp4,D-alanyl-D-alanine carboxypeptidase PBP4,core,AMR,POINT,BETA-LACTAM,CEPHALOSPORIN,RNG97442.1,RIXR01000001.1,20805396,,
pbp4_R200L,pbp4,D-alanyl-D-alanine carboxypeptidase PBP4,core,AMR,POINT,BETA-LACTAM,CEPHALOSPORIN,RNG97442.1,RIXR01000001.1,34151961,,
pbp4_E218K,pbp4,D-alanyl-D-alanine carboxypeptidase PBP4,core,AMR,POINT,BETA-LACTAM,CEPHALOSPORIN,RNG97442.1,RIXR01000001.1,34151961,,
pbp4_F241R,pbp4,D-alanyl-D-alanine carboxypeptidase PBP4,core,AMR,POINT,BETA-LACTAM,CEPHALOSPORIN,RNG97442.1,RIXR01000001.1,20805396,,
pgsA_V59N,pgsA,CDP-diacylglycerol--glycerol-3-phosphate 3-phosphatidyltransferase PgsA,core,AMR,POINT,LIPOPEPTIDE,DAPTOMYCIN,BAB95031.1,BA000033.2,,,
pgsA_A64V,pgsA,CDP-diacylglycerol--glycerol-3-phosphate 3-phosphatidyltransferase PgsA,core,AMR,POINT,LIPOPEPTIDE,DAPTOMYCIN,BAB95031.1,BA000033.2,,,
pgsA_K66R,pgsA,CDP-diacylglycerol--glycerol-3-phosphate 3-phosphatidyltransferase PgsA,core,AMR,POINT,LIPOPEPTIDE,DAPTOMYCIN,BAB95031.1,BA000033.2,,,
pgsA_S177F,pgsA,CDP-diacylglycerol--glycerol-3-phosphate 3-phosphatidyltransferase PgsA,core,AMR,POINT,LIPOPEPTIDE,DAPTOMYCIN,BAB95031.1,BA000033.2,,,
rplC_G139R,rplC,50S ribosomal protein L3,core,AMR,POINT,OXAZOLIDINONE,LINEZOLID,CCG16860.1,HE681097.1,,,
rplC_S145del,rplC,50S ribosomal protein L3,core,AMR,POINT,OXAZOLIDINONE,LINEZOLID,CCG16860.1,HE681097.1,,,
rplC_G152D,rplC,50S ribosomal protein L3,core,AMR,POINT,OXAZOLIDINONE,LINEZOLID,CCG16860.1,HE681097.1,,,
rplC_G155R,rplC,50S ribosomal protein L3,core,AMR,POINT,OXAZOLIDINONE,LINEZOLID,CCG16860.1,HE681097.1,,,
rplC_M169L,rplC,50S ribosomal protein L3,core,AMR,POINT,OXAZOLIDINONE,LINEZOLID,CCG16860.1,HE681097.1,,,
rpoB_S463N,rpoB,DNA-directed RNA polymerase subunit beta RpoB,core,AMR,POINT,RIFAMYCIN,RIFAMPIN,CAG39568.1,BX571856.1,,,
rpoB_S463P,rpoB,DNA-directed RNA polymerase subunit beta RpoB,core,AMR,POINT,RIFAMYCIN,RIFAMPIN,CAG39568.1,BX571856.1,,,
rpoB_S464P,rpoB,DNA-directed RNA polymerase subunit beta RpoB,core,AMR,POINT,RIFAMYCIN,RIFAMPIN,CAG39568.1,BX571856.1,12384339,,
rpoB_Q465K,rpoB,DNA-directed RNA polymerase subunit beta RpoB,core,AMR,POINT,RIFAMYCIN,RIFAMPIN,CAG39568.1,BX571856.1,,,
rpoB_Q465R,rpoB,DNA-directed RNA polymerase subunit beta RpoB,core,AMR,POINT,RIFAMYCIN,RIFAMPIN,CAG39568.1,BX571856.1,,,
rpoB_L466S,rpoB,DNA-directed RNA polymerase subunit beta RpoB,core,AMR,POINT,RIFAMYCIN,RIFAMPIN,CAG39568.1,BX571856.1,29404415,,
rpoB_Q468I,rpoB,DNA-directed RNA polymerase subunit beta RpoB,core,AMR,POINT,RIFAMYCIN,RIFAMPIN,CAG39568.1,BX571856.1,,,
rpoB_Q468K,rpoB,DNA-directed RNA polymerase subunit beta RpoB,core,AMR,POINT,RIFAMYCIN,RIFAMPIN,CAG39568.1,BX571856.1,,,
rpoB_Q468L,rpoB,DNA-directed RNA polymerase subunit beta RpoB,core,AMR,POINT,RIFAMYCIN,RIFAMPIN,CAG39568.1,BX571856.1,12384339,,
rpoB_Q468R,rpoB,DNA-directed RNA polymerase subunit beta RpoB,core,AMR,POINT,RIFAMYCIN,RIFAMPIN,CAG39568.1,BX571856.1,12384339,,
rpoB_M470T,rpoB,DNA-directed RNA polymerase subunit beta RpoB,core,AMR,POINT,RIFAMYCIN,RIFAMPIN,CAG39568.1,BX571856.1,,,
rpoB_D471E,rpoB,DNA-directed RNA polymerase subunit beta RpoB,core,AMR,POINT,RIFAMYCIN,RIFAMPIN,CAG39568.1,BX571856.1,12384339,,
rpoB_D471G,rpoB,DNA-directed RNA polymerase subunit beta RpoB,core,AMR,POINT,RIFAMYCIN,RIFAMPIN,CAG39568.1,BX571856.1,12384339,,
rpoB_D471Y,rpoB,DNA-directed RNA polymerase subunit beta RpoB,core,AMR,POINT,RIFAMYCIN,RIFAMPIN,CAG39568.1,BX571856.1,12384339,,
rpoB_A473T,rpoB,DNA-directed RNA polymerase subunit beta RpoB,core,AMR,POINT,RIFAMYCIN,RIFAMPIN,CAG39568.1,BX571856.1,,,
rpoB_N474K,rpoB,DNA-directed RNA polymerase subunit beta RpoB,core,AMR,POINT,RIFAMYCIN,RIFAMPIN,CAG39568.1,BX571856.1,,,
rpoB_N474KG,rpoB,DNA-directed RNA polymerase subunit beta RpoB,core,AMR,POINT,RIFAMYCIN,RIFAMPIN,CAG39568.1,BX571856.1,,,
rpoB_N474L,rpoB,DNA-directed RNA polymerase subunit beta RpoB,core,AMR,POINT,RIFAMYCIN,RIFAMPIN,CAG39568.1,BX571856.1,12384339,,
rpoB_N474NH,rpoB,DNA-directed RNA polymerase subunit beta RpoB,core,AMR,POINT,RIFAMYCIN,RIFAMPIN,CAG39568.1,BX571856.1,,,
rpoB_A477D,rpoB,DNA-directed RNA polymerase subunit beta RpoB,core,AMR,POINT,RIFAMYCIN,RIFAMPIN,CAG39568.1,BX571856.1,12384339,,
rpoB_A477G,rpoB,DNA-directed RNA polymerase subunit beta RpoB,core,AMR,POINT,RIFAMYCIN,RIFAMPIN,CAG39568.1,BX571856.1,,,
rpoB_A477T,rpoB,DNA-directed RNA polymerase subunit beta RpoB,core,AMR,POINT,RIFAMYCIN,RIFAMPIN,CAG39568.1,BX571856.1,,,
rpoB_A477V,rpoB,DNA-directed RNA polymerase subunit beta RpoB,core,AMR,POINT,BETA-LACTAM/RIFAMYCIN,BETA-LACTAM/RIFAMPIN,CAG39568.1,BX571856.1,"12384339,2632427",,
rpoB_H481D,rpoB,DNA-directed RNA polymerase subunit beta RpoB,core,AMR,POINT,RIFAMYCIN,RIFAMPIN,CAG39568.1,BX571856.1,,,
rpoB_H481N,rpoB,DNA-directed RNA polymerase subunit beta RpoB,core,AMR,POINT,RIFAMYCIN,RIFAMPIN,CAG39568.1,BX571856.1,12384339,,
rpoB_H481Y,rpoB,DNA-directed RNA polymerase subunit beta RpoB,core,AMR,POINT,RIFAMYCIN,RIFAMPIN,CAG39568.1,BX571856.1,12384339,,
rpoB_R484C,rpoB,DNA-directed RNA polymerase subunit beta RpoB,core,AMR,POINT,RIFAMYCIN,RIFAMPIN,CAG39568.1,BX571856.1,,,
rpoB_R484H,rpoB,DNA-directed RNA polymerase subunit beta RpoB,core,AMR,POINT,RIFAMYCIN,RIFAMPIN,CAG39568.1,BX571856.1,12384339,,
rpoB_S486L,rpoB,DNA-directed RNA polymerase subunit beta RpoB,core,AMR,POINT,RIFAMYCIN,RIFAMPIN,CAG39568.1,BX571856.1,12384339,,
rpoB_I527F,rpoB,DNA-directed RNA polymerase subunit beta RpoB,core,AMR,POINT,RIFAMYCIN,RIFAMPIN,CAG39568.1,BX571856.1,12384339,,
rpoB_I527L,rpoB,DNA-directed RNA polymerase subunit beta RpoB,core,AMR,POINT,RIFAMYCIN,RIFAMPIN,CAG39568.1,BX571856.1,,,
rpoB_I527M,rpoB,DNA-directed RNA polymerase subunit beta RpoB,core,AMR,POINT,RIFAMYCIN,RIFAMPIN,CAG39568.1,BX571856.1,,,
rpoB_S529L,rpoB,DNA-directed RNA polymerase subunit beta RpoB,core,AMR,POINT,RIFAMYCIN,RIFAMPIN,CAG39568.1,BX571856.1,29404415,,
rpoB_D550G,rpoB,DNA-directed RNA polymerase subunit beta RpoB,core,AMR,POINT,RIFAMYCIN,RIFAMPIN,CAG39568.1,BX571856.1,,,
rpoB_A621E,rpoB,DNA-directed RNA polymerase subunit beta RpoB,core,AMR,POINT,LIPOPEPTIDE,DAPTOMYCIN,CAG39568.1,BX571856.1,,,
rpoB_G639C,rpoB,DNA-directed RNA polymerase subunit beta RpoB,core,AMR,POINT,BETA-LACTAM,BETA-LACTAM,CAG39568.1,BX571856.1,32706832,,
rpoB_Q643P,rpoB,DNA-directed RNA polymerase subunit beta RpoB,core,AMR,POINT,BETA-LACTAM,BETA-LACTAM,CAG39568.1,BX571856.1,32706832,,
rpoB_R644H,rpoB,DNA-directed RNA polymerase subunit beta RpoB,core,AMR,POINT,BETA-LACTAM,BETA-LACTAM,CAG39568.1,BX571856.1,23877693,,
rpoB_H929Q,rpoB,DNA-directed RNA polymerase subunit beta RpoB,core,AMR,POINT,BETA-LACTAM,BETA-LACTAM,CAG39568.1,BX571856.1,32706832,,
rpoB_D949H,rpoB,DNA-directed RNA polymerase subunit beta RpoB,core,AMR,POINT,BETA-LACTAM,BETA-LACTAM,CAG39568.1,BX571856.1,32706832,,
rpoB_I953S,rpoB,DNA-directed RNA polymerase subunit beta RpoB,core,AMR,POINT,LIPOPEPTIDE,DAPTOMYCIN,CAG39568.1,BX571856.1,,,
rpoB_N967I,rpoB,DNA-directed RNA polymerase subunit beta RpoB,core,AMR,POINT,BETA-LACTAM,BETA-LACTAM,CAG39568.1,BX571856.1,23877693,,
rpoB_A1085V,rpoB,DNA-directed RNA polymerase subunit beta RpoB,core,AMR,POINT,LIPOPEPTIDE,DAPTOMYCIN,CAG39568.1,BX571856.1,,,
rpoB_G1139D,rpoB,DNA-directed RNA polymerase subunit beta RpoB,core,AMR,POINT,BETA-LACTAM,BETA-LACTAM,CAG39568.1,BX571856.1,32706832,,
rpoC_F632S,rpoC,DNA-directed RNA polymerase subunit beta RpoC,core,AMR,POINT,LIPOPEPTIDE,DAPTOMYCIN,CAG39569.1,BX571856.1,,,
rpoC_A738T,rpoC,DNA-directed RNA polymerase subunit beta RpoC,core,AMR,POINT,BETA-LACTAM,BETA-LACTAM,CAG39569.1,BX571856.1,32706832,,
rpoC_R739S,rpoC,DNA-directed RNA polymerase subunit beta RpoC,core,AMR,POINT,BETA-LACTAM,BETA-LACTAM,CAG39569.1,BX571856.1,32706832,,
rpoC_G740R,rpoC,DNA-directed RNA polymerase subunit beta RpoC,core,AMR,POINT,BETA-LACTAM,BETA-LACTAM,CAG39569.1,BX571856.1,32706832,,
rpoC_S852Y,rpoC,DNA-directed RNA polymerase subunit beta RpoC,core,AMR,POINT,BETA-LACTAM,BETA-LACTAM,CAG39569.1,BX571856.1,32706832,,
rpoC_E933Q,rpoC,DNA-directed RNA polymerase subunit beta RpoC,core,AMR,POINT,BETA-LACTAM,BETA-LACTAM,CAG39569.1,BX571856.1,32706832,,
rpoC_G950R,rpoC,DNA-directed RNA polymerase subunit beta RpoC,core,AMR,POINT,BETA-LACTAM,BETA-LACTAM,CAG39569.1,BX571856.1,32706832,,
rpoC_Q961K,rpoC,DNA-directed RNA polymerase subunit beta RpoC,core,AMR,POINT,LIPOPEPTIDE,DAPTOMYCIN,CAG39569.1,BX571856.1,,,
rpoC_I1084F,rpoC,DNA-directed RNA polymerase subunit beta RpoC,core,AMR,POINT,BETA-LACTAM,BETA-LACTAM,CAG39569.1,BX571856.1,32706832,,
rpsJ_HKYK56del,rpsJ,30S ribosomal protein S10,core,AMR,POINT,TETRACYCLINE,TIGECYCLINE,ADC86919.1,CP001837.1,29084741,,
rpsJ_K57M,rpsJ,30S ribosomal protein S10,core,AMR,POINT,TETRACYCLINE,TIGECYCLINE,ADC86919.1,CP001837.1,33588015,,
rpsJ_K57Q,rpsJ,30S ribosomal protein S10,core,AMR,POINT,TETRACYCLINE,TIGECYCLINE,ADC86919.1,CP001837.1,33588015,,
rpsJ_KY57MF,rpsJ,30S ribosomal protein S10,core,AMR,POINT,TETRACYCLINE,TIGECYCLINE,ADC86919.1,CP001837.1,"29038088,2908474",,
rpsJ_Y58D,rpsJ,30S ribosomal protein S10,core,AMR,POINT,TETRACYCLINE,TIGECYCLINE,ADC86919.1,CP001837.1,37287125,,
uhpT_G112E,uhpT,hexose phosphate transporter UhpT,core,AMR,POINT,FOSFOMYCIN,FOSFOMYCIN,CAG39240.1,BX571856.1,,,
uhpT_W228Ter,uhpT,hexose phosphate transporter UhpT,core,AMR,POINT,FOSFOMYCIN,FOSFOMYCIN,CAG39240.1,BX571856.1,,,
uhpT_Y314Ter,uhpT,hexose phosphate transporter UhpT,core,AMR,POINT,FOSFOMYCIN,FOSFOMYCIN,CAG39240.1,BX571856.1,,,
uhpT_G358V,uhpT,hexose phosphate transporter UhpT,core,AMR,POINT,FOSFOMYCIN,FOSFOMYCIN,CAG39240.1,BX571856.1,,,
uhpT_W425R,uhpT,hexose phosphate transporter UhpT,core,AMR,POINT,FOSFOMYCIN,FOSFOMYCIN,CAG39240.1,BX571856.1,,,
vraS_T331I,vraS,sensor histidine kinase VraS,core,AMR,POINT,GLYCOPEPTIDE/LIPOPEPTIDE,DAPTOMYCIN/VANCOMYCIN,AAW38384.1,CP000046.1,"29887848,30459746,40233945",,
walK_L10F,walK,cell wall metabolism sensor histidine kinase WalK,core,AMR,POINT,LIPOPEPTIDE,DAPTOMYCIN,CAG39047.1,BX571856.1,,,
walK_S221P,walK,cell wall metabolism sensor histidine kinase WalK,core,AMR,POINT,LIPOPEPTIDE,DAPTOMYCIN,CAG39047.1,BX571856.1,,,
walK_R263C,walK,cell wall metabolism sensor histidine kinase WalK,core,AMR,POINT,LIPOPEPTIDE,DAPTOMYCIN,CAG39047.1,BX571856.1,,,
rpoB_L466S,rpoB,DNA-directed RNA polymerase subunit beta RpoB,core,AMR,POINT,RIFAMYCIN,RIFAMPIN,AAO03903.1,AE015929.1,39913260,,
rpoB_Q468K,rpoB,DNA-directed RNA polymerase subunit beta RpoB,core,AMR,POINT,RIFAMYCIN,RIFAMPIN,AAO03903.1,AE015929.1,29287710,,
rpoB_Q468L,rpoB,DNA-directed RNA polymerase subunit beta RpoB,core,AMR,POINT,RIFAMYCIN,RIFAMPIN,AAO03903.1,AE015929.1,39913260,,
rpoB_D471E,rpoB,DNA-directed RNA polymerase subunit beta RpoB,core,AMR,POINT,GLYCOPEPTIDE/RIFAMPIN,RIFAMPIN/TEICOPLANIN/VANCOMYCIN,AAO03903.1,AE015929.1,"30177740,3991326",,
rpoB_H481C,rpoB,DNA-directed RNA polymerase subunit beta RpoB,core,AMR,POINT,RIFAMYCIN,RIFAMPIN,AAO03903.1,AE015929.1,39913260,,
rpoB_H481N,rpoB,DNA-directed RNA polymerase subunit beta RpoB,core,AMR,POINT,RIFAMYCIN,RIFAMPIN,AAO03903.1,AE015929.1,34589061,,
rpoB_H481Y,rpoB,DNA-directed RNA polymerase subunit beta RpoB,core,AMR,POINT,RIFAMYCIN,RIFAMPIN,AAO03903.1,AE015929.1,29287710,,
rpoB_S486F,rpoB,DNA-directed RNA polymerase subunit beta RpoB,core,AMR,POINT,RIFAMYCIN,RIFAMPIN,AAO03903.1,AE015929.1,31451499,,
rpoB_S486Y,rpoB,DNA-directed RNA polymerase subunit beta RpoB,core,AMR,POINT,RIFAMYCIN,RIFAMPIN,AAO03903.1,AE015929.1,31451499,,
rpoB_I527M,rpoB,DNA-directed RNA polymerase subunit beta RpoB,core,AMR,POINT,GLYCOPEPTIDE/RIFAMPIN,RIFAMPIN/TEICOPLANIN/VANCOMYCIN,AAO03903.1,AE015929.1,"30177740,3991326",,
rpoB_S529L,rpoB,DNA-directed RNA polymerase subunit beta RpoB,core,AMR,POINT,RIFAMYCIN,RIFAMPIN,AAO03903.1,AE015929.1,39913260,,
grlA_S80I,grlA,DNA topoisomerase GrlA,core,AMR,POINT,QUINOLONE,QUINOLONE,CAK18888.1,AM262970.1,18305127,,
grlA_S80R,grlA,DNA topoisomerase GrlA,core,AMR,POINT,QUINOLONE,QUINOLONE,CAK18888.1,AM262970.1,18305127,,
grlA_D84G,grlA,DNA topoisomerase GrlA,core,AMR,POINT,QUINOLONE,QUINOLONE,CAK18888.1,AM262970.1,18305127,,
grlA_D84H,grlA,DNA topoisomerase GrlA,core,AMR,POINT,QUINOLONE,QUINOLONE,CAK18888.1,AM262970.1,18305127,,
grlA_D84N,grlA,DNA topoisomerase GrlA,core,AMR,POINT,QUINOLONE,QUINOLONE,CAK18888.1,AM262970.1,18305127,,
grlA_D84Y,grlA,DNA topoisomerase GrlA,core,AMR,POINT,QUINOLONE,QUINOLONE,CAK18888.1,AM262970.1,18305127,,
gyrA_S84A,gyrA,DNA gyrase subunit A GyrA,core,AMR,POINT,QUINOLONE,QUINOLONE,PNZ22052.1,PPRB01000023.1,18305127,,
gyrA_S84L,gyrA,DNA gyrase subunit A GyrA,core,AMR,POINT,QUINOLONE,QUINOLONE,PNZ22052.1,PPRB01000023.1,18305127,,
gyrA_S84W,gyrA,DNA gyrase subunit A GyrA,core,AMR,POINT,QUINOLONE,QUINOLONE,PNZ22052.1,PPRB01000023.1,18305127,,
gyrA_S85A,gyrA,DNA gyrase subunit A GyrA,core,AMR,POINT,QUINOLONE,QUINOLONE,PNZ22052.1,PPRB01000023.1,18305127,,
gyrA_E88G,gyrA,DNA gyrase subunit A GyrA,core,AMR,POINT,QUINOLONE,QUINOLONE,PNZ22052.1,PPRB01000023.1,18305127,,
gyrA_E88K,gyrA,DNA gyrase subunit A GyrA,core,AMR,POINT,QUINOLONE,QUINOLONE,PNZ22052.1,PPRB01000023.1,18305127,,
rpoB_A473AA,rpoB,DNA-directed RNA polymerase subunit beta RpoB,core,AMR,POINT,RIFAMYCIN,RIFAMPIN,PNZ17473.1,PPRB01000139.1,18305127,,
rpoB_H481Y,rpoB,DNA-directed RNA polymerase subunit beta RpoB,core,AMR,POINT,RIFAMYCIN,RIFAMPIN,PNZ17473.1,PPRB01000139.1,18305127,,
rpoB_S486L,rpoB,DNA-directed RNA polymerase subunit beta RpoB,core,AMR,POINT,RIFAMYCIN,RIFAMPIN,PNZ17473.1,PPRB01000139.1,18305127,,
pbp2x_Q557E,pbp2x,penicillin-binding protein 2X,core,AMR,POINT,BETA-LACTAM,BETA-LACTAM,AKI56768.1,CP010319.1,18541727,,
23S_A2114G,23S,23S ribosomal RNA,core,AMR,POINT,MACROLIDE,MACROLIDE,,CP018347.1,10898684,,
23S_A2115G,23S,23S ribosomal RNA,core,AMR,POINT,MACROLIDE,MACROLIDE,,CP018347.1,10898684,,
23S_A2118G,23S,23S ribosomal RNA,core,AMR,POINT,MACROLIDE/STREPTOGRAMIN,MACROLIDE/STREPTOGRAMIN,,CP018347.1,11120988,,
23S_C2630A,23S,23S ribosomal RNA,core,AMR,POINT,MACROLIDE,MACROLIDE,,CP018347.1,10898684,,
23S_C2630G,23S,23S ribosomal RNA,core,AMR,POINT,MACROLIDE,MACROLIDE,,CP018347.1,10898684,,
cdsA_D222N,cdsA,phosphatidate cytidylyltransferase CdsA,core,AMR,POINT,LIPOPEPTIDE,DAPTOMYCIN,AQA08261.1,CP019562.1,28115347,,
parC_S79F,parC,DNA topoisomerase IV subunit A ParC,core,AMR,POINT,QUINOLONE,QUINOLONE,CTF80544.1,CNUN02000060.1,8913454,,
parC_S79Y,parC,DNA topoisomerase IV subunit A ParC,core,AMR,POINT,QUINOLONE,QUINOLONE,CTF80544.1,CNUN02000060.1,8913454,,
parC_D83H,parC,DNA topoisomerase IV subunit A ParC,core,AMR,POINT,QUINOLONE,QUINOLONE,CTF80544.1,CNUN02000060.1,8913454,,
rplD_WR65del,rplD,50S ribosomal protein L4,core,AMR,POINT,MACROLIDE/OXAZOLIDINONE/PHENICOL,AZITHROMYCIN/CHLORAMPHENICOL/CLARITHROMYCIN/ERYTHROMYCIN/LINEZOLID,CAG5729792.1,CAJRQK010000002.1,16048983,,
rplD_KG68del,rplD,50S ribosomal protein L4,core,AMR,POINT,MACROLIDE/OXAZOLIDINONE/PHENICOL,AZITHROMYCIN/CHLORAMPHENICOL/CLARITHROMYCIN/ERYTHROMYCIN/LINEZOLID,CAG5729792.1,CAJRQK010000002.1,16048983,,
folP_F25I,folP,dihydropteroate synthase FolP,core,AMR,POINT,SULFONAMIDE,SULFONAMIDE,AAL97684.1,AE009949.1,9593127,,
folP_R213G,folP,dihydropteroate synthase FolP,core,AMR,POINT,SULFONAMIDE,SULFONAMIDE,AAL97684.1,AE009949.1,"12820799,1450605",,
pbp2x_P601L,pbp2x,penicillin-binding protein 2X,core,AMR,POINT,BETA-LACTAM,BETA-LACTAM,AKZ52543.1,CP010450.1,31996443,,
gyrA_S83I,gyrA,DNA gyrase subunit A GyrA,core,AMR,POINT,QUINOLONE,QUINOLONE,EEO12360.1,ACHY01000018.1,12121955,,
gyrA_D87N,gyrA,DNA gyrase subunit A GyrA,core,AMR,POINT,QUINOLONE,QUINOLONE,EEO12360.1,ACHY01000018.1,23643392,,
parC_S85I,parC,DNA topoisomerase IV subunit A ParC,core,AMR,POINT,QUINOLONE,QUINOLONE,EKY32321.1,AIJR01000072.1,24867982,,
parC_S85L,parC,DNA topoisomerase IV subunit A ParC,core,AMR,POINT,QUINOLONE,QUINOLONE,EKY32321.1,AIJR01000072.1,12121955,,
parE_D420N,parE,DNA topoisomerase IV subunit B ParE,core,AMR,POINT,QUINOLONE,QUINOLONE,AFK29135.1,JQ677134.1,23643392,,
parE_P439S,parE,DNA topoisomerase IV subunit B ParE,core,AMR,POINT,QUINOLONE,QUINOLONE,AFK29135.1,JQ677134.1,23643392,,
gyrA_S83F,gyrA,DNA gyrase subunit A GyrA,core,AMR,POINT,QUINOLONE,QUINOLONE,AKU54609.1,CP009982.1,31794931,,
gyrA_S83I,gyrA,DNA gyrase subunit A GyrA,core,AMR,POINT,QUINOLONE,QUINOLONE,AKU54609.1,CP009982.1,10223929,,
parC_S85F,parC,DNA topoisomerase IV subunit A ParC,core,AMR,POINT,QUINOLONE,QUINOLONE,AHI98384.1,CP007004.1,10223929,,
parC_S85L,parC,DNA topoisomerase IV subunit A ParC,core,AMR,POINT,QUINOLONE,QUINOLONE,AHI98384.1,CP007004.1,31794931,,
gyrA_S83I,gyrA,DNA gyrase subunit A GyrA,core,AMR,POINT,QUINOLONE,QUINOLONE,ASC56713.1,CP016321.1,19218407,,
gyrA_S83R,gyrA,DNA gyrase subunit A GyrA,core,AMR,POINT,QUINOLONE,QUINOLONE,ASC56713.1,CP016321.1,19218407,,
parC_S85L,parC,DNA topoisomerase IV subunit A ParC,core,AMR,POINT,QUINOLONE,QUINOLONE,AAO09120.1,AE016795.3,19218407,,
